freq_GHz,S11_dB_flat_0pct,S11_dB_flat_5pct,S11_dB_flat_10pct,S11_dB_flat_15pct,S11_dB_flat_20pct
1.500000,-0.3466,-0.3574,-0.3822,-0.3985,-0.4178
1.502000,-0.3476,-0.3594,-0.3844,-0.4010,-0.4209
1.504000,-0.3487,-0.3614,-0.3866,-0.4036,-0.4240
1.506000,-0.3497,-0.3633,-0.3888,-0.4061,-0.4271
1.508000,-0.3508,-0.3653,-0.3909,-0.4087,-0.4302
1.510000,-0.3519,-0.3673,-0.3931,-0.4113,-0.4333
1.512000,-0.3530,-0.3693,-0.3954,-0.4138,-0.4364
1.514000,-0.3542,-0.3713,-0.3976,-0.4164,-0.4395
1.516000,-0.3553,-0.3733,-0.3998,-0.4190,-0.4426
1.518000,-0.3564,-0.3753,-0.4020,-0.4216,-0.4457
1.520000,-0.3576,-0.3773,-0.4043,-0.4242,-0.4488
1.522000,-0.3588,-0.3793,-0.4065,-0.4268,-0.4519
1.524000,-0.3600,-0.3813,-0.4088,-0.4294,-0.4551
1.526000,-0.3612,-0.3833,-0.4110,-0.4320,-0.4582
1.528000,-0.3624,-0.3853,-0.4133,-0.4346,-0.4613
1.530000,-0.3636,-0.3873,-0.4156,-0.4372,-0.4645
1.532000,-0.3649,-0.3894,-0.4179,-0.4399,-0.4676
1.534000,-0.3661,-0.3914,-0.4202,-0.4425,-0.4707
1.536000,-0.3674,-0.3934,-0.4225,-0.4452,-0.4739
1.538000,-0.3687,-0.3955,-0.4248,-0.4479,-0.4771
1.540000,-0.3700,-0.3975,-0.4271,-0.4505,-0.4802
1.542000,-0.3713,-0.3996,-0.4295,-0.4532,-0.4834
1.544000,-0.3726,-0.4017,-0.4318,-0.4559,-0.4866
1.546000,-0.3740,-0.4037,-0.4342,-0.4586,-0.4898
1.548000,-0.3754,-0.4058,-0.4366,-0.4613,-0.4929
1.550000,-0.3767,-0.4079,-0.4390,-0.4640,-0.4961
1.552000,-0.3781,-0.4100,-0.4414,-0.4668,-0.4994
1.554000,-0.3795,-0.4121,-0.4438,-0.4695,-0.5026
1.556000,-0.3810,-0.4142,-0.4462,-0.4723,-0.5058
1.558000,-0.3824,-0.4163,-0.4486,-0.4751,-0.5090
1.560000,-0.3838,-0.4184,-0.4511,-0.4778,-0.5123
1.562000,-0.3853,-0.4205,-0.4535,-0.4806,-0.5155
1.564000,-0.3868,-0.4226,-0.4560,-0.4834,-0.5188
1.566000,-0.3883,-0.4248,-0.4585,-0.4862,-0.5221
1.568000,-0.3898,-0.4269,-0.4610,-0.4891,-0.5254
1.570000,-0.3914,-0.4291,-0.4635,-0.4919,-0.5287
1.572000,-0.3929,-0.4313,-0.4660,-0.4948,-0.5320
1.574000,-0.3945,-0.4334,-0.4685,-0.4976,-0.5353
1.576000,-0.3961,-0.4356,-0.4711,-0.5005,-0.5387
1.578000,-0.3977,-0.4378,-0.4736,-0.5034,-0.5420
1.580000,-0.3993,-0.4400,-0.4762,-0.5063,-0.5454
1.582000,-0.4009,-0.4422,-0.4788,-0.5093,-0.5488
1.584000,-0.4025,-0.4444,-0.4814,-0.5122,-0.5522
1.586000,-0.4042,-0.4467,-0.4840,-0.5152,-0.5556
1.588000,-0.4059,-0.4489,-0.4867,-0.5181,-0.5590
1.590000,-0.4076,-0.4512,-0.4893,-0.5211,-0.5625
1.592000,-0.4093,-0.4534,-0.4920,-0.5241,-0.5659
1.594000,-0.4110,-0.4557,-0.4947,-0.5272,-0.5694
1.596000,-0.4128,-0.4580,-0.4974,-0.5302,-0.5729
1.598000,-0.4146,-0.4603,-0.5001,-0.5333,-0.5764
1.600000,-0.4164,-0.4626,-0.5028,-0.5363,-0.5799
1.602000,-0.4182,-0.4649,-0.5056,-0.5394,-0.5835
1.604000,-0.4200,-0.4672,-0.5083,-0.5425,-0.5870
1.606000,-0.4218,-0.4695,-0.5111,-0.5457,-0.5906
1.608000,-0.4237,-0.4719,-0.5139,-0.5488,-0.5942
1.610000,-0.4256,-0.4743,-0.5168,-0.5520,-0.5978
1.612000,-0.4275,-0.4766,-0.5196,-0.5552,-0.6015
1.614000,-0.4294,-0.4790,-0.5225,-0.5584,-0.6051
1.616000,-0.4313,-0.4814,-0.5253,-0.5616,-0.6088
1.618000,-0.4333,-0.4839,-0.5282,-0.5648,-0.6125
1.620000,-0.4352,-0.4863,-0.5311,-0.5681,-0.6163
1.622000,-0.4372,-0.4887,-0.5341,-0.5714,-0.6200
1.624000,-0.4392,-0.4912,-0.5370,-0.5747,-0.6238
1.626000,-0.4413,-0.4937,-0.5400,-0.5780,-0.6276
1.628000,-0.4433,-0.4961,-0.5430,-0.5814,-0.6314
1.630000,-0.4454,-0.4986,-0.5460,-0.5848,-0.6352
1.632000,-0.4475,-0.5012,-0.5490,-0.5881,-0.6391
1.634000,-0.4496,-0.5037,-0.5521,-0.5916,-0.6430
1.636000,-0.4517,-0.5062,-0.5552,-0.5950,-0.6469
1.638000,-0.4538,-0.5088,-0.5583,-0.5985,-0.6508
1.640000,-0.4560,-0.5114,-0.5614,-0.6020,-0.6548
1.642000,-0.4582,-0.5140,-0.5645,-0.6055,-0.6588
1.644000,-0.4604,-0.5166,-0.5677,-0.6090,-0.6628
1.646000,-0.4626,-0.5192,-0.5709,-0.6126,-0.6669
1.648000,-0.4649,-0.5218,-0.5741,-0.6162,-0.6710
1.650000,-0.4671,-0.5245,-0.5773,-0.6198,-0.6751
1.652000,-0.4694,-0.5272,-0.5806,-0.6234,-0.6792
1.654000,-0.4717,-0.5299,-0.5839,-0.6271,-0.6834
1.656000,-0.4741,-0.5326,-0.5872,-0.6308,-0.6876
1.658000,-0.4764,-0.5353,-0.5905,-0.6345,-0.6918
1.660000,-0.4788,-0.5381,-0.5939,-0.6383,-0.6961
1.662000,-0.4812,-0.5408,-0.5973,-0.6421,-0.7004
1.664000,-0.4836,-0.5436,-0.6007,-0.6459,-0.7047
1.666000,-0.4861,-0.5464,-0.6041,-0.6497,-0.7090
1.668000,-0.4885,-0.5492,-0.6076,-0.6536,-0.7134
1.670000,-0.4910,-0.5521,-0.6111,-0.6575,-0.7179
1.672000,-0.4935,-0.5549,-0.6146,-0.6614,-0.7223
1.674000,-0.4961,-0.5578,-0.6181,-0.6654,-0.7268
1.676000,-0.4986,-0.5607,-0.6217,-0.6693,-0.7313
1.678000,-0.5012,-0.5637,-0.6253,-0.6734,-0.7359
1.680000,-0.5038,-0.5666,-0.6289,-0.6774,-0.7405
1.682000,-0.5064,-0.5696,-0.6325,-0.6815,-0.7451
1.684000,-0.5091,-0.5725,-0.6362,-0.6856,-0.7498
1.686000,-0.5118,-0.5756,-0.6399,-0.6898,-0.7545
1.688000,-0.5145,-0.5786,-0.6437,-0.6939,-0.7593
1.690000,-0.5172,-0.5816,-0.6474,-0.6982,-0.7641
1.692000,-0.5199,-0.5847,-0.6512,-0.7024,-0.7689
1.694000,-0.5227,-0.5878,-0.6551,-0.7067,-0.7738
1.696000,-0.5255,-0.5909,-0.6589,-0.7110,-0.7787
1.698000,-0.5283,-0.5941,-0.6628,-0.7154,-0.7836
1.700000,-0.5311,-0.5972,-0.6667,-0.7198,-0.7886
1.702000,-0.5340,-0.6004,-0.6707,-0.7242,-0.7937
1.704000,-0.5369,-0.6036,-0.6747,-0.7287,-0.7988
1.706000,-0.5398,-0.6069,-0.6787,-0.7332,-0.8039
1.708000,-0.5428,-0.6101,-0.6827,-0.7377,-0.8091
1.710000,-0.5457,-0.6134,-0.6868,-0.7423,-0.8143
1.712000,-0.5487,-0.6167,-0.6910,-0.7469,-0.8195
1.714000,-0.5518,-0.6200,-0.6951,-0.7516,-0.8248
1.716000,-0.5548,-0.6234,-0.6993,-0.7563,-0.8302
1.718000,-0.5579,-0.6268,-0.7035,-0.7610,-0.8356
1.720000,-0.5610,-0.6302,-0.7078,-0.7658,-0.8411
1.722000,-0.5641,-0.6336,-0.7121,-0.7706,-0.8466
1.724000,-0.5673,-0.6371,-0.7164,-0.7755,-0.8521
1.726000,-0.5705,-0.6406,-0.7208,-0.7804,-0.8577
1.728000,-0.5737,-0.6441,-0.7252,-0.7853,-0.8634
1.730000,-0.5769,-0.6477,-0.7296,-0.7903,-0.8691
1.732000,-0.5802,-0.6512,-0.7341,-0.7954,-0.8748
1.734000,-0.5835,-0.6548,-0.7386,-0.8004,-0.8806
1.736000,-0.5868,-0.6585,-0.7432,-0.8056,-0.8865
1.738000,-0.5902,-0.6621,-0.7478,-0.8107,-0.8924
1.740000,-0.5936,-0.6658,-0.7524,-0.8160,-0.8984
1.742000,-0.5970,-0.6695,-0.7571,-0.8212,-0.9044
1.744000,-0.6004,-0.6733,-0.7618,-0.8265,-0.9105
1.746000,-0.6039,-0.6771,-0.7665,-0.8319,-0.9167
1.748000,-0.6074,-0.6809,-0.7713,-0.8373,-0.9229
1.750000,-0.6109,-0.6847,-0.7762,-0.8428,-0.9291
1.752000,-0.6145,-0.6886,-0.7810,-0.8483,-0.9354
1.754000,-0.6181,-0.6925,-0.7860,-0.8538,-0.9418
1.756000,-0.6217,-0.6964,-0.7909,-0.8594,-0.9483
1.758000,-0.6253,-0.7004,-0.7959,-0.8651,-0.9548
1.760000,-0.6290,-0.7044,-0.8010,-0.8708,-0.9613
1.762000,-0.6327,-0.7084,-0.8061,-0.8766,-0.9680
1.764000,-0.6365,-0.7125,-0.8112,-0.8824,-0.9747
1.766000,-0.6403,-0.7166,-0.8164,-0.8883,-0.9814
1.768000,-0.6441,-0.7207,-0.8217,-0.8942,-0.9883
1.770000,-0.6479,-0.7248,-0.8269,-0.9002,-0.9952
1.772000,-0.6518,-0.7290,-0.8323,-0.9062,-1.0021
1.774000,-0.6557,-0.7333,-0.8376,-0.9123,-1.0092
1.776000,-0.6597,-0.7375,-0.8431,-0.9185,-1.0163
1.778000,-0.6636,-0.7418,-0.8485,-0.9247,-1.0235
1.780000,-0.6676,-0.7462,-0.8541,-0.9310,-1.0307
1.782000,-0.6717,-0.7506,-0.8596,-0.9373,-1.0380
1.784000,-0.6758,-0.7550,-0.8653,-0.9437,-1.0454
1.786000,-0.6799,-0.7594,-0.8709,-0.9502,-1.0529
1.788000,-0.6840,-0.7639,-0.8766,-0.9567,-1.0605
1.790000,-0.6882,-0.7684,-0.8824,-0.9633,-1.0681
1.792000,-0.6924,-0.7730,-0.8883,-0.9699,-1.0758
1.794000,-0.6967,-0.7776,-0.8941,-0.9766,-1.0836
1.796000,-0.7009,-0.7822,-0.9001,-0.9834,-1.0914
1.798000,-0.7053,-0.7869,-0.9061,-0.9902,-1.0994
1.800000,-0.7096,-0.7916,-0.9121,-0.9971,-1.1074
1.802000,-0.7140,-0.7964,-0.9182,-1.0041,-1.1155
1.804000,-0.7184,-0.8012,-0.9244,-1.0111,-1.1237
1.806000,-0.7229,-0.8060,-0.9306,-1.0182,-1.1320
1.808000,-0.7274,-0.8109,-0.9368,-1.0254,-1.1403
1.810000,-0.7320,-0.8158,-0.9432,-1.0326,-1.1488
1.812000,-0.7365,-0.8208,-0.9495,-1.0400,-1.1573
1.814000,-0.7412,-0.8258,-0.9560,-1.0473,-1.1659
1.816000,-0.7458,-0.8308,-0.9625,-1.0548,-1.1747
1.818000,-0.7505,-0.8359,-0.9691,-1.0623,-1.1835
1.820000,-0.7552,-0.8410,-0.9757,-1.0699,-1.1924
1.822000,-0.7600,-0.8462,-0.9824,-1.0776,-1.2014
1.824000,-0.7648,-0.8514,-0.9891,-1.0854,-1.2105
1.826000,-0.7697,-0.8567,-0.9959,-1.0932,-1.2196
1.828000,-0.7746,-0.8620,-1.0028,-1.1011,-1.2289
1.830000,-0.7795,-0.8674,-1.0098,-1.1091,-1.2383
1.832000,-0.7845,-0.8728,-1.0168,-1.1172,-1.2478
1.834000,-0.7895,-0.8782,-1.0238,-1.1254,-1.2574
1.836000,-0.7946,-0.8837,-1.0310,-1.1336,-1.2671
1.838000,-0.7997,-0.8892,-1.0382,-1.1419,-1.2769
1.840000,-0.8048,-0.8948,-1.0455,-1.1503,-1.2868
1.842000,-0.8100,-0.9005,-1.0528,-1.1588,-1.2968
1.844000,-0.8152,-0.9062,-1.0602,-1.1674,-1.3069
1.846000,-0.8205,-0.9119,-1.0677,-1.1760,-1.3171
1.848000,-0.8258,-0.9177,-1.0753,-1.1848,-1.3275
1.850000,-0.8312,-0.9235,-1.0829,-1.1936,-1.3379
1.852000,-0.8366,-0.9294,-1.0906,-1.2026,-1.3485
1.854000,-0.8420,-0.9353,-1.0983,-1.2116,-1.3592
1.856000,-0.8475,-0.9413,-1.1062,-1.2207,-1.3700
1.858000,-0.8531,-0.9474,-1.1141,-1.2299,-1.3809
1.860000,-0.8587,-0.9535,-1.1221,-1.2392,-1.3919
1.862000,-0.8643,-0.9596,-1.1302,-1.2486,-1.4031
1.864000,-0.8700,-0.9658,-1.1383,-1.2581,-1.4144
1.866000,-0.8757,-0.9721,-1.1466,-1.2677,-1.4258
1.868000,-0.8815,-0.9784,-1.1549,-1.2774,-1.4373
1.870000,-0.8873,-0.9848,-1.1633,-1.2871,-1.4490
1.872000,-0.8932,-0.9912,-1.1717,-1.2970,-1.4608
1.874000,-0.8991,-0.9977,-1.1803,-1.3070,-1.4727
1.876000,-0.9051,-1.0042,-1.1889,-1.3171,-1.4847
1.878000,-0.9111,-1.0108,-1.1977,-1.3273,-1.4969
1.880000,-0.9171,-1.0175,-1.2065,-1.3376,-1.5093
1.882000,-0.9232,-1.0242,-1.2154,-1.3481,-1.5217
1.884000,-0.9294,-1.0309,-1.2243,-1.3586,-1.5343
1.886000,-0.9356,-1.0378,-1.2334,-1.3692,-1.5471
1.888000,-0.9419,-1.0447,-1.2425,-1.3800,-1.5600
1.890000,-0.9482,-1.0516,-1.2518,-1.3908,-1.5730
1.892000,-0.9546,-1.0586,-1.2611,-1.4018,-1.5862
1.894000,-0.9610,-1.0657,-1.2706,-1.4129,-1.5996
1.896000,-0.9675,-1.0728,-1.2801,-1.4241,-1.6131
1.898000,-0.9740,-1.0800,-1.2897,-1.4354,-1.6267
1.900000,-0.9806,-1.0873,-1.2994,-1.4469,-1.6405
1.902000,-0.9873,-1.0946,-1.3092,-1.4584,-1.6545
1.904000,-0.9939,-1.1020,-1.3191,-1.4701,-1.6686
1.906000,-1.0007,-1.1095,-1.3291,-1.4819,-1.6829
1.908000,-1.0075,-1.1170,-1.3392,-1.4939,-1.6973
1.910000,-1.0144,-1.1246,-1.3494,-1.5060,-1.7120
1.912000,-1.0213,-1.1323,-1.3597,-1.5182,-1.7267
1.914000,-1.0283,-1.1400,-1.3701,-1.5305,-1.7417
1.916000,-1.0353,-1.1478,-1.3806,-1.5429,-1.7568
1.918000,-1.0424,-1.1556,-1.3912,-1.5555,-1.7721
1.920000,-1.0495,-1.1636,-1.4019,-1.5683,-1.7876
1.922000,-1.0567,-1.1716,-1.4127,-1.5811,-1.8033
1.924000,-1.0640,-1.1797,-1.4236,-1.5941,-1.8192
1.926000,-1.0713,-1.1878,-1.4347,-1.6073,-1.8352
1.928000,-1.0787,-1.1961,-1.4458,-1.6206,-1.8514
1.930000,-1.0862,-1.2044,-1.4571,-1.6340,-1.8678
1.932000,-1.0937,-1.2127,-1.4685,-1.6476,-1.8844
1.934000,-1.1013,-1.2212,-1.4800,-1.6613,-1.9012
1.936000,-1.1089,-1.2297,-1.4916,-1.6752,-1.9183
1.938000,-1.1166,-1.2383,-1.5033,-1.6892,-1.9355
1.940000,-1.1244,-1.2470,-1.5151,-1.7034,-1.9529
1.942000,-1.1322,-1.2557,-1.5271,-1.7178,-1.9705
1.944000,-1.1401,-1.2646,-1.5392,-1.7322,-1.9883
1.946000,-1.1481,-1.2735,-1.5514,-1.7469,-2.0064
1.948000,-1.1561,-1.2825,-1.5637,-1.7617,-2.0246
1.950000,-1.1642,-1.2916,-1.5761,-1.7767,-2.0431
1.952000,-1.1724,-1.3007,-1.5887,-1.7918,-2.0618
1.954000,-1.1806,-1.3100,-1.6014,-1.8072,-2.0807
1.956000,-1.1889,-1.3193,-1.6143,-1.8226,-2.0999
1.958000,-1.1972,-1.3287,-1.6272,-1.8383,-2.1192
1.960000,-1.2057,-1.3382,-1.6403,-1.8541,-2.1389
1.962000,-1.2142,-1.3478,-1.6536,-1.8701,-2.1587
1.964000,-1.2228,-1.3575,-1.6670,-1.8863,-2.1788
1.966000,-1.2314,-1.3673,-1.6805,-1.9027,-2.1991
1.968000,-1.2401,-1.3771,-1.6941,-1.9192,-2.2197
1.970000,-1.2489,-1.3870,-1.7079,-1.9359,-2.2406
1.972000,-1.2578,-1.3971,-1.7218,-1.9529,-2.2616
1.974000,-1.2667,-1.4072,-1.7359,-1.9700,-2.2830
1.976000,-1.2757,-1.4174,-1.7501,-1.9873,-2.3046
1.978000,-1.2848,-1.4277,-1.7645,-2.0048,-2.3265
1.980000,-1.2940,-1.4381,-1.7790,-2.0224,-2.3486
1.982000,-1.3032,-1.4486,-1.7937,-2.0403,-2.3710
1.984000,-1.3126,-1.4592,-1.8085,-2.0584,-2.3937
1.986000,-1.3220,-1.4699,-1.8235,-2.0767,-2.4167
1.988000,-1.3314,-1.4807,-1.8386,-2.0952,-2.4400
1.990000,-1.3410,-1.4916,-1.8539,-2.1140,-2.4635
1.992000,-1.3506,-1.5026,-1.8694,-2.1329,-2.4874
1.994000,-1.3604,-1.5137,-1.8850,-2.1520,-2.5115
1.996000,-1.3702,-1.5249,-1.9007,-2.1714,-2.5359
1.998000,-1.3800,-1.5362,-1.9167,-2.1910,-2.5607
2.000000,-1.3900,-1.5476,-1.9328,-2.2108,-2.5857
2.002000,-1.4000,-1.5591,-1.9491,-2.2308,-2.6111
2.004000,-1.4102,-1.5707,-1.9655,-2.2511,-2.6368
2.006000,-1.4204,-1.5824,-1.9821,-2.2716,-2.6628
2.008000,-1.4307,-1.5942,-1.9989,-2.2923,-2.6891
2.010000,-1.4411,-1.6062,-2.0159,-2.3133,-2.7158
2.012000,-1.4516,-1.6182,-2.0331,-2.3345,-2.7428
2.014000,-1.4621,-1.6304,-2.0504,-2.3560,-2.7702
2.016000,-1.4728,-1.6427,-2.0679,-2.3777,-2.7978
2.018000,-1.4835,-1.6550,-2.0856,-2.3997,-2.8259
2.020000,-1.4944,-1.6675,-2.1035,-2.4219,-2.8543
2.022000,-1.5053,-1.6802,-2.1216,-2.4444,-2.8831
2.024000,-1.5163,-1.6929,-2.1399,-2.4671,-2.9122
2.026000,-1.5274,-1.7058,-2.1584,-2.4901,-2.9417
2.028000,-1.5386,-1.7187,-2.1770,-2.5134,-2.9716
2.030000,-1.5499,-1.7318,-2.1959,-2.5369,-3.0019
2.032000,-1.5613,-1.7451,-2.2150,-2.5608,-3.0326
2.034000,-1.5728,-1.7584,-2.2343,-2.5849,-3.0636
2.036000,-1.5844,-1.7719,-2.2538,-2.6093,-3.0951
2.038000,-1.5961,-1.7855,-2.2735,-2.6340,-3.1270
2.040000,-1.6079,-1.7992,-2.2934,-2.6589,-3.1593
2.042000,-1.6198,-1.8131,-2.3135,-2.6842,-3.1920
2.044000,-1.6318,-1.8271,-2.3339,-2.7098,-3.2251
2.046000,-1.6439,-1.8412,-2.3544,-2.7356,-3.2587
2.048000,-1.6561,-1.8554,-2.3752,-2.7618,-3.2927
2.050000,-1.6684,-1.8698,-2.3962,-2.7883,-3.3271
2.052000,-1.6808,-1.8843,-2.4175,-2.8151,-3.3620
2.054000,-1.6933,-1.8990,-2.4389,-2.8422,-3.3974
2.056000,-1.7059,-1.9138,-2.4607,-2.8697,-3.4332
2.058000,-1.7187,-1.9287,-2.4826,-2.8975,-3.4695
2.060000,-1.7315,-1.9438,-2.5048,-2.9256,-3.5063
2.062000,-1.7444,-1.9590,-2.5272,-2.9540,-3.5436
2.064000,-1.7575,-1.9744,-2.5499,-2.9828,-3.5814
2.066000,-1.7707,-1.9899,-2.5728,-3.0120,-3.6197
2.068000,-1.7840,-2.0056,-2.5960,-3.0415,-3.6584
2.070000,-1.7974,-2.0214,-2.6194,-3.0713,-3.6978
2.072000,-1.8109,-2.0374,-2.6431,-3.1016,-3.7376
2.074000,-1.8245,-2.0535,-2.6671,-3.1321,-3.7780
2.076000,-1.8383,-2.0697,-2.6913,-3.1631,-3.8189
2.078000,-1.8521,-2.0862,-2.7158,-3.1944,-3.8603
2.080000,-1.8661,-2.1028,-2.7406,-3.2262,-3.9024
2.082000,-1.8802,-2.1195,-2.7656,-3.2583,-3.9450
2.084000,-1.8945,-2.1364,-2.7909,-3.2908,-3.9882
2.086000,-1.9088,-2.1535,-2.8165,-3.3237,-4.0319
2.088000,-1.9233,-2.1707,-2.8424,-3.3570,-4.0763
2.090000,-1.9379,-2.1881,-2.8686,-3.3907,-4.1213
2.092000,-1.9526,-2.2057,-2.8950,-3.4248,-4.1668
2.094000,-1.9675,-2.2234,-2.9218,-3.4594,-4.2131
2.096000,-1.9825,-2.2413,-2.9489,-3.4944,-4.2599
2.098000,-1.9976,-2.2594,-2.9762,-3.5298,-4.3074
2.100000,-2.0128,-2.2777,-3.0039,-3.5657,-4.3556
2.102000,-2.0282,-2.2961,-3.0319,-3.6020,-4.4044
2.104000,-2.0437,-2.3147,-3.0602,-3.6388,-4.4539
2.106000,-2.0594,-2.3335,-3.0888,-3.6760,-4.5041
2.108000,-2.0752,-2.3525,-3.1178,-3.7137,-4.5550
2.110000,-2.0911,-2.3716,-3.1471,-3.7519,-4.6067
2.112000,-2.1072,-2.3910,-3.1767,-3.7905,-4.6590
2.114000,-2.1234,-2.4105,-3.2066,-3.8297,-4.7121
2.116000,-2.1398,-2.4303,-3.2369,-3.8693,-4.7659
2.118000,-2.1562,-2.4502,-3.2676,-3.9094,-4.8205
2.120000,-2.1729,-2.4703,-3.2986,-3.9501,-4.8759
2.122000,-2.1897,-2.4906,-3.3299,-3.9913,-4.9321
2.124000,-2.2066,-2.5111,-3.3616,-4.0330,-4.9890
2.126000,-2.2237,-2.5319,-3.3937,-4.0752,-5.0468
2.128000,-2.2409,-2.5528,-3.4261,-4.1179,-5.1054
2.130000,-2.2583,-2.5739,-3.4590,-4.1613,-5.1649
2.132000,-2.2759,-2.5952,-3.4922,-4.2051,-5.2252
2.134000,-2.2936,-2.6168,-3.5257,-4.2496,-5.2865
2.136000,-2.3114,-2.6386,-3.5597,-4.2946,-5.3486
2.138000,-2.3294,-2.6605,-3.5941,-4.3402,-5.4116
2.140000,-2.3476,-2.6827,-3.6289,-4.3864,-5.4755
2.142000,-2.3660,-2.7051,-3.6640,-4.4332,-5.5404
2.144000,-2.3845,-2.7278,-3.6996,-4.4806,-5.6062
2.146000,-2.4031,-2.7506,-3.7356,-4.5287,-5.6730
2.148000,-2.4220,-2.7737,-3.7721,-4.5773,-5.7408
2.150000,-2.4410,-2.7971,-3.8089,-4.6266,-5.8097
2.152000,-2.4601,-2.8206,-3.8462,-4.6766,-5.8795
2.154000,-2.4795,-2.8444,-3.8839,-4.7272,-5.9504
2.156000,-2.4990,-2.8684,-3.9221,-4.7785,-6.0224
2.158000,-2.5187,-2.8927,-3.9607,-4.8305,-6.0955
2.160000,-2.5386,-2.9172,-3.9998,-4.8831,-6.1697
2.162000,-2.5586,-2.9420,-4.0394,-4.9365,-6.2450
2.164000,-2.5788,-2.9670,-4.0794,-4.9906,-6.3215
2.166000,-2.5992,-2.9923,-4.1199,-5.0454,-6.3991
2.168000,-2.6198,-3.0178,-4.1609,-5.1009,-6.4780
2.170000,-2.6406,-3.0436,-4.2024,-5.1572,-6.5581
2.172000,-2.6616,-3.0696,-4.2444,-5.2143,-6.6395
2.174000,-2.6827,-3.0959,-4.2869,-5.2722,-6.7221
2.176000,-2.7041,-3.1225,-4.3299,-5.3308,-6.8061
2.178000,-2.7256,-3.1493,-4.3734,-5.3902,-6.8913
2.180000,-2.7474,-3.1765,-4.4174,-5.4505,-6.9780
2.182000,-2.7693,-3.2039,-4.4620,-5.5116,-7.0660
2.184000,-2.7915,-3.2315,-4.5072,-5.5735,-7.1555
2.186000,-2.8138,-3.2595,-4.5528,-5.6363,-7.2464
2.188000,-2.8363,-3.2877,-4.5991,-5.7000,-7.3388
2.190000,-2.8591,-3.3163,-4.6459,-5.7646,-7.4327
2.192000,-2.8821,-3.3451,-4.6933,-5.8300,-7.5282
2.194000,-2.9052,-3.3742,-4.7412,-5.8964,-7.6252
2.196000,-2.9286,-3.4036,-4.7898,-5.9638,-7.7239
2.198000,-2.9522,-3.4334,-4.8390,-6.0321,-7.8243
2.200000,-2.9760,-3.4634,-4.8887,-6.1013,-7.9263
2.202000,-3.0001,-3.4938,-4.9391,-6.1716,-8.0301
2.204000,-3.0243,-3.5244,-4.9902,-6.2428,-8.1357
2.206000,-3.0488,-3.5554,-5.0418,-6.3151,-8.2431
2.208000,-3.0735,-3.5867,-5.0941,-6.3885,-8.3524
2.210000,-3.0984,-3.6183,-5.1471,-6.4629,-8.4636
2.212000,-3.1236,-3.6503,-5.2008,-6.5384,-8.5768
2.214000,-3.1490,-3.6826,-5.2551,-6.6150,-8.6920
2.216000,-3.1747,-3.7152,-5.3101,-6.6928,-8.8093
2.218000,-3.2005,-3.7482,-5.3658,-6.7717,-8.9287
2.220000,-3.2267,-3.7815,-5.4222,-6.8518,-9.0503
2.222000,-3.2530,-3.8152,-5.4794,-6.9330,-9.1742
2.224000,-3.2796,-3.8492,-5.5373,-7.0156,-9.3004
2.226000,-3.3065,-3.8836,-5.5959,-7.0993,-9.4289
2.228000,-3.3336,-3.9183,-5.6553,-7.1843,-9.5599
2.230000,-3.3610,-3.9534,-5.7155,-7.2707,-9.6935
2.232000,-3.3886,-3.9889,-5.7764,-7.3584,-9.8296
2.234000,-3.4165,-4.0248,-5.8382,-7.4474,-9.9684
2.236000,-3.4446,-4.0611,-5.9008,-7.5378,-10.1100
2.238000,-3.4730,-4.0977,-5.9641,-7.6296,-10.2544
2.240000,-3.5017,-4.1347,-6.0284,-7.7229,-10.4017
2.242000,-3.5307,-4.1721,-6.0934,-7.8177,-10.5520
2.244000,-3.5599,-4.2100,-6.1594,-7.9140,-10.7055
2.246000,-3.5894,-4.2482,-6.2262,-8.0118,-10.8623
2.248000,-3.6192,-4.2868,-6.2939,-8.1113,-11.0223
2.250000,-3.6492,-4.3259,-6.3626,-8.2123,-11.1859
2.252000,-3.6796,-4.3654,-6.4322,-8.3151,-11.3530
2.254000,-3.7102,-4.4053,-6.5027,-8.4195,-11.5238
2.256000,-3.7412,-4.4457,-6.5742,-8.5257,-11.6985
2.258000,-3.7724,-4.4864,-6.6466,-8.6336,-11.8771
2.260000,-3.8040,-4.5277,-6.7201,-8.7434,-12.0600
2.262000,-3.8358,-4.5694,-6.7946,-8.8551,-12.2471
2.264000,-3.8679,-4.6115,-6.8701,-8.9687,-12.4387
2.266000,-3.9004,-4.6541,-6.9466,-9.0843,-12.6350
2.268000,-3.9332,-4.6972,-7.0243,-9.2019,-12.8362
2.270000,-3.9662,-4.7407,-7.1030,-9.3217,-13.0424
2.272000,-3.9997,-4.7847,-7.1829,-9.4435,-13.2540
2.274000,-4.0334,-4.8292,-7.2639,-9.5676,-13.4710
2.276000,-4.0674,-4.8742,-7.3461,-9.6940,-13.6939
2.278000,-4.1018,-4.9197,-7.4294,-9.8227,-13.9228
2.280000,-4.1366,-4.9658,-7.5140,-9.9537,-14.1580
2.282000,-4.1716,-5.0123,-7.5998,-10.0873,-14.3999
2.284000,-4.2070,-5.0593,-7.6869,-10.2234,-14.6488
2.286000,-4.2428,-5.1069,-7.7752,-10.3622,-14.9050
2.288000,-4.2789,-5.1550,-7.8649,-10.5037,-15.1689
2.290000,-4.3154,-5.2037,-7.9559,-10.6480,-15.4409
2.292000,-4.3522,-5.2529,-8.0483,-10.7951,-15.7216
2.294000,-4.3894,-5.3027,-8.1420,-10.9453,-16.0112
2.296000,-4.4269,-5.3530,-8.2372,-11.0986,-16.3104
2.298000,-4.4649,-5.4039,-8.3339,-11.2550,-16.6198
2.300000,-4.5032,-5.4554,-8.4321,-11.4148,-16.9398
2.302000,-4.5419,-5.5075,-8.5318,-11.5781,-17.2711
2.304000,-4.5809,-5.5601,-8.6330,-11.7449,-17.6145
2.306000,-4.6204,-5.6134,-8.7359,-11.9153,-17.9707
2.308000,-4.6603,-5.6673,-8.8404,-12.0897,-18.3403
2.310000,-4.7005,-5.7218,-8.9466,-12.2680,-18.7243
2.312000,-4.7412,-5.7770,-9.0546,-12.4505,-19.1235
2.314000,-4.7822,-5.8328,-9.1643,-12.6373,-19.5388
2.316000,-4.8237,-5.8893,-9.2758,-12.8286,-19.9712
2.318000,-4.8656,-5.9464,-9.3891,-13.0247,-20.4214
2.320000,-4.9080,-6.0042,-9.5044,-13.2256,-20.8903
2.322000,-4.9507,-6.0626,-9.6216,-13.4317,-21.3786
2.324000,-4.9939,-6.1218,-9.7409,-13.6432,-21.8868
2.326000,-5.0376,-6.1817,-9.8622,-13.8603,-22.4147
2.328000,-5.0816,-6.2423,-9.9856,-14.0834,-22.9618
2.330000,-5.1262,-6.3036,-10.1112,-14.3126,-23.5264
2.332000,-5.1712,-6.3656,-10.2390,-14.5484,-24.1051
2.334000,-5.2166,-6.4284,-10.3692,-14.7912,-24.6926
2.336000,-5.2625,-6.4920,-10.5017,-15.0412,-25.2801
2.338000,-5.3089,-6.5563,-10.6367,-15.2988,-25.8546
2.340000,-5.3558,-6.6214,-10.7742,-15.5647,-26.3980
2.342000,-5.4032,-6.6873,-10.9143,-15.8392,-26.8864
2.344000,-5.4510,-6.7540,-11.0572,-16.1228,-27.2911
2.346000,-5.4994,-6.8216,-11.2027,-16.4163,-27.5822
2.348000,-5.5483,-6.8900,-11.3512,-16.7202,-27.7339
2.350000,-5.5976,-6.9592,-11.5026,-17.0352,-27.7317
2.352000,-5.6475,-7.0293,-11.6571,-17.3623,-27.5765
2.354000,-5.6980,-7.1003,-11.8147,-17.7022,-27.2845
2.356000,-5.7489,-7.1721,-11.9756,-18.0560,-26.8822
2.358000,-5.8004,-7.2449,-12.1400,-18.4248,-26.3998
2.360000,-5.8524,-7.3186,-12.3078,-18.8098,-25.8653
2.362000,-5.9050,-7.3933,-12.4793,-19.2126,-25.3022
2.364000,-5.9582,-7.4689,-12.6547,-19.6348,-24.7278
2.366000,-6.0119,-7.5454,-12.8340,-20.0781,-24.1546
2.368000,-6.0662,-7.6230,-13.0174,-20.5449,-23.5909
2.370000,-6.1211,-7.7016,-13.2051,-21.0375,-23.0419
2.372000,-6.1766,-7.7812,-13.3973,-21.5590,-22.5105
2.374000,-6.2327,-7.8618,-13.5941,-22.1127,-21.9984
2.376000,-6.2894,-7.9436,-13.7958,-22.7027,-21.5061
2.378000,-6.3467,-8.0264,-14.0026,-23.3339,-21.0336
2.380000,-6.4046,-8.1103,-14.2148,-24.0120,-20.5803
2.382000,-6.4632,-8.1953,-14.4326,-24.7441,-20.1456
2.384000,-6.5224,-8.2815,-14.6562,-25.5389,-19.7287
2.386000,-6.5823,-8.3689,-14.8860,-26.4069,-19.3286
2.388000,-6.6428,-8.4574,-15.1223,-27.3613,-18.9445
2.390000,-6.7040,-8.5472,-15.3655,-28.4181,-18.5754
2.392000,-6.7659,-8.6382,-15.6158,-29.5960,-18.2206
2.394000,-6.8284,-8.7305,-15.8738,-30.9151,-17.8791
2.396000,-6.8917,-8.8240,-16.1399,-32.3894,-17.5502
2.398000,-6.9557,-8.9189,-16.4146,-34.0030,-17.2332
2.400000,-7.0204,-9.0151,-16.6984,-35.6420,-16.9274
2.402000,-7.0859,-9.1127,-16.9919,-36.9577,-16.6322
2.404000,-7.1520,-9.2117,-17.2957,-37.3580,-16.3470
2.406000,-7.2190,-9.3122,-17.6106,-36.5893,-16.0711
2.408000,-7.2867,-9.4141,-17.9374,-35.1150,-15.8042
2.410000,-7.3552,-9.5174,-18.2770,-33.4734,-15.5458
2.412000,-7.4244,-9.6224,-18.6303,-31.9151,-15.2953
2.414000,-7.4945,-9.7288,-18.9984,-30.5078,-15.0525
2.416000,-7.5654,-9.8369,-19.3827,-29.2525,-14.8168
2.418000,-7.6371,-9.9466,-19.7844,-28.1316,-14.5881
2.420000,-7.7097,-10.0580,-20.2053,-27.1250,-14.3658
2.422000,-7.7831,-10.1711,-20.6471,-26.2149,-14.1498
2.424000,-7.8574,-10.2859,-21.1120,-25.3862,-13.9398
2.426000,-7.9325,-10.4026,-21.6023,-24.6269,-13.7354
2.428000,-8.0086,-10.5210,-22.1210,-23.9271,-13.5364
2.430000,-8.0855,-10.6414,-22.6712,-23.2786,-13.3426
2.432000,-8.1634,-10.7636,-23.2569,-22.6749,-13.1537
2.434000,-8.2422,-10.8879,-23.8826,-22.1106,-12.9696
2.436000,-8.3220,-11.0141,-24.5538,-21.5811,-12.7901
2.438000,-8.4028,-11.1425,-25.2771,-21.0825,-12.6149
2.440000,-8.4845,-11.2729,-26.0603,-20.6116,-12.4440
2.442000,-8.5672,-11.4055,-26.9129,-20.1656,-12.2770
2.444000,-8.6510,-11.5404,-27.8461,-19.7423,-12.1140
2.446000,-8.7358,-11.6776,-28.8731,-19.3394,-11.9547
2.448000,-8.8216,-11.8171,-30.0079,-18.9553,-11.7990
2.450000,-8.9085,-11.9591,-31.2624,-18.5883,-11.6467
2.452000,-8.9965,-12.1035,-32.6374,-18.2371,-11.4978
2.454000,-9.0856,-12.2505,-34.0975,-17.9004,-11.3522
2.456000,-9.1759,-12.4001,-35.5141,-17.5772,-11.2096
2.458000,-9.2673,-12.5525,-36.5828,-17.2666,-11.0701
2.460000,-9.3598,-12.7076,-36.8774,-16.9675,-10.9335
2.462000,-9.4536,-12.8655,-36.2427,-16.6793,-10.7996
2.464000,-9.5485,-13.0264,-34.9986,-16.4012,-10.6686
2.466000,-9.6447,-13.1903,-33.5515,-16.1327,-10.5401
2.468000,-9.7422,-13.3574,-32.1284,-15.8731,-10.4142
2.470000,-9.8409,-13.5276,-30.8115,-15.6219,-10.2908
2.472000,-9.9409,-13.7012,-29.6171,-15.3786,-10.1698
2.474000,-10.0423,-13.8781,-28.5384,-15.1428,-10.0511
2.476000,-10.1450,-14.0585,-27.5619,-14.9141,-9.9347
2.478000,-10.2490,-14.2425,-26.6737,-14.6921,-9.8205
2.480000,-10.3545,-14.4303,-25.8615,-14.4765,-9.7084
2.482000,-10.4614,-14.6218,-25.1147,-14.2669,-9.5983
2.484000,-10.5697,-14.8173,-24.4245,-14.0630,-9.4903
2.486000,-10.6796,-15.0168,-23.7836,-13.8647,-9.3843
2.488000,-10.7909,-15.2204,-23.1859,-13.6715,-9.2801
2.490000,-10.9037,-15.4284,-22.6264,-13.4834,-9.1778
2.492000,-11.0182,-15.6407,-22.1006,-13.3000,-9.0774
2.494000,-11.1342,-15.8574,-21.6050,-13.1212,-8.9786
2.496000,-11.2518,-16.0788,-21.1366,-12.9467,-8.8816
2.498000,-11.3711,-16.3050,-20.6925,-12.7764,-8.7862
2.500000,-11.4920,-16.5359,-20.2706,-12.6102,-8.6925
2.502000,-11.6147,-16.7717,-19.8689,-12.4478,-8.6004
2.504000,-11.7391,-17.0126,-19.4856,-12.2891,-8.5098
2.506000,-11.8653,-17.2585,-19.1192,-12.1340,-8.4207
2.508000,-11.9933,-17.5095,-18.7684,-11.9823,-8.3331
2.510000,-12.1231,-17.7656,-18.4319,-11.8339,-8.2469
2.512000,-12.2548,-18.0268,-18.1087,-11.6888,-8.1621
2.514000,-12.3884,-18.2931,-17.7979,-11.5466,-8.0787
2.516000,-12.5239,-18.5644,-17.4985,-11.4075,-7.9966
2.518000,-12.6614,-18.8404,-17.2100,-11.2712,-7.9158
2.520000,-12.8009,-19.1210,-16.9314,-11.1378,-7.8363
2.522000,-12.9424,-19.4058,-16.6623,-11.0069,-7.7580
2.524000,-13.0860,-19.6943,-16.4020,-10.8787,-7.6810
2.526000,-13.2316,-19.9859,-16.1500,-10.7530,-7.6052
2.528000,-13.3794,-20.2799,-15.9059,-10.6298,-7.5305
2.530000,-13.5293,-20.5752,-15.6693,-10.5089,-7.4569
2.532000,-13.6814,-20.8707,-15.4396,-10.3902,-7.3845
2.534000,-13.8356,-21.1649,-15.2166,-10.2738,-7.3132
2.536000,-13.9920,-21.4559,-14.9999,-10.1596,-7.2429
2.538000,-14.1507,-21.7417,-14.7892,-10.0474,-7.1737
2.540000,-14.3116,-22.0197,-14.5842,-9.9373,-7.1055
2.542000,-14.4747,-22.2871,-14.3846,-9.8292,-7.0383
2.544000,-14.6400,-22.5406,-14.1902,-9.7229,-6.9721
2.546000,-14.8076,-22.7768,-14.0008,-9.6186,-6.9069
2.548000,-14.9774,-22.9917,-13.8161,-9.5160,-6.8426
2.550000,-15.1493,-23.1815,-13.6359,-9.4152,-6.7792
2.552000,-15.3234,-23.3425,-13.4600,-9.3162,-6.7168
2.554000,-15.4997,-23.4709,-13.2884,-9.2188,-6.6552
2.556000,-15.6780,-23.5639,-13.1207,-9.1230,-6.5945
2.558000,-15.8582,-23.6192,-12.9568,-9.0289,-6.5346
2.560000,-16.0404,-23.6352,-12.7966,-8.9363,-6.4756
2.562000,-16.2243,-23.6119,-12.6400,-8.8452,-6.4174
2.564000,-16.4099,-23.5498,-12.4868,-8.7556,-6.3600
2.566000,-16.5970,-23.4508,-12.3368,-8.6674,-6.3034
2.568000,-16.7854,-23.3174,-12.1900,-8.5806,-6.2476
2.570000,-16.9749,-23.1529,-12.0463,-8.4952,-6.1926
2.572000,-17.1652,-22.9611,-11.9056,-8.4111,-6.1383
2.574000,-17.3561,-22.7457,-11.7676,-8.3284,-6.0847
2.576000,-17.5472,-22.5107,-11.6325,-8.2469,-6.0318
2.578000,-17.7381,-22.2597,-11.5000,-8.1667,-5.9797
2.580000,-17.9284,-21.9962,-11.3701,-8.0877,-5.9282
2.582000,-18.1177,-21.7233,-11.2426,-8.0099,-5.8775
2.584000,-18.3052,-21.4436,-11.1176,-7.9333,-5.8274
2.586000,-18.4906,-21.1596,-10.9950,-7.8578,-5.7779
2.588000,-18.6729,-20.8732,-10.8746,-7.7834,-5.7291
2.590000,-18.8516,-20.5861,-10.7564,-7.7101,-5.6810
2.592000,-19.0258,-20.2996,-10.6403,-7.6379,-5.6334
2.594000,-19.1947,-20.0149,-10.5264,-7.5668,-5.5865
2.596000,-19.3572,-19.7329,-10.4144,-7.4966,-5.5402
2.598000,-19.5125,-19.4543,-10.3045,-7.4275,-5.4944
2.600000,-19.6594,-19.1795,-10.1964,-7.3594,-5.4493
2.602000,-19.7969,-18.9091,-10.0902,-7.2922,-5.4047
2.604000,-19.9240,-18.6434,-9.9857,-7.2260,-5.3607
2.606000,-20.0396,-18.3824,-9.8831,-7.1607,-5.3173
2.608000,-20.1426,-18.1265,-9.7821,-7.0963,-5.2743
2.610000,-20.2322,-17.8756,-9.6829,-7.0328,-5.2320
2.612000,-20.3073,-17.6298,-9.5852,-6.9702,-5.1901
2.614000,-20.3674,-17.3891,-9.4892,-6.9084,-5.1488
2.616000,-20.4116,-17.1535,-9.3946,-6.8475,-5.1080
2.618000,-20.4396,-16.9229,-9.3016,-6.7874,-5.0676
2.620000,-20.4512,-16.6972,-9.2101,-6.7281,-5.0278
2.622000,-20.4461,-16.4764,-9.1200,-6.6696,-4.9885
2.624000,-20.4245,-16.2603,-9.0312,-6.6119,-4.9496
2.626000,-20.3867,-16.0489,-8.9439,-6.5550,-4.9112
2.628000,-20.3332,-15.8419,-8.8579,-6.4988,-4.8733
2.630000,-20.2646,-15.6395,-8.7732,-6.4433,-4.8358
2.632000,-20.1816,-15.4413,-8.6898,-6.3886,-4.7988
2.634000,-20.0851,-15.2473,-8.6076,-6.3345,-4.7622
2.636000,-19.9761,-15.0573,-8.5266,-6.2812,-4.7260
2.638000,-19.8556,-14.8714,-8.4468,-6.2286,-4.6903
2.640000,-19.7248,-14.6892,-8.3682,-6.1766,-4.6550
2.642000,-19.5845,-14.5108,-8.2908,-6.1253,-4.6201
2.644000,-19.4360,-14.3361,-8.2144,-6.0747,-4.5856
2.646000,-19.2802,-14.1648,-8.1392,-6.0246,-4.5516
2.648000,-19.1181,-13.9970,-8.0650,-5.9753,-4.5179
2.650000,-18.9507,-13.8325,-7.9918,-5.9265,-4.4846
2.652000,-18.7788,-13.6712,-7.9197,-5.8783,-4.4517
2.654000,-18.6032,-13.5130,-7.8486,-5.8308,-4.4191
2.656000,-18.4247,-13.3579,-7.7785,-5.7838,-4.3870
2.658000,-18.2440,-13.2057,-7.7093,-5.7374,-4.3552
2.660000,-18.0616,-13.0564,-7.6411,-5.6916,-4.3238
2.662000,-17.8782,-12.9099,-7.5738,-5.6463,-4.2927
2.664000,-17.6941,-12.7660,-7.5075,-5.6016,-4.2620
2.666000,-17.5099,-12.6248,-7.4420,-5.5574,-4.2316
2.668000,-17.3259,-12.4862,-7.3774,-5.5138,-4.2016
2.670000,-17.1424,-12.3500,-7.3136,-5.4706,-4.1719
2.672000,-16.9598,-12.2163,-7.2507,-5.4280,-4.1425
2.674000,-16.7782,-12.0849,-7.1886,-5.3859,-4.1135
2.676000,-16.5979,-11.9558,-7.1274,-5.3443,-4.0848
2.678000,-16.4192,-11.8289,-7.0669,-5.3032,-4.0564
2.680000,-16.2420,-11.7042,-7.0072,-5.2626,-4.0283
2.682000,-16.0667,-11.5816,-6.9483,-5.2224,-4.0005
2.684000,-15.8932,-11.4611,-6.8901,-5.1828,-3.9730
2.686000,-15.7217,-11.3426,-6.8327,-5.1435,-3.9459
2.688000,-15.5522,-11.2260,-6.7759,-5.1048,-3.9190
2.690000,-15.3848,-11.1113,-6.7200,-5.0665,-3.8924
2.692000,-15.2195,-10.9985,-6.6647,-5.0286,-3.8661
2.694000,-15.0564,-10.8875,-6.6101,-4.9911,-3.8401
2.696000,-14.8955,-10.7782,-6.5561,-4.9541,-3.8144
2.698000,-14.7368,-10.6707,-6.5029,-4.9175,-3.7889
2.700000,-14.5804,-10.5649,-6.4503,-4.8814,-3.7638
2.702000,-14.4261,-10.4607,-6.3983,-4.8456,-3.7389
2.704000,-14.2740,-10.3581,-6.3470,-4.8102,-3.7142
2.706000,-14.1241,-10.2571,-6.2963,-4.7752,-3.6898
2.708000,-13.9764,-10.1576,-6.2462,-4.7407,-3.6657
2.710000,-13.8309,-10.0596,-6.1967,-4.7065,-3.6418
2.712000,-13.6874,-9.9631,-6.1478,-4.6727,-3.6182
2.714000,-13.5461,-9.8679,-6.0995,-4.6392,-3.5948
2.716000,-13.4069,-9.7742,-6.0517,-4.6061,-3.5717
2.718000,-13.2697,-9.6819,-6.0045,-4.5734,-3.5488
2.720000,-13.1346,-9.5909,-5.9579,-4.5411,-3.5262
2.722000,-13.0014,-9.5012,-5.9118,-4.5091,-3.5038
2.724000,-12.8703,-9.4128,-5.8663,-4.4774,-3.4816
2.726000,-12.7410,-9.3256,-5.8213,-4.4461,-3.4596
2.728000,-12.6137,-9.2397,-5.7768,-4.4152,-3.4379
2.730000,-12.4882,-9.1550,-5.7328,-4.3845,-3.4164
2.732000,-12.3646,-9.0714,-5.6893,-4.3542,-3.3951
2.734000,-12.2427,-8.9890,-5.6463,-4.3243,-3.3741
2.736000,-12.1227,-8.9077,-5.6039,-4.2946,-3.3532
2.738000,-12.0044,-8.8276,-5.5618,-4.2653,-3.3326
2.740000,-11.8877,-8.7485,-5.5203,-4.2362,-3.3122
2.742000,-11.7728,-8.6705,-5.4792,-4.2075,-3.2920
2.744000,-11.6595,-8.5935,-5.4386,-4.1791,-3.2719
2.746000,-11.5479,-8.5176,-5.3985,-4.1510,-3.2521
2.748000,-11.4378,-8.4426,-5.3588,-4.1232,-3.2325
2.750000,-11.3293,-8.3687,-5.3195,-4.0956,-3.2131
2.752000,-11.2223,-8.2957,-5.2807,-4.0684,-3.1939
2.754000,-11.1168,-8.2236,-5.2423,-4.0414,-3.1749
2.756000,-11.0128,-8.1525,-5.2043,-4.0148,-3.1560
2.758000,-10.9102,-8.0823,-5.1667,-3.9884,-3.1374
2.760000,-10.8090,-8.0130,-5.1296,-3.9622,-3.1189
2.762000,-10.7093,-7.9446,-5.0928,-3.9364,-3.1006
2.764000,-10.6109,-7.8770,-5.0565,-3.9108,-3.0825
2.766000,-10.5138,-7.8103,-5.0205,-3.8854,-3.0646
2.768000,-10.4180,-7.7444,-4.9849,-3.8604,-3.0468
2.770000,-10.3235,-7.6793,-4.9497,-3.8355,-3.0292
2.772000,-10.2303,-7.6151,-4.9149,-3.8110,-3.0118
2.774000,-10.1384,-7.5516,-4.8805,-3.7866,-2.9946
2.776000,-10.0476,-7.4889,-4.8464,-3.7626,-2.9775
2.778000,-9.9581,-7.4270,-4.8127,-3.7387,-2.9606
2.780000,-9.8697,-7.3658,-4.7793,-3.7151,-2.9439
2.782000,-9.7825,-7.3054,-4.7463,-3.6918,-2.9273
2.784000,-9.6964,-7.2457,-4.7136,-3.6687,-2.9109
2.786000,-9.6114,-7.1867,-4.6813,-3.6458,-2.8947
2.788000,-9.5275,-7.1284,-4.6493,-3.6231,-2.8786
2.790000,-9.4447,-7.0707,-4.6176,-3.6007,-2.8626
2.792000,-9.3629,-7.0138,-4.5863,-3.5785,-2.8468
2.794000,-9.2822,-6.9576,-4.5553,-3.5565,-2.8312
2.796000,-9.2024,-6.9020,-4.5246,-3.5347,-2.8157
2.798000,-9.1237,-6.8470,-4.4942,-3.5131,-2.8004
2.800000,-9.0460,-6.7927,-4.4641,-3.4918,-2.7852
2.802000,-8.9692,-6.7390,-4.4344,-3.4706,-2.7701
2.804000,-8.8934,-6.6859,-4.4049,-3.4497,-2.7552
2.806000,-8.8185,-6.6334,-4.3758,-3.4290,-2.7404
2.808000,-8.7445,-6.5816,-4.3469,-3.4084,-2.7258
2.810000,-8.6714,-6.5303,-4.3183,-3.3881,-2.7113
2.812000,-8.5992,-6.4796,-4.2901,-3.3679,-2.6970
2.814000,-8.5279,-6.4295,-4.2621,-3.3480,-2.6827
2.816000,-8.4574,-6.3799,-4.2343,-3.3283,-2.6686
2.818000,-8.3878,-6.3309,-4.2069,-3.3087,-2.6547
2.820000,-8.3190,-6.2824,-4.1797,-3.2893,-2.6409
2.822000,-8.2510,-6.2345,-4.1528,-3.2701,-2.6272
2.824000,-8.1839,-6.1871,-4.1262,-3.2511,-2.6136
2.826000,-8.1175,-6.1402,-4.0998,-3.2323,-2.6002
2.828000,-8.0518,-6.0938,-4.0737,-3.2137,-2.5868
2.830000,-7.9870,-6.0480,-4.0479,-3.1952,-2.5737
2.832000,-7.9229,-6.0026,-4.0223,-3.1769,-2.5606
2.834000,-7.8595,-5.9577,-3.9969,-3.1588,-2.5476
2.836000,-7.7969,-5.9133,-3.9718,-3.1408,-2.5348
2.838000,-7.7349,-5.8694,-3.9470,-3.1230,-2.5221
2.840000,-7.6737,-5.8260,-3.9223,-3.1054,-2.5095
2.842000,-7.6132,-5.7830,-3.8980,-3.0880,-2.4970
2.844000,-7.5534,-5.7405,-3.8738,-3.0707,-2.4847
2.846000,-7.4942,-5.6984,-3.8499,-3.0536,-2.4724
2.848000,-7.4357,-5.6568,-3.8262,-3.0366,-2.4603
2.850000,-7.3778,-5.6156,-3.8028,-3.0198,-2.4482
2.852000,-7.3206,-5.5749,-3.7795,-3.0032,-2.4363
2.854000,-7.2640,-5.5346,-3.7565,-2.9867,-2.4245
2.856000,-7.2081,-5.4947,-3.7337,-2.9703,-2.4128
2.858000,-7.1528,-5.4552,-3.7112,-2.9541,-2.4012
2.860000,-7.0980,-5.4161,-3.6888,-2.9381,-2.3897
2.862000,-7.0439,-5.3775,-3.6666,-2.9222,-2.3784
2.864000,-6.9904,-5.3392,-3.6447,-2.9064,-2.3671
2.866000,-6.9374,-5.3013,-3.6230,-2.8908,-2.3559
2.868000,-6.8850,-5.2638,-3.6014,-2.8754,-2.3448
2.870000,-6.8332,-5.2267,-3.5801,-2.8601,-2.3339
2.872000,-6.7819,-5.1900,-3.5590,-2.8449,-2.3230
2.874000,-6.7312,-5.1536,-3.5381,-2.8298,-2.3122
2.876000,-6.6810,-5.1177,-3.5173,-2.8149,-2.3015
2.878000,-6.6313,-5.0820,-3.4968,-2.8002,-2.2909
2.880000,-6.5822,-5.0468,-3.4764,-2.7855,-2.2804
2.882000,-6.5336,-5.0119,-3.4563,-2.7710,-2.2701
2.884000,-6.4855,-4.9773,-3.4363,-2.7566,-2.2597
2.886000,-6.4379,-4.9431,-3.4165,-2.7424,-2.2495
2.888000,-6.3908,-4.9092,-3.3969,-2.7283,-2.2394
2.890000,-6.3442,-4.8757,-3.3774,-2.7143,-2.2294
2.892000,-6.2981,-4.8425,-3.3582,-2.7004,-2.2195
2.894000,-6.2524,-4.8096,-3.3391,-2.6867,-2.2096
2.896000,-6.2072,-4.7771,-3.3202,-2.6731,-2.1999
2.898000,-6.1625,-4.7449,-3.3015,-2.6596,-2.1902
2.900000,-6.1182,-4.7130,-3.2829,-2.6462,-2.1806
2.902000,-6.0744,-4.6814,-3.2645,-2.6330,-2.1711
2.904000,-6.0311,-4.6501,-3.2463,-2.6198,-2.1617
2.906000,-5.9882,-4.6191,-3.2282,-2.6068,-2.1524
2.908000,-5.9457,-4.5884,-3.2103,-2.5939,-2.1431
2.910000,-5.9036,-4.5580,-3.1926,-2.5811,-2.1340
2.912000,-5.8620,-4.5279,-3.1750,-2.5685,-2.1249
2.914000,-5.8208,-4.4981,-3.1576,-2.5559,-2.1159
2.916000,-5.7799,-4.4686,-3.1403,-2.5435,-2.1070
2.918000,-5.7395,-4.4394,-3.1232,-2.5311,-2.0981
2.920000,-5.6996,-4.4104,-3.1063,-2.5189,-2.0894
2.922000,-5.6599,-4.3818,-3.0895,-2.5068,-2.0807
2.924000,-5.6207,-4.3534,-3.0728,-2.4947,-2.0721
2.926000,-5.5819,-4.3252,-3.0563,-2.4828,-2.0636
2.928000,-5.5435,-4.2974,-3.0400,-2.4710,-2.0551
2.930000,-5.5054,-4.2698,-3.0237,-2.4593,-2.0467
2.932000,-5.4677,-4.2424,-3.0077,-2.4477,-2.0384
2.934000,-5.4304,-4.2153,-2.9917,-2.4362,-2.0302
2.936000,-5.3934,-4.1885,-2.9760,-2.4248,-2.0220
2.938000,-5.3568,-4.1619,-2.9603,-2.4136,-2.0140
2.940000,-5.3206,-4.1356,-2.9448,-2.4024,-2.0060
2.942000,-5.2847,-4.1095,-2.9294,-2.3913,-1.9980
2.944000,-5.2491,-4.0837,-2.9142,-2.3803,-1.9902
2.946000,-5.2139,-4.0581,-2.8991,-2.3694,-1.9824
2.948000,-5.1791,-4.0327,-2.8841,-2.3585,-1.9746
2.950000,-5.1445,-4.0076,-2.8693,-2.3478,-1.9670
2.952000,-5.1103,-3.9827,-2.8545,-2.3372,-1.9594
2.954000,-5.0764,-3.9581,-2.8400,-2.3267,-1.9519
2.956000,-5.0429,-3.9336,-2.8255,-2.3162,-1.9444
2.958000,-5.0096,-3.9094,-2.8112,-2.3059,-1.9370
2.960000,-4.9767,-3.8854,-2.7970,-2.2956,-1.9297
2.962000,-4.9441,-3.8617,-2.7829,-2.2855,-1.9225
2.964000,-4.9118,-3.8381,-2.7689,-2.2754,-1.9153
2.966000,-4.8798,-3.8148,-2.7551,-2.2654,-1.9082
2.968000,-4.8481,-3.7916,-2.7413,-2.2555,-1.9011
2.970000,-4.8167,-3.7687,-2.7277,-2.2457,-1.8941
2.972000,-4.7855,-3.7460,-2.7143,-2.2360,-1.8872
2.974000,-4.7547,-3.7235,-2.7009,-2.2263,-1.8803
2.976000,-4.7242,-3.7012,-2.6876,-2.2167,-1.8735
2.978000,-4.6939,-3.6791,-2.6745,-2.2073,-1.8667
2.980000,-4.6639,-3.6572,-2.6615,-2.1979,-1.8601
2.982000,-4.6342,-3.6355,-2.6485,-2.1885,-1.8534
2.984000,-4.6048,-3.6140,-2.6357,-2.1793,-1.8469
2.986000,-4.5756,-3.5927,-2.6230,-2.1701,-1.8404
2.988000,-4.5467,-3.5716,-2.6104,-2.1611,-1.8339
2.990000,-4.5181,-3.5507,-2.5980,-2.1521,-1.8275
2.992000,-4.4898,-3.5299,-2.5856,-2.1432,-1.8212
2.994000,-4.4616,-3.5094,-2.5733,-2.1343,-1.8149
2.996000,-4.4338,-3.4890,-2.5612,-2.1255,-1.8087
2.998000,-4.4062,-3.4688,-2.5491,-2.1169,-1.8026
3.000000,-4.3788,-3.4488,-2.5371,-2.1082,-1.7965
3.002000,-4.3517,-3.4289,-2.5253,-2.0997,-1.7904
3.004000,-4.3249,-3.4093,-2.5135,-2.0912,-1.7844
3.006000,-4.2983,-3.3898,-2.5019,-2.0828,-1.7785
3.008000,-4.2719,-3.3705,-2.4903,-2.0745,-1.7726
3.010000,-4.2458,-3.3513,-2.4789,-2.0663,-1.7668
3.012000,-4.2199,-3.3323,-2.4675,-2.0581,-1.7611
3.014000,-4.1942,-3.3135,-2.4562,-2.0500,-1.7553
3.016000,-4.1687,-3.2948,-2.4451,-2.0420,-1.7497
3.018000,-4.1435,-3.2764,-2.4340,-2.0340,-1.7441
3.020000,-4.1185,-3.2580,-2.4230,-2.0261,-1.7385
3.022000,-4.0938,-3.2399,-2.4121,-2.0183,-1.7330
3.024000,-4.0692,-3.2219,-2.4013,-2.0105,-1.7276
3.026000,-4.0449,-3.2040,-2.3906,-2.0028,-1.7222
3.028000,-4.0208,-3.1863,-2.3800,-1.9952,-1.7168
3.030000,-3.9969,-3.1688,-2.3695,-1.9876,-1.7115
3.032000,-3.9732,-3.1514,-2.3591,-1.9802,-1.7063
3.034000,-3.9497,-3.1341,-2.3487,-1.9727,-1.7011
3.036000,-3.9264,-3.1170,-2.3385,-1.9654,-1.6959
3.038000,-3.9033,-3.1001,-2.3283,-1.9581,-1.6908
3.040000,-3.8805,-3.0833,-2.3182,-1.9508,-1.6858
3.042000,-3.8578,-3.0666,-2.3082,-1.9437,-1.6808
3.044000,-3.8353,-3.0501,-2.2983,-1.9366,-1.6758
3.046000,-3.8130,-3.0338,-2.2885,-1.9295,-1.6709
3.048000,-3.7909,-3.0175,-2.2787,-1.9226,-1.6661
3.050000,-3.7691,-3.0014,-2.2690,-1.9156,-1.6613
3.052000,-3.7474,-2.9855,-2.2595,-1.9088,-1.6565
3.054000,-3.7258,-2.9697,-2.2500,-1.9020,-1.6518
3.056000,-3.7045,-2.9540,-2.2405,-1.8953,-1.6471
3.058000,-3.6834,-2.9384,-2.2312,-1.8886,-1.6425
3.060000,-3.6624,-2.9230,-2.2219,-1.8820,-1.6379
3.062000,-3.6416,-2.9078,-2.2127,-1.8754,-1.6334
3.064000,-3.6210,-2.8926,-2.2036,-1.8689,-1.6289
3.066000,-3.6006,-2.8776,-2.1946,-1.8625,-1.6245
3.068000,-3.5803,-2.8627,-2.1856,-1.8561,-1.6201
3.070000,-3.5602,-2.8479,-2.1767,-1.8498,-1.6157
3.072000,-3.5403,-2.8333,-2.1679,-1.8435,-1.6114
3.074000,-3.5206,-2.8187,-2.1592,-1.8373,-1.6072
3.076000,-3.5010,-2.8043,-2.1505,-1.8311,-1.6029
3.078000,-3.4816,-2.7901,-2.1420,-1.8250,-1.5988
3.080000,-3.4624,-2.7759,-2.1334,-1.8190,-1.5946
3.082000,-3.4433,-2.7619,-2.1250,-1.8130,-1.5906
3.084000,-3.4244,-2.7480,-2.1166,-1.8070,-1.5865
3.086000,-3.4056,-2.7342,-2.1083,-1.8012,-1.5825
3.088000,-3.3870,-2.7205,-2.1001,-1.7953,-1.5785
3.090000,-3.3686,-2.7069,-2.0920,-1.7895,-1.5746
3.092000,-3.3503,-2.6935,-2.0839,-1.7838,-1.5708
3.094000,-3.3322,-2.6801,-2.0758,-1.7782,-1.5669
3.096000,-3.3142,-2.6669,-2.0679,-1.7725,-1.5631
3.098000,-3.2964,-2.6538,-2.0600,-1.7670,-1.5594
3.100000,-3.2787,-2.6408,-2.0522,-1.7615,-1.5557
3.102000,-3.2612,-2.6279,-2.0445,-1.7560,-1.5520
3.104000,-3.2438,-2.6151,-2.0368,-1.7506,-1.5484
3.106000,-3.2266,-2.6024,-2.0292,-1.7452,-1.5448
3.108000,-3.2095,-2.5898,-2.0216,-1.7399,-1.5412
3.110000,-3.1926,-2.5774,-2.0141,-1.7346,-1.5377
3.112000,-3.1758,-2.5650,-2.0067,-1.7294,-1.5342
3.114000,-3.1591,-2.5527,-1.9993,-1.7243,-1.5308
3.116000,-3.1426,-2.5406,-1.9920,-1.7191,-1.5274
3.118000,-3.1262,-2.5285,-1.9848,-1.7141,-1.5241
3.120000,-3.1099,-2.5166,-1.9776,-1.7091,-1.5207
3.122000,-3.0938,-2.5047,-1.9705,-1.7041,-1.5175
3.124000,-3.0778,-2.4929,-1.9635,-1.6992,-1.5142
3.126000,-3.0620,-2.4813,-1.9565,-1.6943,-1.5110
3.128000,-3.0462,-2.4697,-1.9496,-1.6895,-1.5079
3.130000,-3.0307,-2.4582,-1.9427,-1.6847,-1.5047
3.132000,-3.0152,-2.4469,-1.9359,-1.6799,-1.5017
3.134000,-2.9999,-2.4356,-1.9291,-1.6753,-1.4986
3.136000,-2.9847,-2.4244,-1.9225,-1.6706,-1.4956
3.138000,-2.9696,-2.4133,-1.9158,-1.6660,-1.4926
3.140000,-2.9546,-2.4023,-1.9093,-1.6615,-1.4897
3.142000,-2.9398,-2.3914,-1.9027,-1.6569,-1.4868
3.144000,-2.9251,-2.3806,-1.8963,-1.6525,-1.4839
3.146000,-2.9105,-2.3699,-1.8899,-1.6481,-1.4811
3.148000,-2.8960,-2.3593,-1.8835,-1.6437,-1.4783
3.150000,-2.8817,-2.3487,-1.8772,-1.6394,-1.4756
3.152000,-2.8674,-2.3382,-1.8710,-1.6351,-1.4728
3.154000,-2.8533,-2.3279,-1.8648,-1.6308,-1.4702
3.156000,-2.8393,-2.3176,-1.8587,-1.6266,-1.4675
3.158000,-2.8254,-2.3074,-1.8527,-1.6225,-1.4649
3.160000,-2.8116,-2.2973,-1.8466,-1.6184,-1.4623
3.162000,-2.7980,-2.2873,-1.8407,-1.6143,-1.4598
3.164000,-2.7844,-2.2773,-1.8348,-1.6103,-1.4573
3.166000,-2.7710,-2.2674,-1.8289,-1.6063,-1.4548
3.168000,-2.7576,-2.2577,-1.8231,-1.6023,-1.4524
3.170000,-2.7444,-2.2480,-1.8174,-1.5984,-1.4500
3.172000,-2.7313,-2.2384,-1.8117,-1.5946,-1.4476
3.174000,-2.7183,-2.2288,-1.8060,-1.5907,-1.4453
3.176000,-2.7054,-2.2194,-1.8004,-1.5870,-1.4430
3.178000,-2.6926,-2.2100,-1.7949,-1.5832,-1.4407
3.180000,-2.6799,-2.2007,-1.7894,-1.5795,-1.4385
3.182000,-2.6673,-2.1915,-1.7840,-1.5759,-1.4363
3.184000,-2.6548,-2.1823,-1.7786,-1.5722,-1.4341
3.186000,-2.6424,-2.1733,-1.7732,-1.5687,-1.4320
3.188000,-2.6302,-2.1643,-1.7680,-1.5651,-1.4299
3.190000,-2.6180,-2.1553,-1.7627,-1.5616,-1.4278
3.192000,-2.6059,-2.1465,-1.7575,-1.5582,-1.4258
3.194000,-2.5939,-2.1377,-1.7524,-1.5548,-1.4238
3.196000,-2.5820,-2.1290,-1.7473,-1.5514,-1.4218
3.198000,-2.5702,-2.1204,-1.7422,-1.5480,-1.4199
3.200000,-2.5585,-2.1119,-1.7372,-1.5447,-1.4180
3.202000,-2.5469,-2.1034,-1.7323,-1.5415,-1.4161
3.204000,-2.5354,-2.0950,-1.7274,-1.5382,-1.4143
3.206000,-2.5240,-2.0867,-1.7225,-1.5350,-1.4125
3.208000,-2.5126,-2.0784,-1.7177,-1.5319,-1.4108
3.210000,-2.5014,-2.0702,-1.7129,-1.5288,-1.4090
3.212000,-2.4902,-2.0621,-1.7082,-1.5257,-1.4073
3.214000,-2.4792,-2.0540,-1.7035,-1.5227,-1.4056
3.216000,-2.4682,-2.0460,-1.6989,-1.5196,-1.4040
3.218000,-2.4573,-2.0381,-1.6943,-1.5167,-1.4024
3.220000,-2.4466,-2.0303,-1.6898,-1.5138,-1.4008
3.222000,-2.4358,-2.0225,-1.6853,-1.5109,-1.3993
3.224000,-2.4252,-2.0148,-1.6808,-1.5080,-1.3978
3.226000,-2.4147,-2.0071,-1.6764,-1.5052,-1.3963
3.228000,-2.4043,-1.9995,-1.6721,-1.5024,-1.3948
3.230000,-2.3939,-1.9920,-1.6678,-1.4996,-1.3934
3.232000,-2.3836,-1.9846,-1.6635,-1.4969,-1.3920
3.234000,-2.3734,-1.9772,-1.6593,-1.4943,-1.3907
3.236000,-2.3633,-1.9698,-1.6551,-1.4916,-1.3894
3.238000,-2.3533,-1.9626,-1.6509,-1.4890,-1.3881
3.240000,-2.3433,-1.9554,-1.6468,-1.4864,-1.3868
3.242000,-2.3334,-1.9482,-1.6428,-1.4839,-1.3856
3.244000,-2.3236,-1.9411,-1.6387,-1.4814,-1.3844
3.246000,-2.3139,-1.9341,-1.6348,-1.4789,-1.3832
3.248000,-2.3043,-1.9272,-1.6308,-1.4765,-1.3821
3.250000,-2.2947,-1.9203,-1.6269,-1.4741,-1.3810
3.252000,-2.2853,-1.9134,-1.6231,-1.4718,-1.3799
3.254000,-2.2759,-1.9066,-1.6193,-1.4694,-1.3789
3.256000,-2.2665,-1.8999,-1.6155,-1.4671,-1.3778
3.258000,-2.2573,-1.8933,-1.6118,-1.4649,-1.3769
3.260000,-2.2481,-1.8867,-1.6081,-1.4626,-1.3759
3.262000,-2.2390,-1.8801,-1.6044,-1.4604,-1.3750
3.264000,-2.2300,-1.8736,-1.6008,-1.4583,-1.3741
3.266000,-2.2210,-1.8672,-1.5972,-1.4562,-1.3732
3.268000,-2.2121,-1.8608,-1.5937,-1.4541,-1.3724
3.270000,-2.2033,-1.8545,-1.5902,-1.4520,-1.3716
3.272000,-2.1946,-1.8482,-1.5868,-1.4500,-1.3708
3.274000,-2.1859,-1.8420,-1.5834,-1.4480,-1.3701
3.276000,-2.1773,-1.8359,-1.5800,-1.4460,-1.3694
3.278000,-2.1687,-1.8298,-1.5766,-1.4441,-1.3687
3.280000,-2.1603,-1.8237,-1.5733,-1.4422,-1.3680
3.282000,-2.1519,-1.8178,-1.5701,-1.4404,-1.3674
3.284000,-2.1436,-1.8118,-1.5669,-1.4385,-1.3668
3.286000,-2.1353,-1.8059,-1.5637,-1.4367,-1.3662
3.288000,-2.1271,-1.8001,-1.5605,-1.4350,-1.3657
3.290000,-2.1190,-1.7943,-1.5574,-1.4332,-1.3652
3.292000,-2.1109,-1.7886,-1.5544,-1.4315,-1.3647
3.294000,-2.1029,-1.7829,-1.5513,-1.4299,-1.3643
3.296000,-2.0950,-1.7773,-1.5483,-1.4282,-1.3638
3.298000,-2.0871,-1.7718,-1.5454,-1.4266,-1.3635
3.300000,-2.0793,-1.7662,-1.5424,-1.4251,-1.3631
3.302000,-2.0716,-1.7608,-1.5396,-1.4235,-1.3628
3.304000,-2.0639,-1.7554,-1.5367,-1.4220,-1.3625
3.306000,-2.0563,-1.7500,-1.5339,-1.4205,-1.3622
3.308000,-2.0487,-1.7447,-1.5311,-1.4191,-1.3620
3.310000,-2.0412,-1.7394,-1.5284,-1.4177,-1.3617
3.312000,-2.0338,-1.7342,-1.5257,-1.4163,-1.3616
3.314000,-2.0264,-1.7290,-1.5230,-1.4149,-1.3614
3.316000,-2.0191,-1.7239,-1.5204,-1.4136,-1.3613
3.318000,-2.0119,-1.7188,-1.5178,-1.4123,-1.3612
3.320000,-2.0047,-1.7138,-1.5152,-1.4110,-1.3611
3.322000,-1.9975,-1.7088,-1.5127,-1.4098,-1.3611
3.324000,-1.9904,-1.7039,-1.5102,-1.4086,-1.3611
3.326000,-1.9834,-1.6990,-1.5077,-1.4074,-1.3611
3.328000,-1.9765,-1.6942,-1.5053,-1.4063,-1.3611
3.330000,-1.9696,-1.6894,-1.5029,-1.4052,-1.3612
3.332000,-1.9627,-1.6846,-1.5005,-1.4041,-1.3613
3.334000,-1.9559,-1.6799,-1.4982,-1.4031,-1.3615
3.336000,-1.9492,-1.6753,-1.4959,-1.4021,-1.3616
3.338000,-1.9425,-1.6707,-1.4937,-1.4011,-1.3618
3.340000,-1.9359,-1.6661,-1.4915,-1.4001,-1.3620
3.342000,-1.9293,-1.6616,-1.4893,-1.3992,-1.3623
3.344000,-1.9228,-1.6571,-1.4871,-1.3983,-1.3626
3.346000,-1.9163,-1.6527,-1.4850,-1.3974,-1.3629
3.348000,-1.9099,-1.6483,-1.4829,-1.3966,-1.3632
3.350000,-1.9036,-1.6440,-1.4809,-1.3958,-1.3636
3.352000,-1.8973,-1.6397,-1.4788,-1.3950,-1.3640
3.354000,-1.8910,-1.6354,-1.4769,-1.3942,-1.3644
3.356000,-1.8848,-1.6312,-1.4749,-1.3935,-1.3649
3.358000,-1.8787,-1.6270,-1.4730,-1.3928,-1.3654
3.360000,-1.8726,-1.6229,-1.4711,-1.3922,-1.3659
3.362000,-1.8665,-1.6188,-1.4692,-1.3915,-1.3664
3.364000,-1.8605,-1.6148,-1.4674,-1.3909,-1.3670
3.366000,-1.8546,-1.6108,-1.4656,-1.3904,-1.3676
3.368000,-1.8487,-1.6068,-1.4639,-1.3898,-1.3682
3.370000,-1.8428,-1.6029,-1.4621,-1.3893,-1.3688
3.372000,-1.8370,-1.5990,-1.4604,-1.3888,-1.3695
3.374000,-1.8313,-1.5952,-1.4588,-1.3884,-1.3702
3.376000,-1.8256,-1.5914,-1.4571,-1.3880,-1.3710
3.378000,-1.8199,-1.5876,-1.4555,-1.3876,-1.3718
3.380000,-1.8143,-1.5839,-1.4540,-1.3872,-1.3726
3.382000,-1.8087,-1.5802,-1.4524,-1.3868,-1.3734
3.384000,-1.8032,-1.5766,-1.4509,-1.3865,-1.3742
3.386000,-1.7978,-1.5730,-1.4495,-1.3863,-1.3751
3.388000,-1.7923,-1.5695,-1.4480,-1.3860,-1.3760
3.390000,-1.7870,-1.5659,-1.4466,-1.3858,-1.3770
3.392000,-1.7816,-1.5625,-1.4452,-1.3856,-1.3780
3.394000,-1.7763,-1.5590,-1.4439,-1.3854,-1.3790
3.396000,-1.7711,-1.5556,-1.4426,-1.3853,-1.3800
3.398000,-1.7659,-1.5522,-1.4413,-1.3852,-1.3810
3.400000,-1.7608,-1.5489,-1.4400,-1.3851,-1.3821
3.402000,-1.7556,-1.5456,-1.4388,-1.3850,-1.3832
3.404000,-1.7506,-1.5424,-1.4376,-1.3850,-1.3844
3.406000,-1.7456,-1.5392,-1.4364,-1.3850,-1.3856
3.408000,-1.7406,-1.5360,-1.4353,-1.3850,-1.3868
3.410000,-1.7356,-1.5329,-1.4342,-1.3851,-1.3880
3.412000,-1.7307,-1.5298,-1.4331,-1.3852,-1.3893
3.414000,-1.7259,-1.5267,-1.4321,-1.3853,-1.3906
3.416000,-1.7211,-1.5237,-1.4311,-1.3855,-1.3919
3.418000,-1.7163,-1.5207,-1.4301,-1.3856,-1.3932
3.420000,-1.7116,-1.5177,-1.4291,-1.3858,-1.3946
3.422000,-1.7069,-1.5148,-1.4282,-1.3861,-1.3960
3.424000,-1.7022,-1.5119,-1.4273,-1.3863,-1.3974
3.426000,-1.6976,-1.5091,-1.4264,-1.3866,-1.3989
3.428000,-1.6931,-1.5062,-1.4256,-1.3869,-1.4004
3.430000,-1.6885,-1.5035,-1.4248,-1.3873,-1.4019
3.432000,-1.6841,-1.5007,-1.4240,-1.3876,-1.4035
3.434000,-1.6796,-1.4980,-1.4233,-1.3880,-1.4051
3.436000,-1.6752,-1.4953,-1.4225,-1.3885,-1.4067
3.438000,-1.6708,-1.4927,-1.4219,-1.3889,-1.4083
3.440000,-1.6665,-1.4901,-1.4212,-1.3894,-1.4100
3.442000,-1.6622,-1.4875,-1.4206,-1.3899,-1.4117
3.444000,-1.6579,-1.4850,-1.4200,-1.3905,-1.4134
3.446000,-1.6537,-1.4825,-1.4194,-1.3910,-1.4152
3.448000,-1.6495,-1.4800,-1.4188,-1.3916,-1.4170
3.450000,-1.6454,-1.4776,-1.4183,-1.3923,-1.4188
3.452000,-1.6413,-1.4752,-1.4178,-1.3929,-1.4206
3.454000,-1.6372,-1.4728,-1.4174,-1.3936,-1.4225
3.456000,-1.6332,-1.4705,-1.4170,-1.3943,-1.4244
3.458000,-1.6292,-1.4682,-1.4166,-1.3950,-1.4263
3.460000,-1.6252,-1.4659,-1.4162,-1.3958,-1.4283
3.462000,-1.6213,-1.4637,-1.4158,-1.3966,-1.4303
3.464000,-1.6174,-1.4615,-1.4155,-1.3974,-1.4323
3.466000,-1.6135,-1.4593,-1.4152,-1.3983,-1.4344
3.468000,-1.6097,-1.4572,-1.4150,-1.3991,-1.4365
3.470000,-1.6059,-1.4550,-1.4148,-1.4000,-1.4386
3.472000,-1.6021,-1.4530,-1.4146,-1.4010,-1.4407
3.474000,-1.5984,-1.4509,-1.4144,-1.4019,-1.4429
3.476000,-1.5947,-1.4489,-1.4142,-1.4029,-1.4451
3.478000,-1.5911,-1.4469,-1.4141,-1.4039,-1.4474
3.480000,-1.5874,-1.4450,-1.4140,-1.4050,-1.4496
3.482000,-1.5839,-1.4431,-1.4140,-1.4060,-1.4519
3.484000,-1.5803,-1.4412,-1.4140,-1.4071,-1.4542
3.486000,-1.5768,-1.4393,-1.4140,-1.4083,-1.4566
3.488000,-1.5733,-1.4375,-1.4140,-1.4094,-1.4590
3.490000,-1.5698,-1.4357,-1.4140,-1.4106,-1.4614
3.492000,-1.5664,-1.4339,-1.4141,-1.4118,-1.4639
3.494000,-1.5630,-1.4322,-1.4142,-1.4130,-1.4663
3.496000,-1.5596,-1.4305,-1.4144,-1.4143,-1.4688
3.498000,-1.5563,-1.4288,-1.4145,-1.4156,-1.4714
3.500000,-1.5530,-1.4272,-1.4147,-1.4169,-1.4740
