freq_GHz,S11_dB_zwave_0pct,S11_dB_zwave_5pct,S11_dB_zwave_10pct,S11_dB_zwave_15pct,S11_dB_zwave_20pct
1.500000,-0.5733,-0.5966,-0.6707,-0.7028,-0.7556
1.502000,-0.5766,-0.6002,-0.6751,-0.7077,-0.7613
1.504000,-0.5799,-0.6038,-0.6795,-0.7127,-0.7670
1.506000,-0.5833,-0.6075,-0.6840,-0.7177,-0.7729
1.508000,-0.5867,-0.6113,-0.6885,-0.7229,-0.7788
1.510000,-0.5902,-0.6150,-0.6931,-0.7281,-0.7848
1.512000,-0.5937,-0.6189,-0.6978,-0.7333,-0.7909
1.514000,-0.5972,-0.6228,-0.7026,-0.7387,-0.7970
1.516000,-0.6008,-0.6267,-0.7074,-0.7441,-0.8033
1.518000,-0.6044,-0.6307,-0.7123,-0.7495,-0.8096
1.520000,-0.6081,-0.6347,-0.7172,-0.7551,-0.8160
1.522000,-0.6118,-0.6388,-0.7223,-0.7607,-0.8225
1.524000,-0.6156,-0.6429,-0.7274,-0.7664,-0.8291
1.526000,-0.6194,-0.6471,-0.7325,-0.7722,-0.8358
1.528000,-0.6233,-0.6513,-0.7378,-0.7781,-0.8426
1.530000,-0.6272,-0.6556,-0.7431,-0.7841,-0.8495
1.532000,-0.6312,-0.6600,-0.7485,-0.7901,-0.8565
1.534000,-0.6352,-0.6644,-0.7540,-0.7962,-0.8636
1.536000,-0.6393,-0.6688,-0.7595,-0.8024,-0.8707
1.538000,-0.6434,-0.6733,-0.7652,-0.8087,-0.8780
1.540000,-0.6475,-0.6779,-0.7709,-0.8151,-0.8854
1.542000,-0.6517,-0.6825,-0.7767,-0.8215,-0.8929
1.544000,-0.6560,-0.6872,-0.7825,-0.8281,-0.9004
1.546000,-0.6603,-0.6919,-0.7885,-0.8347,-0.9081
1.548000,-0.6647,-0.6967,-0.7945,-0.8414,-0.9159
1.550000,-0.6691,-0.7016,-0.8007,-0.8483,-0.9238
1.552000,-0.6736,-0.7065,-0.8069,-0.8552,-0.9318
1.554000,-0.6781,-0.7115,-0.8132,-0.8622,-0.9400
1.556000,-0.6827,-0.7165,-0.8196,-0.8693,-0.9482
1.558000,-0.6874,-0.7216,-0.8261,-0.8765,-0.9566
1.560000,-0.6921,-0.7268,-0.8326,-0.8838,-0.9651
1.562000,-0.6968,-0.7320,-0.8393,-0.8912,-0.9737
1.564000,-0.7017,-0.7373,-0.8461,-0.8987,-0.9824
1.566000,-0.7065,-0.7426,-0.8529,-0.9063,-0.9912
1.568000,-0.7115,-0.7481,-0.8599,-0.9140,-1.0002
1.570000,-0.7165,-0.7536,-0.8669,-0.9219,-1.0093
1.572000,-0.7215,-0.7591,-0.8741,-0.9298,-1.0185
1.574000,-0.7267,-0.7647,-0.8813,-0.9378,-1.0279
1.576000,-0.7319,-0.7704,-0.8887,-0.9460,-1.0374
1.578000,-0.7371,-0.7762,-0.8961,-0.9543,-1.0470
1.580000,-0.7424,-0.7821,-0.9037,-0.9626,-1.0568
1.582000,-0.7478,-0.7880,-0.9114,-0.9711,-1.0667
1.584000,-0.7532,-0.7939,-0.9191,-0.9797,-1.0767
1.586000,-0.7587,-0.8000,-0.9270,-0.9885,-1.0869
1.588000,-0.7643,-0.8061,-0.9350,-0.9973,-1.0972
1.590000,-0.7700,-0.8123,-0.9431,-1.0063,-1.1077
1.592000,-0.7757,-0.8186,-0.9513,-1.0154,-1.1183
1.594000,-0.7814,-0.8250,-0.9597,-1.0246,-1.1291
1.596000,-0.7873,-0.8314,-0.9681,-1.0340,-1.1401
1.598000,-0.7932,-0.8380,-0.9767,-1.0435,-1.1512
1.600000,-0.7992,-0.8446,-0.9854,-1.0531,-1.1624
1.602000,-0.8053,-0.8512,-0.9942,-1.0628,-1.1739
1.604000,-0.8114,-0.8580,-1.0031,-1.0727,-1.1855
1.606000,-0.8176,-0.8649,-1.0122,-1.0827,-1.1972
1.608000,-0.8239,-0.8718,-1.0214,-1.0929,-1.2091
1.610000,-0.8303,-0.8788,-1.0307,-1.1032,-1.2213
1.612000,-0.8367,-0.8859,-1.0401,-1.1137,-1.2335
1.614000,-0.8432,-0.8931,-1.0497,-1.1243,-1.2460
1.616000,-0.8498,-0.9004,-1.0594,-1.1350,-1.2586
1.618000,-0.8565,-0.9078,-1.0692,-1.1459,-1.2715
1.620000,-0.8633,-0.9152,-1.0792,-1.1570,-1.2845
1.622000,-0.8701,-0.9228,-1.0893,-1.1682,-1.2977
1.624000,-0.8770,-0.9305,-1.0995,-1.1795,-1.3111
1.626000,-0.8841,-0.9382,-1.1099,-1.1910,-1.3247
1.628000,-0.8911,-0.9460,-1.1205,-1.2027,-1.3385
1.630000,-0.8983,-0.9540,-1.1311,-1.2146,-1.3525
1.632000,-0.9056,-0.9620,-1.1420,-1.2266,-1.3667
1.634000,-0.9129,-0.9702,-1.1530,-1.2388,-1.3812
1.636000,-0.9204,-0.9784,-1.1641,-1.2511,-1.3958
1.638000,-0.9279,-0.9868,-1.1754,-1.2637,-1.4107
1.640000,-0.9355,-0.9952,-1.1868,-1.2764,-1.4258
1.642000,-0.9433,-1.0038,-1.1984,-1.2893,-1.4411
1.644000,-0.9511,-1.0124,-1.2102,-1.3023,-1.4566
1.646000,-0.9590,-1.0212,-1.2221,-1.3156,-1.4724
1.648000,-0.9670,-1.0301,-1.2342,-1.3290,-1.4884
1.650000,-0.9751,-1.0390,-1.2464,-1.3427,-1.5046
1.652000,-0.9833,-1.0481,-1.2589,-1.3565,-1.5211
1.654000,-0.9916,-1.0574,-1.2715,-1.3705,-1.5379
1.656000,-0.9999,-1.0667,-1.2842,-1.3847,-1.5549
1.658000,-1.0084,-1.0761,-1.2972,-1.3992,-1.5721
1.660000,-1.0170,-1.0857,-1.3103,-1.4138,-1.5896
1.662000,-1.0257,-1.0954,-1.3236,-1.4287,-1.6074
1.664000,-1.0346,-1.1052,-1.3371,-1.4437,-1.6255
1.666000,-1.0435,-1.1151,-1.3507,-1.4590,-1.6438
1.668000,-1.0525,-1.1252,-1.3646,-1.4745,-1.6624
1.670000,-1.0616,-1.1354,-1.3787,-1.4902,-1.6813
1.672000,-1.0709,-1.1457,-1.3929,-1.5062,-1.7005
1.674000,-1.0802,-1.1561,-1.4073,-1.5223,-1.7200
1.676000,-1.0897,-1.1667,-1.4220,-1.5387,-1.7398
1.678000,-1.0993,-1.1774,-1.4368,-1.5554,-1.7599
1.680000,-1.1090,-1.1882,-1.4519,-1.5723,-1.7803
1.682000,-1.1188,-1.1992,-1.4671,-1.5894,-1.8010
1.684000,-1.1288,-1.2103,-1.4826,-1.6068,-1.8220
1.686000,-1.1388,-1.2216,-1.4983,-1.6244,-1.8434
1.688000,-1.1490,-1.2330,-1.5142,-1.6423,-1.8651
1.690000,-1.1593,-1.2445,-1.5303,-1.6605,-1.8871
1.692000,-1.1697,-1.2562,-1.5466,-1.6789,-1.9095
1.694000,-1.1803,-1.2680,-1.5632,-1.6976,-1.9322
1.696000,-1.1910,-1.2800,-1.5800,-1.7165,-1.9553
1.698000,-1.2018,-1.2922,-1.5970,-1.7358,-1.9788
1.700000,-1.2128,-1.3044,-1.6143,-1.7553,-2.0026
1.702000,-1.2239,-1.3169,-1.6318,-1.7751,-2.0268
1.704000,-1.2351,-1.3295,-1.6495,-1.7952,-2.0514
1.706000,-1.2464,-1.3423,-1.6675,-1.8156,-2.0763
1.708000,-1.2580,-1.3552,-1.6857,-1.8363,-2.1017
1.710000,-1.2696,-1.3683,-1.7042,-1.8573,-2.1275
1.712000,-1.2814,-1.3816,-1.7230,-1.8786,-2.1537
1.714000,-1.2933,-1.3950,-1.7420,-1.9003,-2.1803
1.716000,-1.3054,-1.4086,-1.7613,-1.9222,-2.2073
1.718000,-1.3176,-1.4224,-1.7808,-1.9445,-2.2348
1.720000,-1.3300,-1.4364,-1.8006,-1.9671,-2.2627
1.722000,-1.3425,-1.4505,-1.8207,-1.9901,-2.2910
1.724000,-1.3552,-1.4649,-1.8411,-2.0134,-2.3198
1.726000,-1.3680,-1.4794,-1.8617,-2.0370,-2.3491
1.728000,-1.3810,-1.4941,-1.8827,-2.0610,-2.3789
1.730000,-1.3942,-1.5090,-1.9039,-2.0854,-2.4091
1.732000,-1.4075,-1.5241,-1.9255,-2.1102,-2.4398
1.734000,-1.4210,-1.5394,-1.9473,-2.1353,-2.4711
1.736000,-1.4347,-1.5548,-1.9695,-2.1608,-2.5028
1.738000,-1.4485,-1.5705,-1.9919,-2.1866,-2.5351
1.740000,-1.4625,-1.5864,-2.0147,-2.2129,-2.5679
1.742000,-1.4766,-1.6025,-2.0378,-2.2396,-2.6012
1.744000,-1.4910,-1.6188,-2.0613,-2.2667,-2.6351
1.746000,-1.5055,-1.6353,-2.0850,-2.2941,-2.6696
1.748000,-1.5202,-1.6521,-2.1092,-2.3221,-2.7046
1.750000,-1.5351,-1.6690,-2.1336,-2.3504,-2.7402
1.752000,-1.5502,-1.6862,-2.1584,-2.3792,-2.7764
1.754000,-1.5654,-1.7036,-2.1836,-2.4084,-2.8132
1.756000,-1.5809,-1.7212,-2.2091,-2.4381,-2.8506
1.758000,-1.5965,-1.7391,-2.2350,-2.4682,-2.8886
1.760000,-1.6124,-1.7572,-2.2612,-2.4988,-2.9273
1.762000,-1.6284,-1.7755,-2.2879,-2.5299,-2.9666
1.764000,-1.6447,-1.7941,-2.3149,-2.5615,-3.0066
1.766000,-1.6611,-1.8130,-2.3423,-2.5935,-3.0473
1.768000,-1.6778,-1.8320,-2.3701,-2.6261,-3.0887
1.770000,-1.6946,-1.8514,-2.3983,-2.6592,-3.1307
1.772000,-1.7117,-1.8710,-2.4270,-2.6928,-3.1735
1.774000,-1.7290,-1.8908,-2.4560,-2.7269,-3.2170
1.776000,-1.7465,-1.9110,-2.4855,-2.7615,-3.2613
1.778000,-1.7642,-1.9313,-2.5154,-2.7967,-3.3063
1.780000,-1.7822,-1.9520,-2.5458,-2.8325,-3.3521
1.782000,-1.8003,-1.9730,-2.5766,-2.8688,-3.3987
1.784000,-1.8188,-1.9942,-2.6078,-2.9058,-3.4461
1.786000,-1.8374,-2.0157,-2.6395,-2.9433,-3.4943
1.788000,-1.8563,-2.0375,-2.6717,-2.9814,-3.5433
1.790000,-1.8754,-2.0596,-2.7044,-3.0201,-3.5932
1.792000,-1.8948,-2.0820,-2.7376,-3.0594,-3.6440
1.794000,-1.9144,-2.1047,-2.7712,-3.0994,-3.6957
1.796000,-1.9342,-2.1277,-2.8054,-3.1400,-3.7482
1.798000,-1.9544,-2.1510,-2.8401,-3.1813,-3.8017
1.800000,-1.9747,-2.1746,-2.8753,-3.2233,-3.8562
1.802000,-1.9954,-2.1986,-2.9110,-3.2659,-3.9116
1.804000,-2.0163,-2.2229,-2.9473,-3.3093,-3.9680
1.806000,-2.0374,-2.2475,-2.9841,-3.3533,-4.0254
1.808000,-2.0589,-2.2724,-3.0216,-3.3981,-4.0838
1.810000,-2.0806,-2.2977,-3.0595,-3.4436,-4.1433
1.812000,-2.1026,-2.3234,-3.0981,-3.4899,-4.2038
1.814000,-2.1248,-2.3494,-3.1372,-3.5369,-4.2654
1.816000,-2.1474,-2.3757,-3.1770,-3.5847,-4.3282
1.818000,-2.1703,-2.4025,-3.2174,-3.6333,-4.3920
1.820000,-2.1934,-2.4295,-3.2584,-3.6827,-4.4571
1.822000,-2.2169,-2.4570,-3.3001,-3.7330,-4.5233
1.824000,-2.2406,-2.4849,-3.3424,-3.7841,-4.5907
1.826000,-2.2647,-2.5131,-3.3853,-3.8360,-4.6594
1.828000,-2.2891,-2.5417,-3.4290,-3.8889,-4.7293
1.830000,-2.3138,-2.5708,-3.4733,-3.9426,-4.8005
1.832000,-2.3388,-2.6002,-3.5184,-3.9973,-4.8731
1.834000,-2.3641,-2.6301,-3.5641,-4.0528,-4.9470
1.836000,-2.3898,-2.6603,-3.6106,-4.1094,-5.0223
1.838000,-2.4158,-2.6910,-3.6579,-4.1669,-5.0989
1.840000,-2.4422,-2.7221,-3.7058,-4.2254,-5.1771
1.842000,-2.4689,-2.7537,-3.7546,-4.2849,-5.2567
1.844000,-2.4959,-2.7857,-3.8042,-4.3454,-5.3378
1.846000,-2.5234,-2.8182,-3.8545,-4.4070,-5.4204
1.848000,-2.5511,-2.8511,-3.9057,-4.4696,-5.5046
1.850000,-2.5793,-2.8845,-3.9577,-4.5334,-5.5905
1.852000,-2.6078,-2.9184,-4.0106,-4.5983,-5.6780
1.854000,-2.6367,-2.9528,-4.0643,-4.6643,-5.7672
1.856000,-2.6660,-2.9876,-4.1190,-4.7315,-5.8581
1.858000,-2.6956,-3.0230,-4.1745,-4.7999,-5.9507
1.860000,-2.7257,-3.0588,-4.2309,-4.8695,-6.0452
1.862000,-2.7562,-3.0952,-4.2883,-4.9404,-6.1416
1.864000,-2.7870,-3.1321,-4.3467,-5.0125,-6.2399
1.866000,-2.8183,-3.1695,-4.4060,-5.0859,-6.3401
1.868000,-2.8500,-3.2075,-4.4663,-5.1607,-6.4423
1.870000,-2.8822,-3.2461,-4.5277,-5.2368,-6.5465
1.872000,-2.9147,-3.2852,-4.5901,-5.3143,-6.6529
1.874000,-2.9477,-3.3248,-4.6535,-5.3932,-6.7614
1.876000,-2.9812,-3.3651,-4.7181,-5.4736,-6.8721
1.878000,-3.0151,-3.4059,-4.7837,-5.5555,-6.9851
1.880000,-3.0494,-3.4473,-4.8505,-5.6389,-7.1004
1.882000,-3.0843,-3.4894,-4.9184,-5.7238,-7.2181
1.884000,-3.1196,-3.5320,-4.9875,-5.8103,-7.3382
1.886000,-3.1554,-3.5753,-5.0579,-5.8985,-7.4609
1.888000,-3.1917,-3.6193,-5.1294,-5.9883,-7.5862
1.890000,-3.2284,-3.6639,-5.2022,-6.0799,-7.7141
1.892000,-3.2657,-3.7091,-5.2763,-6.1732,-7.8447
1.894000,-3.3035,-3.7551,-5.3517,-6.2683,-7.9781
1.896000,-3.3418,-3.8017,-5.4284,-6.3652,-8.1145
1.898000,-3.3807,-3.8490,-5.5065,-6.4640,-8.2538
1.900000,-3.4200,-3.8970,-5.5860,-6.5647,-8.3961
1.902000,-3.4600,-3.9458,-5.6670,-6.6674,-8.5416
1.904000,-3.5004,-3.9953,-5.7494,-6.7722,-8.6904
1.906000,-3.5415,-4.0456,-5.8333,-6.8790,-8.8424
1.908000,-3.5831,-4.0966,-5.9187,-6.9879,-8.9979
1.910000,-3.6253,-4.1484,-6.0057,-7.0991,-9.1570
1.912000,-3.6681,-4.2009,-6.0943,-7.2125,-9.3197
1.914000,-3.7115,-4.2543,-6.1846,-7.3282,-9.4861
1.916000,-3.7555,-4.3086,-6.2765,-7.4463,-9.6564
1.918000,-3.8001,-4.3636,-6.3702,-7.5668,-9.8308
1.920000,-3.8454,-4.4195,-6.4656,-7.6899,-10.0092
1.922000,-3.8913,-4.4763,-6.5628,-7.8155,-10.1920
1.924000,-3.9379,-4.5339,-6.6619,-7.9438,-10.3791
1.926000,-3.9851,-4.5925,-6.7629,-8.0748,-10.5708
1.928000,-4.0330,-4.6520,-6.8658,-8.2086,-10.7671
1.930000,-4.0815,-4.7124,-6.9708,-8.3453,-10.9683
1.932000,-4.1308,-4.7737,-7.0778,-8.4850,-11.1745
1.934000,-4.1808,-4.8361,-7.1869,-8.6278,-11.3859
1.936000,-4.2315,-4.8994,-7.2981,-8.7738,-11.6026
1.938000,-4.2830,-4.9637,-7.4116,-8.9230,-11.8247
1.940000,-4.3352,-5.0291,-7.5273,-9.0757,-12.0526
1.942000,-4.3881,-5.0955,-7.6454,-9.2318,-12.2863
1.944000,-4.4418,-5.1630,-7.7659,-9.3916,-12.5260
1.946000,-4.4964,-5.2316,-7.8889,-9.5550,-12.7719
1.948000,-4.5517,-5.3013,-8.0144,-9.7224,-13.0241
1.950000,-4.6078,-5.3721,-8.1425,-9.8937,-13.2829
1.952000,-4.6648,-5.4441,-8.2734,-10.0692,-13.5483
1.954000,-4.7226,-5.5172,-8.4070,-10.2490,-13.8205
1.956000,-4.7812,-5.5916,-8.5435,-10.4332,-14.0996
1.958000,-4.8408,-5.6672,-8.6829,-10.6221,-14.3856
1.960000,-4.9012,-5.7441,-8.8254,-10.8157,-14.6786
1.962000,-4.9626,-5.8222,-8.9710,-11.0143,-14.9786
1.964000,-5.0248,-5.9017,-9.1199,-11.2182,-15.2853
1.966000,-5.0880,-5.9825,-9.2722,-11.4274,-15.5987
1.968000,-5.1522,-6.0647,-9.4279,-11.6422,-15.9183
1.970000,-5.2174,-6.1482,-9.5872,-11.8628,-16.2436
1.972000,-5.2835,-6.2332,-9.7502,-12.0896,-16.5740
1.974000,-5.3507,-6.3197,-9.9171,-12.3227,-16.9084
1.976000,-5.4188,-6.4077,-10.0880,-12.5624,-17.2457
1.978000,-5.4881,-6.4972,-10.2630,-12.8090,-17.5841
1.980000,-5.5584,-6.5882,-10.4423,-13.0629,-17.9216
1.982000,-5.6298,-6.6809,-10.6261,-13.3244,-18.2557
1.984000,-5.7023,-6.7752,-10.8145,-13.5937,-18.5831
1.986000,-5.7760,-6.8712,-11.0078,-13.8713,-18.9001
1.988000,-5.8509,-6.9689,-11.2061,-14.1576,-19.2024
1.990000,-5.9269,-7.0684,-11.4097,-14.4529,-19.4848
1.992000,-6.0041,-7.1696,-11.6187,-14.7576,-19.7420
1.994000,-6.0826,-7.2727,-11.8335,-15.0723,-19.9682
1.996000,-6.1623,-7.3778,-12.0543,-15.3972,-20.1576
1.998000,-6.2433,-7.4847,-12.2813,-15.7329,-20.3050
2.000000,-6.3256,-7.5937,-12.5150,-16.0798,-20.4059
2.002000,-6.4093,-7.7047,-12.7555,-16.4383,-20.4572
2.004000,-6.4943,-7.8178,-13.0033,-16.8087,-20.4575
2.006000,-6.5807,-7.9331,-13.2587,-17.1914,-20.4070
2.008000,-6.6685,-8.0506,-13.5221,-17.5866,-20.3079
2.010000,-6.7579,-8.1703,-13.7940,-17.9943,-20.1638
2.012000,-6.8487,-8.2924,-14.0749,-18.4143,-19.9795
2.014000,-6.9410,-8.4170,-14.3652,-18.8461,-19.7604
2.016000,-7.0349,-8.5440,-14.6655,-19.2890,-19.5124
2.018000,-7.1304,-8.6735,-14.9765,-19.7412,-19.2411
2.020000,-7.2275,-8.8057,-15.2987,-20.2005,-18.9518
2.022000,-7.3262,-8.9407,-15.6330,-20.6636,-18.6493
2.024000,-7.4267,-9.0784,-15.9800,-21.1257,-18.3378
2.026000,-7.5290,-9.2190,-16.3407,-21.5803,-18.0208
2.028000,-7.6330,-9.3626,-16.7159,-22.0190,-17.7013
2.030000,-7.7389,-9.5092,-17.1068,-22.4312,-17.3816
2.032000,-7.8466,-9.6591,-17.5143,-22.8042,-17.0637
2.034000,-7.9563,-9.8122,-17.9397,-23.1239,-16.7490
2.036000,-8.0679,-9.9688,-18.3841,-23.3756,-16.4386
2.038000,-8.1816,-10.1289,-18.8491,-23.5460,-16.1335
2.040000,-8.2973,-10.2926,-19.3359,-23.6256,-15.8342
2.042000,-8.4152,-10.4601,-19.8460,-23.6097,-15.5411
2.044000,-8.5353,-10.6316,-20.3806,-23.5000,-15.2547
2.046000,-8.6576,-10.8071,-20.9411,-23.3041,-14.9750
2.048000,-8.7822,-10.9869,-21.5281,-23.0337,-14.7022
2.050000,-8.9092,-11.1712,-22.1419,-22.7032,-14.4362
2.052000,-9.0387,-11.3600,-22.7814,-22.3269,-14.1770
2.054000,-9.1706,-11.5536,-23.4437,-21.9185,-13.9245
2.056000,-9.3051,-11.7523,-24.1226,-21.4895,-13.6787
2.058000,-9.4423,-11.9562,-24.8074,-21.0493,-13.4393
2.060000,-9.5823,-12.1656,-25.4806,-20.6054,-13.2062
2.062000,-9.7250,-12.3807,-26.1156,-20.1630,-12.9793
2.064000,-9.8707,-12.6018,-26.6756,-19.7263,-12.7583
2.066000,-10.0193,-12.8292,-27.1157,-19.2981,-12.5432
2.068000,-10.1711,-13.0633,-27.3902,-18.8800,-12.3336
2.070000,-10.3260,-13.3044,-27.4655,-18.4734,-12.1296
2.072000,-10.4843,-13.5528,-27.3325,-18.0788,-11.9307
2.074000,-10.6459,-13.8091,-27.0108,-17.6967,-11.7370
2.076000,-10.8111,-14.0735,-26.5400,-17.3269,-11.5483
2.078000,-10.9799,-14.3467,-25.9670,-16.9695,-11.3643
2.080000,-11.1526,-14.6292,-25.3341,-16.6240,-11.1849
2.082000,-11.3291,-14.9215,-24.6741,-16.2902,-11.0099
2.084000,-11.5097,-15.2244,-24.0101,-15.9676,-10.8393
2.086000,-11.6945,-15.5384,-23.3567,-15.6559,-10.6729
2.088000,-11.8837,-15.8645,-22.7227,-15.3546,-10.5104
2.090000,-12.0775,-16.2036,-22.1128,-15.0633,-10.3519
2.092000,-12.2760,-16.5565,-21.5292,-14.7814,-10.1972
2.094000,-12.4794,-16.9245,-20.9722,-14.5087,-10.0461
2.096000,-12.6879,-17.3088,-20.4415,-14.2447,-9.8985
2.098000,-12.9018,-17.7108,-19.9362,-13.9889,-9.7544
2.100000,-13.1213,-18.1322,-19.4548,-13.7411,-9.6135
2.102000,-13.3465,-18.5747,-18.9962,-13.5009,-9.4759
2.104000,-13.5779,-19.0406,-18.5587,-13.2679,-9.3414
2.106000,-13.8157,-19.5323,-18.1411,-13.0418,-9.2099
2.108000,-14.0601,-20.0526,-17.7420,-12.8223,-9.0813
2.110000,-14.3114,-20.6051,-17.3603,-12.6091,-8.9555
2.112000,-14.5702,-21.1935,-16.9946,-12.4019,-8.8325
2.114000,-14.8366,-21.8227,-16.6441,-12.2006,-8.7121
2.116000,-15.1110,-22.4984,-16.3076,-12.0048,-8.5943
2.118000,-15.3940,-23.2276,-15.9844,-11.8143,-8.4790
2.120000,-15.6859,-24.0185,-15.6735,-11.6289,-8.3662
2.122000,-15.9872,-24.8816,-15.3741,-11.4484,-8.2557
2.124000,-16.2984,-25.8294,-15.0857,-11.2727,-8.1476
2.126000,-16.6200,-26.8775,-14.8076,-11.1014,-8.0416
2.128000,-16.9526,-28.0436,-14.5391,-10.9345,-7.9378
2.130000,-17.2968,-29.3467,-14.2797,-10.7718,-7.8362
2.132000,-17.6533,-30.7996,-14.0289,-10.6130,-7.7366
2.134000,-18.0225,-32.3861,-13.7863,-10.4582,-7.6389
2.136000,-18.4053,-33.9982,-13.5514,-10.3071,-7.5433
2.138000,-18.8022,-35.3106,-13.3238,-10.1596,-7.4495
2.140000,-19.2139,-35.7637,-13.1031,-10.0156,-7.3575
2.142000,-19.6408,-35.0824,-12.8891,-9.8750,-7.2674
2.144000,-20.0835,-33.6748,-12.6814,-9.7376,-7.1790
2.146000,-20.5423,-32.0689,-12.4796,-9.6033,-7.0923
2.148000,-21.0170,-30.5276,-12.2836,-9.4720,-7.0072
2.150000,-21.5073,-29.1286,-12.0930,-9.3437,-6.9238
2.152000,-22.0120,-27.8776,-11.9077,-9.2182,-6.8419
2.154000,-22.5291,-26.7594,-11.7273,-9.0955,-6.7615
2.156000,-23.0554,-25.7549,-11.5517,-8.9754,-6.6827
2.158000,-23.5856,-24.8467,-11.3807,-8.8579,-6.6053
2.160000,-24.1124,-24.0201,-11.2141,-8.7429,-6.5293
2.162000,-24.6251,-23.2630,-11.0517,-8.6303,-6.4548
2.164000,-25.1098,-22.5656,-10.8934,-8.5200,-6.3815
2.166000,-25.5488,-21.9198,-10.7389,-8.4121,-6.3096
2.168000,-25.9213,-21.3191,-10.5882,-8.3063,-6.2390
2.170000,-26.2056,-20.7578,-10.4411,-8.2027,-6.1697
2.172000,-26.3823,-20.2316,-10.2975,-8.1012,-6.1016
2.174000,-26.4381,-19.7365,-10.1572,-8.0017,-6.0346
2.176000,-26.3691,-19.2693,-10.0202,-7.9041,-5.9689
2.178000,-26.1819,-18.8273,-9.8863,-7.8085,-5.9043
2.180000,-25.8918,-18.4079,-9.7554,-7.7148,-5.8408
2.182000,-25.5192,-18.0092,-9.6273,-7.6228,-5.7784
2.184000,-25.0859,-17.6294,-9.5022,-7.5326,-5.7171
2.186000,-24.6118,-17.2669,-9.3797,-7.4442,-5.6568
2.188000,-24.1137,-16.9203,-9.2598,-7.3574,-5.5976
2.190000,-23.6048,-16.5883,-9.1425,-7.2722,-5.5393
2.192000,-23.0945,-16.2699,-9.0277,-7.1887,-5.4820
2.194000,-22.5897,-15.9642,-8.9153,-7.1066,-5.4257
2.196000,-22.0951,-15.6701,-8.8051,-7.0261,-5.3703
2.198000,-21.6135,-15.3870,-8.6973,-6.9470,-5.3159
2.200000,-21.1466,-15.1142,-8.5916,-6.8694,-5.2623
2.202000,-20.6954,-14.8510,-8.4880,-6.7932,-5.2096
2.204000,-20.2602,-14.5967,-8.3865,-6.7183,-5.1578
2.206000,-19.8409,-14.3510,-8.2869,-6.6448,-5.1068
2.208000,-19.4371,-14.1133,-8.1894,-6.5725,-5.0566
2.210000,-19.0485,-13.8831,-8.0937,-6.5016,-5.0072
2.212000,-18.6743,-13.6601,-7.9998,-6.4318,-4.9587
2.214000,-18.3141,-13.4438,-7.9077,-6.3633,-4.9108
2.216000,-17.9671,-13.2340,-7.8174,-6.2959,-4.8638
2.218000,-17.6326,-13.0303,-7.7287,-6.2297,-4.8175
2.220000,-17.3102,-12.8324,-7.6417,-6.1647,-4.7719
2.222000,-16.9990,-12.6400,-7.5563,-6.1007,-4.7270
2.224000,-16.6986,-12.4530,-7.4725,-6.0378,-4.6828
2.226000,-16.4084,-12.2709,-7.3901,-5.9759,-4.6393
2.228000,-16.1278,-12.0937,-7.3093,-5.9151,-4.5965
2.230000,-15.8564,-11.9211,-7.2299,-5.8553,-4.5543
2.232000,-15.5937,-11.7528,-7.1519,-5.7964,-4.5128
2.234000,-15.3393,-11.5889,-7.0753,-5.7386,-4.4719
2.236000,-15.0927,-11.4290,-7.0000,-5.6816,-4.4316
2.238000,-14.8536,-11.2729,-6.9260,-5.6256,-4.3919
2.240000,-14.6216,-11.1207,-6.8533,-5.5705,-4.3528
2.242000,-14.3963,-10.9720,-6.7819,-5.5162,-4.3143
2.244000,-14.1775,-10.8268,-6.7116,-5.4629,-4.2764
2.246000,-13.9649,-10.6849,-6.6426,-5.4103,-4.2390
2.248000,-13.7581,-10.5463,-6.5747,-5.3586,-4.2022
2.250000,-13.5570,-10.4107,-6.5079,-5.3077,-4.1659
2.252000,-13.3612,-10.2782,-6.4423,-5.2576,-4.1302
2.254000,-13.1706,-10.1485,-6.3777,-5.2083,-4.0949
2.256000,-12.9849,-10.0217,-6.3142,-5.1597,-4.0602
2.258000,-12.8039,-9.8975,-6.2517,-5.1119,-4.0260
2.260000,-12.6275,-9.7760,-6.1903,-5.0648,-3.9922
2.262000,-12.4554,-9.6569,-6.1298,-5.0184,-3.9590
2.264000,-12.2875,-9.5404,-6.0703,-4.9728,-3.9262
2.266000,-12.1236,-9.4262,-6.0117,-4.9278,-3.8939
2.268000,-11.9635,-9.3143,-5.9541,-4.8835,-3.8620
2.270000,-11.8072,-9.2046,-5.8974,-4.8398,-3.8306
2.272000,-11.6545,-9.0971,-5.8415,-4.7968,-3.7996
2.274000,-11.5053,-8.9917,-5.7866,-4.7544,-3.7691
2.276000,-11.3594,-8.8884,-5.7325,-4.7127,-3.7390
2.278000,-11.2167,-8.7870,-5.6792,-4.6715,-3.7093
2.280000,-11.0771,-8.6875,-5.6267,-4.6310,-3.6800
2.282000,-10.9405,-8.5899,-5.5750,-4.5910,-3.6511
2.284000,-10.8068,-8.4941,-5.5241,-4.5517,-3.6226
2.286000,-10.6759,-8.4001,-5.4740,-4.5129,-3.5945
2.288000,-10.5477,-8.3078,-5.4247,-4.4746,-3.5667
2.290000,-10.4222,-8.2172,-5.3760,-4.4369,-3.5394
2.292000,-10.2992,-8.1282,-5.3281,-4.3997,-3.5124
2.294000,-10.1787,-8.0408,-5.2809,-4.3631,-3.4858
2.296000,-10.0606,-7.9550,-5.2344,-4.3269,-3.4595
2.298000,-9.9447,-7.8706,-5.1886,-4.2913,-3.4336
2.300000,-9.8312,-7.7877,-5.1434,-4.2562,-3.4080
2.302000,-9.7198,-7.7063,-5.0989,-4.2215,-3.3828
2.304000,-9.6106,-7.6262,-5.0551,-4.1874,-3.3579
2.306000,-9.5034,-7.5475,-5.0118,-4.1537,-3.3333
2.308000,-9.3982,-7.4702,-4.9692,-4.1204,-3.3090
2.310000,-9.2949,-7.3941,-4.9272,-4.0877,-3.2851
2.312000,-9.1936,-7.3193,-4.8858,-4.0553,-3.2614
2.314000,-9.0941,-7.2457,-4.8450,-4.0234,-3.2381
2.316000,-8.9963,-7.1734,-4.8047,-3.9920,-3.2151
2.318000,-8.9004,-7.1022,-4.7650,-3.9609,-3.1923
2.320000,-8.8061,-7.0322,-4.7259,-3.9303,-3.1699
2.322000,-8.7135,-6.9633,-4.6873,-3.9001,-3.1477
2.324000,-8.6225,-6.8955,-4.6492,-3.8702,-3.1259
2.326000,-8.5330,-6.8287,-4.6117,-3.8408,-3.1043
2.328000,-8.4451,-6.7631,-4.5746,-3.8118,-3.0829
2.330000,-8.3587,-6.6984,-4.5381,-3.7831,-3.0619
2.332000,-8.2737,-6.6348,-4.5021,-3.7549,-3.0411
2.334000,-8.1902,-6.5721,-4.4665,-3.7269,-3.0205
2.336000,-8.1080,-6.5104,-4.4314,-3.6994,-3.0003
2.338000,-8.0272,-6.4497,-4.3968,-3.6722,-2.9802
2.340000,-7.9477,-6.3899,-4.3627,-3.6454,-2.9604
2.342000,-7.8695,-6.3310,-4.3290,-3.6189,-2.9409
2.344000,-7.7926,-6.2729,-4.2957,-3.5927,-2.9216
2.346000,-7.7169,-6.2158,-4.2629,-3.5669,-2.9025
2.348000,-7.6424,-6.1594,-4.2306,-3.5414,-2.8837
2.350000,-7.5690,-6.1040,-4.1986,-3.5162,-2.8651
2.352000,-7.4968,-6.0493,-4.1671,-3.4913,-2.8467
2.354000,-7.4258,-5.9954,-4.1359,-3.4668,-2.8286
2.356000,-7.3558,-5.9423,-4.1052,-3.4425,-2.8106
2.358000,-7.2869,-5.8900,-4.0749,-3.4186,-2.7929
2.360000,-7.2191,-5.8384,-4.0449,-3.3950,-2.7754
2.362000,-7.1523,-5.7876,-4.0154,-3.3716,-2.7581
2.364000,-7.0865,-5.7375,-3.9862,-3.3485,-2.7410
2.366000,-7.0217,-5.6881,-3.9573,-3.3258,-2.7241
2.368000,-6.9578,-5.6393,-3.9289,-3.3033,-2.7074
2.370000,-6.8949,-5.5913,-3.9008,-3.2810,-2.6909
2.372000,-6.8329,-5.5440,-3.8730,-3.2591,-2.6746
2.374000,-6.7718,-5.4973,-3.8456,-3.2374,-2.6585
2.376000,-6.7117,-5.4512,-3.8186,-3.2160,-2.6426
2.378000,-6.6523,-5.4058,-3.7918,-3.1948,-2.6269
2.380000,-6.5939,-5.3610,-3.7654,-3.1739,-2.6113
2.382000,-6.5362,-5.3168,-3.7394,-3.1532,-2.5959
2.384000,-6.4794,-5.2732,-3.7136,-3.1328,-2.5808
2.386000,-6.4234,-5.2302,-3.6882,-3.1126,-2.5657
2.388000,-6.3682,-5.1877,-3.6630,-3.0927,-2.5509
2.390000,-6.3137,-5.1458,-3.6382,-3.0730,-2.5362
2.392000,-6.2600,-5.1045,-3.6137,-3.0535,-2.5217
2.394000,-6.2071,-5.0638,-3.5894,-3.0343,-2.5074
2.396000,-6.1549,-5.0235,-3.5655,-3.0153,-2.4932
2.398000,-6.1034,-4.9838,-3.5418,-2.9965,-2.4792
2.400000,-6.0526,-4.9446,-3.5184,-2.9779,-2.4653
2.402000,-6.0024,-4.9060,-3.4953,-2.9595,-2.4516
2.404000,-5.9530,-4.8678,-3.4725,-2.9414,-2.4380
2.406000,-5.9042,-4.8301,-3.4500,-2.9235,-2.4246
2.408000,-5.8561,-4.7929,-3.4277,-2.9057,-2.4114
2.410000,-5.8086,-4.7562,-3.4056,-2.8882,-2.3983
2.412000,-5.7617,-4.7199,-3.3839,-2.8709,-2.3853
2.414000,-5.7155,-4.6841,-3.3623,-2.8537,-2.3725
2.416000,-5.6698,-4.6487,-3.3411,-2.8368,-2.3599
2.418000,-5.6248,-4.6138,-3.3200,-2.8201,-2.3473
2.420000,-5.5803,-4.5794,-3.2992,-2.8035,-2.3350
2.422000,-5.5364,-4.5453,-3.2787,-2.7871,-2.3227
2.424000,-5.4931,-4.5117,-3.2584,-2.7709,-2.3106
2.426000,-5.4504,-4.4785,-3.2383,-2.7549,-2.2986
2.428000,-5.4081,-4.4457,-3.2184,-2.7391,-2.2868
2.430000,-5.3664,-4.4133,-3.1988,-2.7235,-2.2750
2.432000,-5.3253,-4.3813,-3.1794,-2.7080,-2.2634
2.434000,-5.2846,-4.3497,-3.1602,-2.6927,-2.2520
2.436000,-5.2445,-4.3184,-3.1413,-2.6776,-2.2406
2.438000,-5.2049,-4.2876,-3.1225,-2.6626,-2.2294
2.440000,-5.1657,-4.2571,-3.1039,-2.6478,-2.2183
2.442000,-5.1271,-4.2270,-3.0856,-2.6331,-2.2073
2.444000,-5.0889,-4.1972,-3.0675,-2.6187,-2.1965
2.446000,-5.0512,-4.1678,-3.0495,-2.6043,-2.1857
2.448000,-5.0139,-4.1387,-3.0318,-2.5902,-2.1751
2.450000,-4.9771,-4.1100,-3.0142,-2.5761,-2.1646
2.452000,-4.9407,-4.0816,-2.9969,-2.5623,-2.1542
2.454000,-4.9048,-4.0536,-2.9797,-2.5486,-2.1439
2.456000,-4.8693,-4.0259,-2.9627,-2.5350,-2.1337
2.458000,-4.8343,-3.9985,-2.9459,-2.5216,-2.1236
2.460000,-4.7996,-3.9714,-2.9293,-2.5083,-2.1137
2.462000,-4.7654,-3.9446,-2.9129,-2.4952,-2.1038
2.464000,-4.7315,-3.9181,-2.8967,-2.4822,-2.0940
2.466000,-4.6981,-3.8920,-2.8806,-2.4693,-2.0844
2.468000,-4.6651,-3.8661,-2.8647,-2.4566,-2.0748
2.470000,-4.6324,-3.8405,-2.8489,-2.4440,-2.0654
2.472000,-4.6001,-3.8153,-2.8334,-2.4316,-2.0560
2.474000,-4.5682,-3.7903,-2.8180,-2.4193,-2.0468
2.476000,-4.5367,-3.7656,-2.8027,-2.4071,-2.0376
2.478000,-4.5055,-3.7411,-2.7876,-2.3950,-2.0286
2.480000,-4.4747,-3.7170,-2.7727,-2.3831,-2.0196
2.482000,-4.4443,-3.6931,-2.7580,-2.3713,-2.0108
2.484000,-4.4141,-3.6694,-2.7434,-2.3596,-2.0020
2.486000,-4.3844,-3.6461,-2.7289,-2.3480,-1.9933
2.488000,-4.3549,-3.6230,-2.7146,-2.3366,-1.9847
2.490000,-4.3258,-3.6001,-2.7005,-2.3252,-1.9762
2.492000,-4.2970,-3.5775,-2.6865,-2.3140,-1.9678
2.494000,-4.2686,-3.5552,-2.6726,-2.3029,-1.9595
2.496000,-4.2404,-3.5330,-2.6589,-2.2920,-1.9512
2.498000,-4.2126,-3.5112,-2.6453,-2.2811,-1.9431
2.500000,-4.1851,-3.4895,-2.6319,-2.2703,-1.9350
2.502000,-4.1579,-3.4681,-2.6186,-2.2597,-1.9270
2.504000,-4.1310,-3.4470,-2.6054,-2.2492,-1.9191
2.506000,-4.1043,-3.4260,-2.5924,-2.2387,-1.9113
2.508000,-4.0780,-3.4053,-2.5795,-2.2284,-1.9035
2.510000,-4.0520,-3.3848,-2.5668,-2.2182,-1.8959
2.512000,-4.0262,-3.3645,-2.5541,-2.2081,-1.8883
2.514000,-4.0007,-3.3444,-2.5416,-2.1981,-1.8808
2.516000,-3.9755,-3.3246,-2.5293,-2.1882,-1.8734
2.518000,-3.9506,-3.3049,-2.5170,-2.1784,-1.8660
2.520000,-3.9259,-3.2855,-2.5049,-2.1687,-1.8588
2.522000,-3.9015,-3.2662,-2.4929,-2.1591,-1.8516
2.524000,-3.8774,-3.2472,-2.4810,-2.1496,-1.8445
2.526000,-3.8535,-3.2284,-2.4693,-2.1402,-1.8374
2.528000,-3.8298,-3.2097,-2.4576,-2.1309,-1.8304
2.530000,-3.8064,-3.1913,-2.4461,-2.1216,-1.8235
2.532000,-3.7833,-3.1730,-2.4347,-2.1125,-1.8167
2.534000,-3.7604,-3.1549,-2.4234,-2.1035,-1.8099
2.536000,-3.7377,-3.1371,-2.4122,-2.0945,-1.8033
2.538000,-3.7153,-3.1194,-2.4011,-2.0857,-1.7966
2.540000,-3.6931,-3.1018,-2.3902,-2.0769,-1.7901
2.542000,-3.6711,-3.0845,-2.3793,-2.0682,-1.7836
2.544000,-3.6494,-3.0673,-2.3686,-2.0596,-1.7772
2.546000,-3.6279,-3.0503,-2.3579,-2.0511,-1.7708
2.548000,-3.6066,-3.0335,-2.3474,-2.0427,-1.7645
2.550000,-3.5855,-3.0169,-2.3370,-2.0343,-1.7583
2.552000,-3.5647,-3.0004,-2.3266,-2.0261,-1.7522
2.554000,-3.5440,-2.9841,-2.3164,-2.0179,-1.7461
2.556000,-3.5236,-2.9679,-2.3063,-2.0098,-1.7401
2.558000,-3.5033,-2.9519,-2.2963,-2.0018,-1.7341
2.560000,-3.4833,-2.9361,-2.2863,-1.9939,-1.7282
2.562000,-3.4635,-2.9204,-2.2765,-1.9860,-1.7224
2.564000,-3.4439,-2.9049,-2.2668,-1.9783,-1.7166
2.566000,-3.4244,-2.8895,-2.2571,-1.9706,-1.7109
2.568000,-3.4052,-2.8743,-2.2476,-1.9629,-1.7052
2.570000,-3.3861,-2.8592,-2.2381,-1.9554,-1.6996
2.572000,-3.3673,-2.8443,-2.2288,-1.9479,-1.6941
2.574000,-3.3486,-2.8295,-2.2195,-1.9405,-1.6886
2.576000,-3.3301,-2.8149,-2.2103,-1.9332,-1.6832
2.578000,-3.3118,-2.8004,-2.2012,-1.9260,-1.6778
2.580000,-3.2937,-2.7861,-2.1922,-1.9188,-1.6725
2.582000,-3.2758,-2.7719,-2.1833,-1.9117,-1.6672
2.584000,-3.2580,-2.7578,-2.1745,-1.9046,-1.6620
2.586000,-3.2404,-2.7439,-2.1657,-1.8977,-1.6569
2.588000,-3.2230,-2.7301,-2.1571,-1.8908,-1.6518
2.590000,-3.2057,-2.7164,-2.1485,-1.8840,-1.6468
2.592000,-3.1886,-2.7029,-2.1400,-1.8772,-1.6418
2.594000,-3.1717,-2.6895,-2.1316,-1.8705,-1.6369
2.596000,-3.1549,-2.6762,-2.1232,-1.8639,-1.6320
2.598000,-3.1383,-2.6630,-2.1150,-1.8573,-1.6272
2.600000,-3.1219,-2.6500,-2.1068,-1.8508,-1.6224
2.602000,-3.1056,-2.6371,-2.0987,-1.8444,-1.6177
2.604000,-3.0895,-2.6243,-2.0907,-1.8380,-1.6130
2.606000,-3.0735,-2.6117,-2.0828,-1.8317,-1.6084
2.608000,-3.0577,-2.5991,-2.0749,-1.8255,-1.6038
2.610000,-3.0420,-2.5867,-2.0671,-1.8193,-1.5993
2.612000,-3.0265,-2.5744,-2.0594,-1.8132,-1.5949
2.614000,-3.0111,-2.5622,-2.0518,-1.8071,-1.5904
2.616000,-2.9959,-2.5502,-2.0442,-1.8012,-1.5861
2.618000,-2.9808,-2.5382,-2.0367,-1.7952,-1.5818
2.620000,-2.9658,-2.5264,-2.0293,-1.7894,-1.5775
2.622000,-2.9510,-2.5146,-2.0219,-1.7835,-1.5733
2.624000,-2.9363,-2.5030,-2.0147,-1.7778,-1.5691
2.626000,-2.9218,-2.4915,-2.0075,-1.7721,-1.5650
2.628000,-2.9074,-2.4801,-2.0003,-1.7664,-1.5609
2.630000,-2.8931,-2.4688,-1.9933,-1.7609,-1.5569
2.632000,-2.8790,-2.4576,-1.9863,-1.7553,-1.5529
2.634000,-2.8650,-2.4465,-1.9793,-1.7499,-1.5489
2.636000,-2.8511,-2.4355,-1.9724,-1.7445,-1.5450
2.638000,-2.8374,-2.4246,-1.9656,-1.7391,-1.5412
2.640000,-2.8238,-2.4138,-1.9589,-1.7338,-1.5374
2.642000,-2.8103,-2.4032,-1.9522,-1.7285,-1.5336
2.644000,-2.7969,-2.3926,-1.9456,-1.7233,-1.5299
2.646000,-2.7837,-2.3821,-1.9391,-1.7182,-1.5262
2.648000,-2.7705,-2.3717,-1.9326,-1.7131,-1.5226
2.650000,-2.7575,-2.3614,-1.9262,-1.7081,-1.5190
2.652000,-2.7446,-2.3512,-1.9198,-1.7031,-1.5154
2.654000,-2.7319,-2.3411,-1.9135,-1.6982,-1.5119
2.656000,-2.7192,-2.3310,-1.9073,-1.6933,-1.5085
2.658000,-2.7067,-2.3211,-1.9011,-1.6884,-1.5051
2.660000,-2.6942,-2.3113,-1.8950,-1.6837,-1.5017
2.662000,-2.6819,-2.3015,-1.8890,-1.6789,-1.4984
2.664000,-2.6697,-2.2919,-1.8830,-1.6743,-1.4951
2.666000,-2.6576,-2.2823,-1.8770,-1.6696,-1.4918
2.668000,-2.6456,-2.2728,-1.8712,-1.6650,-1.4886
2.670000,-2.6338,-2.2634,-1.8653,-1.6605,-1.4854
2.672000,-2.6220,-2.2541,-1.8596,-1.6560,-1.4823
2.674000,-2.6103,-2.2449,-1.8539,-1.6516,-1.4792
2.676000,-2.5988,-2.2357,-1.8482,-1.6472,-1.4762
2.678000,-2.5873,-2.2267,-1.8426,-1.6429,-1.4732
2.680000,-2.5760,-2.2177,-1.8371,-1.6386,-1.4702
2.682000,-2.5647,-2.2088,-1.8316,-1.6343,-1.4673
2.684000,-2.5535,-2.2000,-1.8262,-1.6301,-1.4644
2.686000,-2.5425,-2.1912,-1.8208,-1.6259,-1.4615
2.688000,-2.5315,-2.1826,-1.8155,-1.6218,-1.4587
2.690000,-2.5207,-2.1740,-1.8102,-1.6178,-1.4559
2.692000,-2.5099,-2.1655,-1.8050,-1.6138,-1.4532
2.694000,-2.4992,-2.1570,-1.7998,-1.6098,-1.4505
2.696000,-2.4887,-2.1487,-1.7947,-1.6058,-1.4478
2.698000,-2.4782,-2.1404,-1.7896,-1.6020,-1.4452
2.700000,-2.4678,-2.1322,-1.7846,-1.5981,-1.4426
2.702000,-2.4575,-2.1241,-1.7797,-1.5943,-1.4401
2.704000,-2.4473,-2.1160,-1.7748,-1.5906,-1.4375
2.706000,-2.4372,-2.1081,-1.7699,-1.5868,-1.4351
2.708000,-2.4271,-2.1001,-1.7651,-1.5832,-1.4326
2.710000,-2.4172,-2.0923,-1.7603,-1.5795,-1.4302
2.712000,-2.4073,-2.0845,-1.7556,-1.5760,-1.4279
2.714000,-2.3976,-2.0768,-1.7510,-1.5724,-1.4255
2.716000,-2.3879,-2.0692,-1.7463,-1.5689,-1.4232
2.718000,-2.3783,-2.0617,-1.7418,-1.5654,-1.4210
2.720000,-2.3688,-2.0542,-1.7373,-1.5620,-1.4188
2.722000,-2.3593,-2.0467,-1.7328,-1.5587,-1.4166
2.724000,-2.3500,-2.0394,-1.7284,-1.5553,-1.4144
2.726000,-2.3407,-2.0321,-1.7240,-1.5520,-1.4123
2.728000,-2.3315,-2.0249,-1.7196,-1.5488,-1.4102
2.730000,-2.3224,-2.0177,-1.7154,-1.5455,-1.4082
2.732000,-2.3134,-2.0106,-1.7111,-1.5424,-1.4062
2.734000,-2.3044,-2.0036,-1.7069,-1.5392,-1.4042
2.736000,-2.2956,-1.9966,-1.7028,-1.5361,-1.4023
2.738000,-2.2868,-1.9897,-1.6987,-1.5331,-1.4004
2.740000,-2.2781,-1.9829,-1.6946,-1.5300,-1.3985
2.742000,-2.2694,-1.9761,-1.6906,-1.5271,-1.3967
2.744000,-2.2609,-1.9694,-1.6866,-1.5241,-1.3949
2.746000,-2.2524,-1.9627,-1.6827,-1.5212,-1.3931
2.748000,-2.2440,-1.9561,-1.6788,-1.5184,-1.3914
2.750000,-2.2356,-1.9496,-1.6750,-1.5155,-1.3897
2.752000,-2.2273,-1.9431,-1.6712,-1.5127,-1.3880
2.754000,-2.2191,-1.9367,-1.6674,-1.5100,-1.3864
2.756000,-2.2110,-1.9303,-1.6637,-1.5073,-1.3848
2.758000,-2.2029,-1.9240,-1.6600,-1.5046,-1.3832
2.760000,-2.1950,-1.9178,-1.6564,-1.5020,-1.3817
2.762000,-2.1870,-1.9116,-1.6528,-1.4994,-1.3802
2.764000,-2.1792,-1.9055,-1.6493,-1.4968,-1.3787
2.766000,-2.1714,-1.8994,-1.6458,-1.4943,-1.3773
2.768000,-2.1637,-1.8934,-1.6423,-1.4918,-1.3759
2.770000,-2.1561,-1.8874,-1.6389,-1.4893,-1.3745
2.772000,-2.1485,-1.8815,-1.6355,-1.4869,-1.3732
2.774000,-2.1410,-1.8757,-1.6322,-1.4845,-1.3719
2.776000,-2.1335,-1.8699,-1.6289,-1.4822,-1.3707
2.778000,-2.1261,-1.8641,-1.6256,-1.4799,-1.3694
2.780000,-2.1188,-1.8585,-1.6224,-1.4776,-1.3682
2.782000,-2.1116,-1.8528,-1.6192,-1.4753,-1.3671
2.784000,-2.1044,-1.8472,-1.6161,-1.4731,-1.3659
2.786000,-2.0972,-1.8417,-1.6129,-1.4710,-1.3648
2.788000,-2.0902,-1.8362,-1.6099,-1.4688,-1.3638
2.790000,-2.0832,-1.8308,-1.6069,-1.4667,-1.3627
2.792000,-2.0762,-1.8254,-1.6039,-1.4647,-1.3617
2.794000,-2.0693,-1.8201,-1.6009,-1.4627,-1.3608
2.796000,-2.0625,-1.8148,-1.5980,-1.4607,-1.3598
2.798000,-2.0558,-1.8096,-1.5952,-1.4587,-1.3589
2.800000,-2.0491,-1.8044,-1.5923,-1.4568,-1.3581
2.802000,-2.0424,-1.7993,-1.5895,-1.4549,-1.3572
2.804000,-2.0358,-1.7942,-1.5868,-1.4530,-1.3564
2.806000,-2.0293,-1.7892,-1.5841,-1.4512,-1.3557
2.808000,-2.0228,-1.7842,-1.5814,-1.4494,-1.3549
2.810000,-2.0164,-1.7793,-1.5787,-1.4477,-1.3542
2.812000,-2.0101,-1.7744,-1.5761,-1.4460,-1.3535
2.814000,-2.0038,-1.7695,-1.5736,-1.4443,-1.3529
2.816000,-1.9975,-1.7648,-1.5710,-1.4426,-1.3523
2.818000,-1.9913,-1.7600,-1.5685,-1.4410,-1.3517
2.820000,-1.9852,-1.7553,-1.5661,-1.4394,-1.3512
2.822000,-1.9791,-1.7507,-1.5637,-1.4379,-1.3507
2.824000,-1.9731,-1.7461,-1.5613,-1.4364,-1.3502
2.826000,-1.9671,-1.7415,-1.5589,-1.4349,-1.3497
2.828000,-1.9612,-1.7370,-1.5566,-1.4334,-1.3493
2.830000,-1.9554,-1.7325,-1.5543,-1.4320,-1.3489
2.832000,-1.9496,-1.7281,-1.5521,-1.4307,-1.3486
2.834000,-1.9438,-1.7237,-1.5499,-1.4293,-1.3483
2.836000,-1.9381,-1.7194,-1.5477,-1.4280,-1.3480
2.838000,-1.9325,-1.7151,-1.5456,-1.4267,-1.3477
2.840000,-1.9269,-1.7109,-1.5435,-1.4255,-1.3475
2.842000,-1.9213,-1.7067,-1.5414,-1.4243,-1.3473
2.844000,-1.9158,-1.7025,-1.5394,-1.4231,-1.3472
2.846000,-1.9104,-1.6984,-1.5374,-1.4219,-1.3471
2.848000,-1.9050,-1.6943,-1.5355,-1.4208,-1.3470
2.850000,-1.8996,-1.6903,-1.5335,-1.4197,-1.3469
2.852000,-1.8943,-1.6863,-1.5317,-1.4187,-1.3469
2.854000,-1.8891,-1.6823,-1.5298,-1.4177,-1.3469
2.856000,-1.8839,-1.6784,-1.5280,-1.4167,-1.3470
2.858000,-1.8787,-1.6746,-1.5262,-1.4157,-1.3471
2.860000,-1.8736,-1.6708,-1.5245,-1.4148,-1.3472
2.862000,-1.8686,-1.6670,-1.5228,-1.4140,-1.3473
2.864000,-1.8636,-1.6632,-1.5211,-1.4131,-1.3475
2.866000,-1.8586,-1.6595,-1.5194,-1.4123,-1.3477
2.868000,-1.8537,-1.6559,-1.5178,-1.4115,-1.3479
2.870000,-1.8488,-1.6523,-1.5163,-1.4108,-1.3482
2.872000,-1.8440,-1.6487,-1.5147,-1.4100,-1.3485
2.874000,-1.8392,-1.6451,-1.5132,-1.4094,-1.3489
2.876000,-1.8345,-1.6416,-1.5117,-1.4087,-1.3493
2.878000,-1.8298,-1.6382,-1.5103,-1.4081,-1.3497
2.880000,-1.8252,-1.6348,-1.5089,-1.4075,-1.3501
2.882000,-1.8206,-1.6314,-1.5076,-1.4070,-1.3506
2.884000,-1.8161,-1.6281,-1.5062,-1.4064,-1.3511
2.886000,-1.8116,-1.6248,-1.5049,-1.4060,-1.3517
2.888000,-1.8071,-1.6215,-1.5037,-1.4055,-1.3523
2.890000,-1.8027,-1.6183,-1.5024,-1.4051,-1.3529
2.892000,-1.7983,-1.6151,-1.5012,-1.4047,-1.3535
2.894000,-1.7940,-1.6119,-1.5001,-1.4043,-1.3542
2.896000,-1.7897,-1.6088,-1.4989,-1.4040,-1.3549
2.898000,-1.7855,-1.6058,-1.4979,-1.4037,-1.3557
2.900000,-1.7813,-1.6027,-1.4968,-1.4035,-1.3565
2.902000,-1.7771,-1.5997,-1.4958,-1.4033,-1.3573
2.904000,-1.7730,-1.5968,-1.4948,-1.4031,-1.3582
2.906000,-1.7690,-1.5938,-1.4938,-1.4029,-1.3591
2.908000,-1.7649,-1.5910,-1.4929,-1.4028,-1.3600
2.910000,-1.7610,-1.5881,-1.4920,-1.4027,-1.3610
2.912000,-1.7570,-1.5853,-1.4912,-1.4027,-1.3620
2.914000,-1.7531,-1.5825,-1.4903,-1.4027,-1.3630
2.916000,-1.7493,-1.5798,-1.4896,-1.4027,-1.3641
2.918000,-1.7454,-1.5771,-1.4888,-1.4027,-1.3652
2.920000,-1.7417,-1.5744,-1.4881,-1.4028,-1.3664
2.922000,-1.7379,-1.5718,-1.4874,-1.4029,-1.3676
2.924000,-1.7342,-1.5692,-1.4868,-1.4031,-1.3688
2.926000,-1.7306,-1.5667,-1.4861,-1.4033,-1.3700
2.928000,-1.7270,-1.5641,-1.4856,-1.4035,-1.3713
2.930000,-1.7234,-1.5617,-1.4850,-1.4037,-1.3727
2.932000,-1.7199,-1.5592,-1.4845,-1.4040,-1.3741
2.934000,-1.7164,-1.5568,-1.4840,-1.4044,-1.3755
2.936000,-1.7129,-1.5544,-1.4836,-1.4047,-1.3769
2.938000,-1.7095,-1.5521,-1.4832,-1.4051,-1.3784
2.940000,-1.7061,-1.5498,-1.4828,-1.4055,-1.3799
2.942000,-1.7028,-1.5475,-1.4825,-1.4060,-1.3815
2.944000,-1.6995,-1.5453,-1.4822,-1.4065,-1.3831
2.946000,-1.6962,-1.5431,-1.4819,-1.4070,-1.3847
2.948000,-1.6930,-1.5409,-1.4817,-1.4076,-1.3864
2.950000,-1.6898,-1.5388,-1.4815,-1.4082,-1.3881
2.952000,-1.6867,-1.5367,-1.4813,-1.4088,-1.3899
2.954000,-1.6836,-1.5346,-1.4812,-1.4095,-1.3917
2.956000,-1.6805,-1.5326,-1.4811,-1.4102,-1.3935
2.958000,-1.6775,-1.5306,-1.4810,-1.4110,-1.3954
2.960000,-1.6745,-1.5286,-1.4810,-1.4117,-1.3973
2.962000,-1.6716,-1.5267,-1.4810,-1.4126,-1.3993
2.964000,-1.6687,-1.5248,-1.4810,-1.4134,-1.4013
2.966000,-1.6658,-1.5230,-1.4811,-1.4143,-1.4033
2.968000,-1.6629,-1.5212,-1.4812,-1.4152,-1.4054
2.970000,-1.6601,-1.5194,-1.4814,-1.4162,-1.4075
2.972000,-1.6574,-1.5176,-1.4816,-1.4172,-1.4097
2.974000,-1.6546,-1.5159,-1.4818,-1.4182,-1.4119
2.976000,-1.6519,-1.5142,-1.4820,-1.4193,-1.4141
2.978000,-1.6493,-1.5126,-1.4823,-1.4204,-1.4164
2.980000,-1.6467,-1.5109,-1.4827,-1.4216,-1.4187
2.982000,-1.6441,-1.5094,-1.4830,-1.4227,-1.4211
2.984000,-1.6416,-1.5078,-1.4834,-1.4240,-1.4235
2.986000,-1.6390,-1.5063,-1.4839,-1.4252,-1.4260
2.988000,-1.6366,-1.5048,-1.4844,-1.4265,-1.4285
2.990000,-1.6341,-1.5034,-1.4849,-1.4279,-1.4311
2.992000,-1.6317,-1.5020,-1.4854,-1.4292,-1.4337
2.994000,-1.6294,-1.5006,-1.4860,-1.4307,-1.4363
2.996000,-1.6270,-1.4992,-1.4866,-1.4321,-1.4390
2.998000,-1.6248,-1.4979,-1.4873,-1.4336,-1.4417
3.000000,-1.6225,-1.4966,-1.4880,-1.4351,-1.4445
3.002000,-1.6203,-1.4954,-1.4887,-1.4367,-1.4473
3.004000,-1.6181,-1.4942,-1.4895,-1.4383,-1.4502
3.006000,-1.6159,-1.4930,-1.4903,-1.4400,-1.4531
3.008000,-1.6138,-1.4919,-1.4911,-1.4417,-1.4561
3.010000,-1.6118,-1.4908,-1.4920,-1.4434,-1.4591
3.012000,-1.6097,-1.4897,-1.4929,-1.4452,-1.4621
3.014000,-1.6077,-1.4886,-1.4939,-1.4470,-1.4652
3.016000,-1.6057,-1.4876,-1.4949,-1.4488,-1.4684
3.018000,-1.6038,-1.4866,-1.4959,-1.4507,-1.4716
3.020000,-1.6019,-1.4857,-1.4970,-1.4527,-1.4749
3.022000,-1.6000,-1.4848,-1.4981,-1.4546,-1.4782
3.024000,-1.5982,-1.4839,-1.4993,-1.4567,-1.4815
3.026000,-1.5964,-1.4831,-1.5005,-1.4587,-1.4849
3.028000,-1.5947,-1.4823,-1.5017,-1.4608,-1.4884
3.030000,-1.5929,-1.4815,-1.5030,-1.4630,-1.4919
3.032000,-1.5912,-1.4807,-1.5043,-1.4652,-1.4954
3.034000,-1.5896,-1.4800,-1.5057,-1.4674,-1.4991
3.036000,-1.5880,-1.4794,-1.5071,-1.4697,-1.5027
3.038000,-1.5864,-1.4787,-1.5085,-1.4720,-1.5064
3.040000,-1.5848,-1.4781,-1.5100,-1.4744,-1.5102
3.042000,-1.5833,-1.4775,-1.5115,-1.4768,-1.5140
3.044000,-1.5818,-1.4770,-1.5130,-1.4792,-1.5179
3.046000,-1.5804,-1.4765,-1.5146,-1.4817,-1.5218
3.048000,-1.5790,-1.4760,-1.5163,-1.4843,-1.5258
3.050000,-1.5776,-1.4756,-1.5180,-1.4869,-1.5299
3.052000,-1.5763,-1.4752,-1.5197,-1.4895,-1.5340
3.054000,-1.5750,-1.4748,-1.5215,-1.4922,-1.5381
3.056000,-1.5737,-1.4745,-1.5233,-1.4949,-1.5424
3.058000,-1.5725,-1.4742,-1.5251,-1.4977,-1.5466
3.060000,-1.5713,-1.4739,-1.5270,-1.5005,-1.5510
3.062000,-1.5701,-1.4737,-1.5290,-1.5034,-1.5553
3.064000,-1.5690,-1.4735,-1.5309,-1.5063,-1.5598
3.066000,-1.5679,-1.4733,-1.5330,-1.5093,-1.5643
3.068000,-1.5668,-1.4732,-1.5350,-1.5123,-1.5689
3.070000,-1.5658,-1.4731,-1.5371,-1.5154,-1.5735
3.072000,-1.5648,-1.4730,-1.5393,-1.5185,-1.5782
3.074000,-1.5638,-1.4730,-1.5415,-1.5216,-1.5830
3.076000,-1.5629,-1.4730,-1.5438,-1.5248,-1.5878
3.078000,-1.5620,-1.4730,-1.5461,-1.5281,-1.5927
3.080000,-1.5612,-1.4731,-1.5484,-1.5314,-1.5976
3.082000,-1.5603,-1.4732,-1.5508,-1.5348,-1.6026
3.084000,-1.5596,-1.4734,-1.5532,-1.5382,-1.6077
3.086000,-1.5588,-1.4735,-1.5557,-1.5417,-1.6128
3.088000,-1.5581,-1.4738,-1.5582,-1.5452,-1.6180
3.090000,-1.5574,-1.4740,-1.5608,-1.5488,-1.6233
3.092000,-1.5568,-1.4743,-1.5634,-1.5524,-1.6286
3.094000,-1.5562,-1.4746,-1.5661,-1.5561,-1.6341
3.096000,-1.5556,-1.4750,-1.5688,-1.5598,-1.6395
3.098000,-1.5551,-1.4754,-1.5716,-1.5636,-1.6451
3.100000,-1.5546,-1.4758,-1.5744,-1.5675,-1.6507
3.102000,-1.5541,-1.4763,-1.5773,-1.5714,-1.6564
3.104000,-1.5537,-1.4768,-1.5802,-1.5753,-1.6621
3.106000,-1.5533,-1.4773,-1.5831,-1.5793,-1.6680
3.108000,-1.5529,-1.4779,-1.5862,-1.5834,-1.6739
3.110000,-1.5526,-1.4785,-1.5892,-1.5875,-1.6799
3.112000,-1.5523,-1.4791,-1.5923,-1.5917,-1.6859
3.114000,-1.5521,-1.4798,-1.5955,-1.5960,-1.6921
3.116000,-1.5519,-1.4805,-1.5987,-1.6003,-1.6983
3.118000,-1.5517,-1.4813,-1.6020,-1.6046,-1.7045
3.120000,-1.5515,-1.4821,-1.6053,-1.6091,-1.7109
3.122000,-1.5514,-1.4829,-1.6087,-1.6136,-1.7174
3.124000,-1.5514,-1.4838,-1.6122,-1.6181,-1.7239
3.126000,-1.5513,-1.4847,-1.6156,-1.6227,-1.7305
3.128000,-1.5513,-1.4856,-1.6192,-1.6274,-1.7372
3.130000,-1.5514,-1.4866,-1.6228,-1.6321,-1.7439
3.132000,-1.5514,-1.4876,-1.6264,-1.6369,-1.7508
3.134000,-1.5516,-1.4887,-1.6302,-1.6418,-1.7577
3.136000,-1.5517,-1.4898,-1.6339,-1.6467,-1.7647
3.138000,-1.5519,-1.4909,-1.6377,-1.6517,-1.7718
3.140000,-1.5521,-1.4921,-1.6416,-1.6567,-1.7790
3.142000,-1.5524,-1.4933,-1.6456,-1.6619,-1.7863
3.144000,-1.5527,-1.4946,-1.6496,-1.6670,-1.7936
3.146000,-1.5530,-1.4959,-1.6536,-1.6723,-1.8011
3.148000,-1.5534,-1.4972,-1.6577,-1.6776,-1.8086
3.150000,-1.5538,-1.4986,-1.6619,-1.6830,-1.8163
3.152000,-1.5542,-1.5000,-1.6661,-1.6885,-1.8240
3.154000,-1.5547,-1.5014,-1.6704,-1.6940,-1.8318
3.156000,-1.5553,-1.5029,-1.6748,-1.6996,-1.8397
3.158000,-1.5558,-1.5044,-1.6792,-1.7053,-1.8478
3.160000,-1.5564,-1.5060,-1.6837,-1.7111,-1.8559
3.162000,-1.5571,-1.5076,-1.6882,-1.7169,-1.8641
3.164000,-1.5577,-1.5093,-1.6929,-1.7228,-1.8724
3.166000,-1.5585,-1.5110,-1.6975,-1.7287,-1.8808
3.168000,-1.5592,-1.5127,-1.7023,-1.7348,-1.8893
3.170000,-1.5600,-1.5145,-1.7071,-1.7409,-1.8979
3.172000,-1.5608,-1.5163,-1.7119,-1.7471,-1.9066
3.174000,-1.5617,-1.5181,-1.7169,-1.7534,-1.9154
3.176000,-1.5626,-1.5200,-1.7219,-1.7597,-1.9243
3.178000,-1.5636,-1.5220,-1.7269,-1.7662,-1.9334
3.180000,-1.5646,-1.5240,-1.7321,-1.7727,-1.9425
3.182000,-1.5656,-1.5260,-1.7373,-1.7793,-1.9518
3.184000,-1.5667,-1.5281,-1.7426,-1.7860,-1.9611
3.186000,-1.5678,-1.5302,-1.7479,-1.7927,-1.9706
3.188000,-1.5690,-1.5324,-1.7533,-1.7996,-1.9802
3.190000,-1.5702,-1.5346,-1.7588,-1.8065,-1.9899
3.192000,-1.5714,-1.5368,-1.7644,-1.8135,-1.9997
3.194000,-1.5727,-1.5391,-1.7700,-1.8206,-2.0096
3.196000,-1.5740,-1.5415,-1.7757,-1.8278,-2.0197
3.198000,-1.5754,-1.5438,-1.7815,-1.8351,-2.0299
3.200000,-1.5768,-1.5463,-1.7874,-1.8424,-2.0402
3.202000,-1.5782,-1.5488,-1.7933,-1.8499,-2.0506
3.204000,-1.5797,-1.5513,-1.7993,-1.8574,-2.0611
3.206000,-1.5812,-1.5538,-1.8054,-1.8651,-2.0718
3.208000,-1.5828,-1.5565,-1.8116,-1.8728,-2.0826
3.210000,-1.5844,-1.5591,-1.8178,-1.8806,-2.0935
3.212000,-1.5861,-1.5618,-1.8242,-1.8885,-2.1046
3.214000,-1.5878,-1.5646,-1.8306,-1.8965,-2.1158
3.216000,-1.5895,-1.5674,-1.8371,-1.9046,-2.1271
3.218000,-1.5913,-1.5703,-1.8436,-1.9129,-2.1386
3.220000,-1.5932,-1.5732,-1.8503,-1.9212,-2.1502
3.222000,-1.5951,-1.5761,-1.8570,-1.9296,-2.1619
3.224000,-1.5970,-1.5791,-1.8639,-1.9381,-2.1738
3.226000,-1.5990,-1.5822,-1.8708,-1.9467,-2.1858
3.228000,-1.6010,-1.5853,-1.8778,-1.9554,-2.1980
3.230000,-1.6030,-1.5884,-1.8849,-1.9642,-2.2103
3.232000,-1.6051,-1.5916,-1.8920,-1.9732,-2.2228
3.234000,-1.6073,-1.5949,-1.8993,-1.9822,-2.2354
3.236000,-1.6095,-1.5982,-1.9067,-1.9913,-2.2482
3.238000,-1.6117,-1.6015,-1.9141,-2.0006,-2.2611
3.240000,-1.6140,-1.6050,-1.9217,-2.0099,-2.2742
3.242000,-1.6164,-1.6084,-1.9293,-2.0194,-2.2875
3.244000,-1.6188,-1.6119,-1.9370,-2.0290,-2.3009
3.246000,-1.6212,-1.6155,-1.9448,-2.0387,-2.3144
3.248000,-1.6237,-1.6191,-1.9528,-2.0485,-2.3282
3.250000,-1.6262,-1.6228,-1.9608,-2.0585,-2.3421
3.252000,-1.6288,-1.6266,-1.9689,-2.0685,-2.3561
3.254000,-1.6314,-1.6303,-1.9771,-2.0787,-2.3704
3.256000,-1.6341,-1.6342,-1.9854,-2.0890,-2.3848
3.258000,-1.6369,-1.6381,-1.9938,-2.0994,-2.3994
3.260000,-1.6396,-1.6421,-2.0024,-2.1100,-2.4141
3.262000,-1.6425,-1.6461,-2.0110,-2.1207,-2.4291
3.264000,-1.6454,-1.6501,-2.0197,-2.1315,-2.4442
3.266000,-1.6483,-1.6543,-2.0286,-2.1424,-2.4595
3.268000,-1.6513,-1.6585,-2.0375,-2.1535,-2.4751
3.270000,-1.6543,-1.6627,-2.0466,-2.1647,-2.4907
3.272000,-1.6574,-1.6670,-2.0557,-2.1760,-2.5066
3.274000,-1.6606,-1.6714,-2.0650,-2.1875,-2.5227
3.276000,-1.6638,-1.6758,-2.0744,-2.1991,-2.5390
3.278000,-1.6670,-1.6803,-2.0839,-2.2108,-2.5555
3.280000,-1.6703,-1.6849,-2.0935,-2.2227,-2.5722
3.282000,-1.6737,-1.6895,-2.1033,-2.2347,-2.5891
3.284000,-1.6771,-1.6942,-2.1131,-2.2469,-2.6062
3.286000,-1.6806,-1.6989,-2.1231,-2.2592,-2.6235
3.288000,-1.6841,-1.7037,-2.1332,-2.2717,-2.6410
3.290000,-1.6877,-1.7086,-2.1434,-2.2843,-2.6588
3.292000,-1.6913,-1.7135,-2.1538,-2.2971,-2.6768
3.294000,-1.6950,-1.7185,-2.1643,-2.3100,-2.6950
3.296000,-1.6988,-1.7236,-2.1749,-2.3231,-2.7134
3.298000,-1.7026,-1.7287,-2.1856,-2.3363,-2.7321
3.300000,-1.7065,-1.7339,-2.1964,-2.3497,-2.7509
3.302000,-1.7104,-1.7392,-2.2074,-2.3632,-2.7701
3.304000,-1.7144,-1.7446,-2.2185,-2.3770,-2.7894
3.306000,-1.7185,-1.7500,-2.2298,-2.3908,-2.8091
3.308000,-1.7226,-1.7554,-2.2412,-2.4049,-2.8289
3.310000,-1.7267,-1.7610,-2.2527,-2.4191,-2.8490
3.312000,-1.7310,-1.7666,-2.2644,-2.4335,-2.8694
3.314000,-1.7353,-1.7723,-2.2762,-2.4481,-2.8900
3.316000,-1.7396,-1.7781,-2.2882,-2.4628,-2.9109
3.318000,-1.7441,-1.7839,-2.3003,-2.4778,-2.9320
3.320000,-1.7485,-1.7898,-2.3125,-2.4929,-2.9535
3.322000,-1.7531,-1.7958,-2.3249,-2.5082,-2.9752
3.324000,-1.7577,-1.8019,-2.3374,-2.5236,-2.9971
3.326000,-1.7624,-1.8080,-2.3501,-2.5393,-3.0194
3.328000,-1.7671,-1.8142,-2.3630,-2.5552,-3.0419
3.330000,-1.7720,-1.8205,-2.3760,-2.5712,-3.0647
3.332000,-1.7768,-1.8269,-2.3892,-2.5875,-3.0878
3.334000,-1.7818,-1.8334,-2.4025,-2.6039,-3.1113
3.336000,-1.7868,-1.8399,-2.4160,-2.6206,-3.1350
3.338000,-1.7919,-1.8465,-2.4296,-2.6374,-3.1590
3.340000,-1.7970,-1.8532,-2.4434,-2.6545,-3.1833
3.342000,-1.8023,-1.8600,-2.4574,-2.6718,-3.2080
3.344000,-1.8076,-1.8669,-2.4716,-2.6892,-3.2329
3.346000,-1.8129,-1.8738,-2.4859,-2.7069,-3.2582
3.348000,-1.8184,-1.8808,-2.5004,-2.7249,-3.2839
3.350000,-1.8239,-1.8880,-2.5151,-2.7430,-3.3098
3.352000,-1.8295,-1.8952,-2.5300,-2.7614,-3.3361
3.354000,-1.8351,-1.9025,-2.5450,-2.7799,-3.3628
3.356000,-1.8409,-1.9099,-2.5602,-2.7988,-3.3897
3.358000,-1.8467,-1.9173,-2.5756,-2.8178,-3.4171
3.360000,-1.8526,-1.9249,-2.5912,-2.8371,-3.4448
3.362000,-1.8586,-1.9325,-2.6070,-2.8566,-3.4728
3.364000,-1.8646,-1.9403,-2.6230,-2.8764,-3.5013
3.366000,-1.8707,-1.9481,-2.6392,-2.8964,-3.5301
3.368000,-1.8769,-1.9561,-2.6556,-2.9167,-3.5593
3.370000,-1.8832,-1.9641,-2.6721,-2.9372,-3.5889
3.372000,-1.8896,-1.9722,-2.6889,-2.9580,-3.6188
3.374000,-1.8960,-1.9805,-2.7059,-2.9790,-3.6492
3.376000,-1.9026,-1.9888,-2.7231,-3.0003,-3.6800
3.378000,-1.9092,-1.9972,-2.7405,-3.0219,-3.7112
3.380000,-1.9159,-2.0057,-2.7582,-3.0438,-3.7428
3.382000,-1.9227,-2.0144,-2.7760,-3.0659,-3.7748
3.384000,-1.9295,-2.0231,-2.7941,-3.0883,-3.8073
3.386000,-1.9365,-2.0319,-2.8124,-3.1110,-3.8402
3.388000,-1.9435,-2.0409,-2.8309,-3.1339,-3.8735
3.390000,-1.9507,-2.0499,-2.8496,-3.1572,-3.9073
3.392000,-1.9579,-2.0591,-2.8686,-3.1807,-3.9416
3.394000,-1.9652,-2.0684,-2.8878,-3.2046,-3.9763
3.396000,-1.9726,-2.0777,-2.9073,-3.2288,-4.0115
3.398000,-1.9801,-2.0872,-2.9270,-3.2532,-4.0471
3.400000,-1.9877,-2.0968,-2.9469,-3.2780,-4.0833
3.402000,-1.9954,-2.1065,-2.9671,-3.3031,-4.1199
3.404000,-2.0032,-2.1164,-2.9876,-3.3285,-4.1571
3.406000,-2.0111,-2.1263,-3.0083,-3.3543,-4.1947
3.408000,-2.0190,-2.1364,-3.0292,-3.3803,-4.2329
3.410000,-2.0271,-2.1466,-3.0504,-3.4067,-4.2716
3.412000,-2.0353,-2.1569,-3.0719,-3.4335,-4.3108
3.414000,-2.0436,-2.1673,-3.0937,-3.4606,-4.3506
3.416000,-2.0519,-2.1778,-3.1157,-3.4880,-4.3909
3.418000,-2.0604,-2.1885,-3.1380,-3.5158,-4.4317
3.420000,-2.0690,-2.1993,-3.1606,-3.5440,-4.4732
3.422000,-2.0777,-2.2103,-3.1835,-3.5725,-4.5152
3.424000,-2.0865,-2.2213,-3.2067,-3.6014,-4.5578
3.426000,-2.0954,-2.2325,-3.2301,-3.6307,-4.6010
3.428000,-2.1044,-2.2438,-3.2539,-3.6604,-4.6448
3.430000,-2.1135,-2.2553,-3.2780,-3.6904,-4.6892
3.432000,-2.1228,-2.2669,-3.3023,-3.7208,-4.7342
3.434000,-2.1321,-2.2786,-3.3270,-3.7517,-4.7799
3.436000,-2.1416,-2.2905,-3.3520,-3.7829,-4.8262
3.438000,-2.1512,-2.3025,-3.3773,-3.8146,-4.8732
3.440000,-2.1609,-2.3146,-3.4029,-3.8466,-4.9208
3.442000,-2.1707,-2.3269,-3.4289,-3.8791,-4.9691
3.444000,-2.1806,-2.3394,-3.4552,-3.9120,-5.0181
3.446000,-2.1907,-2.3520,-3.4818,-3.9454,-5.0677
3.448000,-2.2008,-2.3647,-3.5088,-3.9792,-5.1181
3.450000,-2.2111,-2.3776,-3.5361,-4.0134,-5.1692
3.452000,-2.2215,-2.3906,-3.5638,-4.0481,-5.2210
3.454000,-2.2321,-2.4038,-3.5918,-4.0833,-5.2736
3.456000,-2.2428,-2.4172,-3.6202,-4.1189,-5.3269
3.458000,-2.2536,-2.4307,-3.6490,-4.1550,-5.3810
3.460000,-2.2645,-2.4444,-3.6781,-4.1916,-5.4358
3.462000,-2.2756,-2.4582,-3.7076,-4.2287,-5.4915
3.464000,-2.2868,-2.4722,-3.7375,-4.2663,-5.5479
3.466000,-2.2981,-2.4864,-3.7678,-4.3043,-5.6052
3.468000,-2.3096,-2.5007,-3.7985,-4.3429,-5.6632
3.470000,-2.3212,-2.5152,-3.8295,-4.3820,-5.7222
3.472000,-2.3329,-2.5299,-3.8610,-4.4217,-5.7819
3.474000,-2.3448,-2.5448,-3.8929,-4.4618,-5.8426
3.476000,-2.3569,-2.5598,-3.9252,-4.5026,-5.9041
3.478000,-2.3690,-2.5750,-3.9579,-4.5438,-5.9665
3.480000,-2.3814,-2.5904,-3.9911,-4.5857,-6.0298
3.482000,-2.3938,-2.6060,-4.0247,-4.6281,-6.0940
3.484000,-2.4065,-2.6218,-4.0587,-4.6710,-6.1592
3.486000,-2.4192,-2.6377,-4.0932,-4.7146,-6.2253
3.488000,-2.4322,-2.6539,-4.1282,-4.7587,-6.2924
3.490000,-2.4453,-2.6702,-4.1636,-4.8035,-6.3605
3.492000,-2.4585,-2.6868,-4.1994,-4.8489,-6.4295
3.494000,-2.4719,-2.7035,-4.2358,-4.8949,-6.4996
3.496000,-2.4855,-2.7204,-4.2726,-4.9415,-6.5707
3.498000,-2.4992,-2.7376,-4.3099,-4.9888,-6.6428
3.500000,-2.5131,-2.7549,-4.3478,-5.0367,-6.7160
