freq_GHz,Sdd11_dB,S11_single_ended_dB,VSWR_differential
1.500000,-1.8577,-2.8617,9.3868
1.501700,-1.8669,-2.8831,9.3408
1.503400,-1.8762,-2.9047,9.2951
1.505100,-1.8855,-2.9265,9.2495
1.506800,-1.8949,-2.9484,9.2042
1.508500,-1.9043,-2.9705,9.1591
1.510200,-1.9137,-2.9928,9.1142
1.511900,-1.9232,-3.0153,9.0696
1.513600,-1.9327,-3.0379,9.0252
1.515300,-1.9423,-3.0607,8.9810
1.517000,-1.9520,-3.0837,8.9370
1.518700,-1.9617,-3.1069,8.8933
1.520400,-1.9714,-3.1303,8.8497
1.522100,-1.9812,-3.1539,8.8064
1.523800,-1.9910,-3.1776,8.7633
1.525500,-2.0009,-3.2015,8.7205
1.527200,-2.0108,-3.2257,8.6778
1.528900,-2.0208,-3.2500,8.6354
1.530600,-2.0308,-3.2745,8.5932
1.532300,-2.0408,-3.2992,8.5513
1.534000,-2.0509,-3.3241,8.5095
1.535700,-2.0611,-3.3492,8.4680
1.537400,-2.0713,-3.3746,8.4266
1.539100,-2.0815,-3.4001,8.3856
1.540800,-2.0918,-3.4258,8.3447
1.542500,-2.1022,-3.4518,8.3040
1.544200,-2.1126,-3.4779,8.2636
1.545900,-2.1230,-3.5043,8.2234
1.547600,-2.1335,-3.5309,8.1834
1.549300,-2.1440,-3.5577,8.1436
1.551000,-2.1546,-3.5847,8.1040
1.552700,-2.1652,-3.6119,8.0647
1.554400,-2.1759,-3.6394,8.0256
1.556100,-2.1866,-3.6671,7.9866
1.557800,-2.1973,-3.6951,7.9479
1.559500,-2.2081,-3.7232,7.9095
1.561200,-2.2190,-3.7516,7.8712
1.562900,-2.2299,-3.7803,7.8332
1.564600,-2.2408,-3.8091,7.7953
1.566300,-2.2518,-3.8383,7.7577
1.568000,-2.2629,-3.8676,7.7203
1.569700,-2.2739,-3.8973,7.6831
1.571400,-2.2851,-3.9271,7.6461
1.573100,-2.2962,-3.9573,7.6094
1.574800,-2.3074,-3.9877,7.5728
1.576500,-2.3187,-4.0183,7.5365
1.578200,-2.3300,-4.0492,7.5003
1.579900,-2.3414,-4.0804,7.4644
1.581600,-2.3527,-4.1118,7.4287
1.583300,-2.3642,-4.1436,7.3932
1.585000,-2.3757,-4.1756,7.3579
1.586700,-2.3872,-4.2079,7.3228
1.588400,-2.3988,-4.2404,7.2880
1.590100,-2.4104,-4.2733,7.2533
1.591800,-2.4220,-4.3064,7.2189
1.593500,-2.4337,-4.3399,7.1846
1.595200,-2.4455,-4.3736,7.1506
1.596900,-2.4572,-4.4077,7.1167
1.598600,-2.4691,-4.4420,7.0831
1.600300,-2.4809,-4.4767,7.0497
1.602000,-2.4928,-4.5117,7.0164
1.603700,-2.5048,-4.5470,6.9834
1.605400,-2.5168,-4.5826,6.9506
1.607100,-2.5288,-4.6186,6.9180
1.608800,-2.5409,-4.6549,6.8856
1.610500,-2.5530,-4.6915,6.8534
1.612200,-2.5651,-4.7285,6.8214
1.613900,-2.5773,-4.7658,6.7896
1.615600,-2.5896,-4.8035,6.7580
1.617300,-2.6018,-4.8415,6.7266
1.619000,-2.6141,-4.8799,6.6954
1.620700,-2.6265,-4.9187,6.6644
1.622400,-2.6389,-4.9578,6.6336
1.624100,-2.6513,-4.9973,6.6030
1.625800,-2.6638,-5.0372,6.5725
1.627500,-2.6763,-5.0775,6.5423
1.629200,-2.6888,-5.1182,6.5123
1.630900,-2.7014,-5.1593,6.4825
1.632600,-2.7140,-5.2008,6.4528
1.634300,-2.7266,-5.2427,6.4234
1.636000,-2.7393,-5.2851,6.3942
1.637700,-2.7520,-5.3278,6.3651
1.639400,-2.7648,-5.3711,6.3363
1.641100,-2.7775,-5.4147,6.3076
1.642800,-2.7903,-5.4588,6.2791
1.644500,-2.8032,-5.5034,6.2508
1.646200,-2.8161,-5.5484,6.2227
1.647900,-2.8290,-5.5939,6.1948
1.649600,-2.8419,-5.6398,6.1671
1.651300,-2.8549,-5.6863,6.1396
1.653000,-2.8679,-5.7332,6.1123
1.654700,-2.8809,-5.7807,6.0851
1.656400,-2.8940,-5.8287,6.0581
1.658100,-2.9071,-5.8771,6.0314
1.659800,-2.9202,-5.9262,6.0048
1.661500,-2.9333,-5.9757,5.9783
1.663200,-2.9465,-6.0258,5.9521
1.664900,-2.9597,-6.0764,5.9261
1.666600,-2.9729,-6.1276,5.9002
1.668300,-2.9862,-6.1794,5.8745
1.670000,-2.9995,-6.2318,5.8490
1.671700,-3.0128,-6.2848,5.8237
1.673400,-3.0261,-6.3383,5.7986
1.675100,-3.0395,-6.3925,5.7736
1.676800,-3.0528,-6.4473,5.7489
1.678500,-3.0662,-6.5027,5.7243
1.680200,-3.0796,-6.5587,5.6998
1.681900,-3.0931,-6.6155,5.6756
1.683600,-3.1065,-6.6728,5.6515
1.685300,-3.1200,-6.7309,5.6276
1.687000,-3.1335,-6.7896,5.6039
1.688700,-3.1470,-6.8490,5.5804
1.690400,-3.1605,-6.9092,5.5570
1.692100,-3.1741,-6.9700,5.5338
1.693800,-3.1876,-7.0316,5.5108
1.695500,-3.2012,-7.0939,5.4879
1.697200,-3.2148,-7.1570,5.4653
1.698900,-3.2284,-7.2208,5.4428
1.700600,-3.2420,-7.2854,5.4204
1.702300,-3.2556,-7.3508,5.3982
1.704000,-3.2693,-7.4169,5.3762
1.705700,-3.2829,-7.4839,5.3544
1.707400,-3.2966,-7.5517,5.3327
1.709100,-3.3103,-7.6203,5.3112
1.710800,-3.3239,-7.6898,5.2899
1.712500,-3.3376,-7.7601,5.2687
1.714200,-3.3513,-7.8313,5.2477
1.715900,-3.3650,-7.9034,5.2269
1.717600,-3.3787,-7.9763,5.2062
1.719300,-3.3924,-8.0502,5.1857
1.721000,-3.4061,-8.1249,5.1653
1.722700,-3.4199,-8.2006,5.1451
1.724400,-3.4336,-8.2772,5.1251
1.726100,-3.4473,-8.3547,5.1052
1.727800,-3.4610,-8.4332,5.0855
1.729500,-3.4748,-8.5127,5.0659
1.731200,-3.4885,-8.5931,5.0465
1.732900,-3.5022,-8.6745,5.0272
1.734600,-3.5159,-8.7569,5.0081
1.736300,-3.5297,-8.8402,4.9892
1.738000,-3.5434,-8.9246,4.9704
1.739700,-3.5571,-9.0100,4.9517
1.741400,-3.5708,-9.0964,4.9333
1.743100,-3.5845,-9.1839,4.9149
1.744800,-3.5982,-9.2723,4.8967
1.746500,-3.6119,-9.3618,4.8787
1.748200,-3.6256,-9.4524,4.8608
1.749900,-3.6393,-9.5440,4.8430
1.751600,-3.6530,-9.6367,4.8254
1.753300,-3.6666,-9.7304,4.8080
1.755000,-3.6803,-9.8252,4.7907
1.756700,-3.6939,-9.9210,4.7735
1.758400,-3.7075,-10.0179,4.7565
1.760100,-3.7211,-10.1159,4.7396
1.761800,-3.7347,-10.2149,4.7228
1.763500,-3.7483,-10.3150,4.7062
1.765200,-3.7619,-10.4162,4.6898
1.766900,-3.7755,-10.5184,4.6734
1.768600,-3.7890,-10.6217,4.6573
1.770300,-3.8025,-10.7260,4.6412
1.772000,-3.8160,-10.8314,4.6253
1.773700,-3.8295,-10.9378,4.6095
1.775400,-3.8430,-11.0452,4.5939
1.777100,-3.8565,-11.1537,4.5783
1.778800,-3.8699,-11.2631,4.5630
1.780500,-3.8833,-11.3736,4.5477
1.782200,-3.8967,-11.4850,4.5326
1.783900,-3.9101,-11.5974,4.5176
1.785600,-3.9234,-11.7108,4.5028
1.787300,-3.9367,-11.8250,4.4880
1.789000,-3.9500,-11.9402,4.4734
1.790700,-3.9633,-12.0562,4.4590
1.792400,-3.9765,-12.1731,4.4446
1.794100,-3.9898,-12.2909,4.4304
1.795800,-4.0029,-12.4094,4.4163
1.797500,-4.0161,-12.5287,4.4023
1.799200,-4.0292,-12.6487,4.3885
1.800900,-4.0423,-12.7694,4.3748
1.802600,-4.0554,-12.8907,4.3612
1.804300,-4.0684,-13.0126,4.3477
1.806000,-4.0814,-13.1351,4.3343
1.807700,-4.0944,-13.2581,4.3211
1.809400,-4.1073,-13.3816,4.3080
1.811100,-4.1202,-13.5054,4.2950
1.812800,-4.1331,-13.6295,4.2821
1.814500,-4.1459,-13.7539,4.2693
1.816200,-4.1587,-13.8785,4.2567
1.817900,-4.1715,-14.0031,4.2442
1.819600,-4.1842,-14.1278,4.2317
1.821300,-4.1969,-14.2524,4.2195
1.823000,-4.2095,-14.3769,4.2073
1.824700,-4.2221,-14.5011,4.1952
1.826400,-4.2346,-14.6249,4.1833
1.828100,-4.2471,-14.7483,4.1714
1.829800,-4.2596,-14.8711,4.1597
1.831500,-4.2720,-14.9931,4.1481
1.833200,-4.2844,-15.1143,4.1366
1.834900,-4.2967,-15.2346,4.1252
1.836600,-4.3089,-15.3537,4.1139
1.838300,-4.3212,-15.4715,4.1027
1.840000,-4.3333,-15.5880,4.0917
1.841700,-4.3455,-15.7028,4.0807
1.843400,-4.3575,-15.8159,4.0699
1.845100,-4.3695,-15.9271,4.0591
1.846800,-4.3815,-16.0362,4.0485
1.848500,-4.3934,-16.1430,4.0380
1.850200,-4.4053,-16.2473,4.0276
1.851900,-4.4171,-16.3490,4.0173
1.853600,-4.4288,-16.4478,4.0071
1.855300,-4.4405,-16.5436,3.9970
1.857000,-4.4521,-16.6362,3.9870
1.858700,-4.4637,-16.7254,3.9771
1.860400,-4.4752,-16.8109,3.9673
1.862100,-4.4867,-16.8927,3.9576
1.863800,-4.4981,-16.9704,3.9480
1.865500,-4.5094,-17.0440,3.9385
1.867200,-4.5207,-17.1133,3.9291
1.868900,-4.5319,-17.1781,3.9198
1.870600,-4.5431,-17.2383,3.9106
1.872300,-4.5541,-17.2937,3.9015
1.874000,-4.5652,-17.3442,3.8925
1.875700,-4.5761,-17.3897,3.8836
1.877400,-4.5870,-17.4301,3.8748
1.879100,-4.5978,-17.4653,3.8661
1.880800,-4.6086,-17.4953,3.8574
1.882500,-4.6193,-17.5201,3.8489
1.884200,-4.6299,-17.5395,3.8405
1.885900,-4.6405,-17.5536,3.8321
1.887600,-4.6510,-17.5624,3.8239
1.889300,-4.6614,-17.5660,3.8157
1.891000,-4.6718,-17.5644,3.8077
1.892700,-4.6821,-17.5577,3.7997
1.894400,-4.6923,-17.5459,3.7918
1.896100,-4.7024,-17.5292,3.7840
1.897800,-4.7125,-17.5077,3.7763
1.899500,-4.7225,-17.4815,3.7687
1.901200,-4.7324,-17.4508,3.7611
1.902900,-4.7423,-17.4156,3.7537
1.904600,-4.7521,-17.3763,3.7463
1.906300,-4.7618,-17.3329,3.7390
1.908000,-4.7715,-17.2856,3.7319
1.909700,-4.7811,-17.2346,3.7247
1.911400,-4.7906,-17.1801,3.7177
1.913100,-4.8000,-17.1223,3.7108
1.914800,-4.8094,-17.0613,3.7039
1.916500,-4.8186,-16.9974,3.6971
1.918200,-4.8279,-16.9307,3.6904
1.919900,-4.8370,-16.8615,3.6838
1.921600,-4.8461,-16.7898,3.6772
1.923300,-4.8551,-16.7159,3.6707
1.925000,-4.8640,-16.6399,3.6644
1.926700,-4.8728,-16.5620,3.6580
1.928400,-4.8816,-16.4824,3.6518
1.930100,-4.8903,-16.4012,3.6456
1.931800,-4.8989,-16.3186,3.6395
1.933500,-4.9075,-16.2347,3.6335
1.935200,-4.9160,-16.1496,3.6276
1.936900,-4.9244,-16.0634,3.6217
1.938600,-4.9327,-15.9764,3.6159
1.940300,-4.9410,-15.8885,3.6102
1.942000,-4.9492,-15.8000,3.6045
1.943700,-4.9573,-15.7108,3.5989
1.945400,-4.9653,-15.6212,3.5934
1.947100,-4.9733,-15.5312,3.5879
1.948800,-4.9812,-15.4408,3.5826
1.950500,-4.9890,-15.3503,3.5772
1.952200,-4.9967,-15.2595,3.5720
1.953900,-5.0044,-15.1687,3.5668
1.955600,-5.0120,-15.0778,3.5617
1.957300,-5.0195,-14.9870,3.5566
1.959000,-5.0270,-14.8963,3.5516
1.960700,-5.0344,-14.8057,3.5467
1.962400,-5.0417,-14.7152,3.5418
1.964100,-5.0489,-14.6250,3.5370
1.965800,-5.0561,-14.5351,3.5323
1.967500,-5.0632,-14.4455,3.5276
1.969200,-5.0702,-14.3562,3.5230
1.970000,-5.0735,-14.3144,3.5208
1.970900,-5.0772,-14.2673,3.5184
1.972600,-5.0841,-14.1789,3.5139
1.974300,-5.0909,-14.0908,3.5095
1.976000,-5.0976,-14.0032,3.5051
1.977700,-5.1043,-13.9160,3.5007
1.979400,-5.1109,-13.8294,3.4965
1.981100,-5.1175,-13.7433,3.4922
1.982800,-5.1239,-13.6577,3.4881
1.984500,-5.1303,-13.5726,3.4840
1.986200,-5.1367,-13.4881,3.4799
1.987900,-5.1430,-13.4042,3.4759
1.989600,-5.1492,-13.3208,3.4719
1.991300,-5.1553,-13.2380,3.4680
1.993000,-5.1614,-13.1558,3.4642
1.994700,-5.1674,-13.0743,3.4604
1.996400,-5.1733,-12.9933,3.4566
1.998100,-5.1792,-12.9129,3.4529
1.999800,-5.1850,-12.8331,3.4493
2.001500,-5.1908,-12.7540,3.4457
2.003200,-5.1965,-12.6754,3.4421
2.004900,-5.2021,-12.5975,3.4386
2.006600,-5.2077,-12.5202,3.4351
2.008300,-5.2132,-12.4436,3.4317
2.010000,-5.2186,-12.3675,3.4283
2.011700,-5.2240,-12.2921,3.4250
2.013400,-5.2293,-12.2173,3.4217
2.015100,-5.2346,-12.1431,3.4185
2.016800,-5.2398,-12.0695,3.4153
2.018500,-5.2449,-11.9965,3.4121
2.020200,-5.2500,-11.9241,3.4090
2.021900,-5.2551,-11.8524,3.4059
2.023600,-5.2600,-11.7812,3.4029
2.025300,-5.2650,-11.7107,3.3999
2.027000,-5.2698,-11.6407,3.3970
2.028700,-5.2746,-11.5713,3.3941
2.030400,-5.2794,-11.5026,3.3912
2.032100,-5.2841,-11.4344,3.3883
2.033800,-5.2887,-11.3668,3.3855
2.035500,-5.2933,-11.2997,3.3828
2.037200,-5.2979,-11.2333,3.3800
2.038900,-5.3024,-11.1674,3.3773
2.040600,-5.3068,-11.1021,3.3747
2.042300,-5.3112,-11.0373,3.3721
2.044000,-5.3156,-10.9731,3.3695
2.045700,-5.3198,-10.9094,3.3669
2.047400,-5.3241,-10.8463,3.3644
2.049100,-5.3283,-10.7837,3.3619
2.050800,-5.3324,-10.7217,3.3594
2.052500,-5.3366,-10.6602,3.3570
2.054200,-5.3406,-10.5992,3.3546
2.055900,-5.3446,-10.5387,3.3522
2.057600,-5.3486,-10.4788,3.3499
2.059300,-5.3525,-10.4193,3.3476
2.061000,-5.3564,-10.3604,3.3453
2.062700,-5.3603,-10.3020,3.3431
2.064400,-5.3641,-10.2440,3.3408
2.066100,-5.3678,-10.1866,3.3386
2.067800,-5.3715,-10.1296,3.3365
2.069500,-5.3752,-10.0731,3.3343
2.071200,-5.3789,-10.0171,3.3322
2.072900,-5.3825,-9.9616,3.3301
2.074600,-5.3860,-9.9065,3.3280
2.076300,-5.3895,-9.8519,3.3260
2.078000,-5.3930,-9.7978,3.3240
2.079700,-5.3965,-9.7441,3.3220
2.081400,-5.3999,-9.6908,3.3200
2.083100,-5.4033,-9.6380,3.3180
2.084800,-5.4066,-9.5857,3.3161
2.086500,-5.4100,-9.5337,3.3142
2.088200,-5.4133,-9.4822,3.3123
2.089900,-5.4165,-9.4312,3.3105
2.091600,-5.4197,-9.3805,3.3086
2.093300,-5.4229,-9.3303,3.3068
2.095000,-5.4261,-9.2804,3.3050
2.096700,-5.4292,-9.2310,3.3032
2.098400,-5.4323,-9.1820,3.3014
2.100100,-5.4354,-9.1334,3.2997
2.101800,-5.4385,-9.0852,3.2979
2.103500,-5.4415,-9.0374,3.2962
2.105200,-5.4445,-8.9899,3.2945
2.106900,-5.4475,-8.9429,3.2928
2.108600,-5.4504,-8.8962,3.2911
2.110300,-5.4533,-8.8499,3.2895
2.112000,-5.4562,-8.8040,3.2878
2.113700,-5.4591,-8.7584,3.2862
2.115400,-5.4620,-8.7133,3.2846
2.117100,-5.4648,-8.6684,3.2830
2.118800,-5.4676,-8.6240,3.2814
2.120500,-5.4704,-8.5798,3.2799
2.122200,-5.4732,-8.5361,3.2783
2.123900,-5.4760,-8.4927,3.2767
2.125600,-5.4787,-8.4496,3.2752
2.127300,-5.4814,-8.4068,3.2737
2.129000,-5.4842,-8.3644,3.2722
2.130700,-5.4868,-8.3224,3.2707
2.132400,-5.4895,-8.2806,3.2692
2.134100,-5.4922,-8.2392,3.2677
2.135800,-5.4948,-8.1981,3.2662
2.137500,-5.4975,-8.1573,3.2648
2.139200,-5.5001,-8.1169,3.2633
2.140900,-5.5027,-8.0768,3.2618
2.142600,-5.5053,-8.0369,3.2604
2.144300,-5.5079,-7.9974,3.2590
2.146000,-5.5105,-7.9582,3.2575
2.147700,-5.5130,-7.9193,3.2561
2.149400,-5.5156,-7.8806,3.2547
2.151100,-5.5181,-7.8423,3.2533
2.152800,-5.5207,-7.8043,3.2519
2.154500,-5.5232,-7.7665,3.2505
2.156200,-5.5257,-7.7291,3.2491
2.157900,-5.5283,-7.6919,3.2477
2.159600,-5.5308,-7.6550,3.2463
2.161300,-5.5333,-7.6184,3.2450
2.163000,-5.5358,-7.5821,3.2436
2.164700,-5.5383,-7.5460,3.2422
2.166400,-5.5408,-7.5102,3.2409
2.168100,-5.5433,-7.4747,3.2395
2.169800,-5.5458,-7.4394,3.2381
2.171500,-5.5483,-7.4044,3.2368
2.173200,-5.5508,-7.3697,3.2354
2.174900,-5.5533,-7.3352,3.2340
2.176600,-5.5558,-7.3010,3.2327
2.178300,-5.5583,-7.2670,3.2313
2.180000,-5.5607,-7.2333,3.2300
2.181700,-5.5632,-7.1999,3.2286
2.183400,-5.5657,-7.1666,3.2273
2.185100,-5.5682,-7.1337,3.2259
2.186800,-5.5708,-7.1009,3.2246
2.188500,-5.5733,-7.0684,3.2232
2.190200,-5.5758,-7.0362,3.2218
2.191900,-5.5783,-7.0042,3.2205
2.193600,-5.5808,-6.9724,3.2191
2.195300,-5.5834,-6.9408,3.2178
2.197000,-5.5859,-6.9095,3.2164
2.198700,-5.5884,-6.8784,3.2150
2.200400,-5.5910,-6.8475,3.2137
2.202100,-5.5935,-6.8169,3.2123
2.203800,-5.5961,-6.7864,3.2109
2.205500,-5.5987,-6.7562,3.2095
2.207200,-5.6013,-6.7262,3.2081
2.208900,-5.6039,-6.6964,3.2067
2.210600,-5.6065,-6.6669,3.2053
2.212300,-5.6091,-6.6375,3.2040
2.214000,-5.6117,-6.6084,3.2025
2.215700,-5.6144,-6.5794,3.2011
2.217400,-5.6171,-6.5507,3.1997
2.219100,-5.6197,-6.5222,3.1983
2.220800,-5.6224,-6.4938,3.1969
2.222500,-5.6251,-6.4657,3.1954
2.224200,-5.6278,-6.4378,3.1940
2.225900,-5.6305,-6.4101,3.1926
2.227600,-5.6333,-6.3825,3.1911
2.229300,-5.6360,-6.3552,3.1897
2.231000,-5.6388,-6.3281,3.1882
2.232700,-5.6416,-6.3011,3.1867
2.234400,-5.6444,-6.2743,3.1852
2.236100,-5.6473,-6.2478,3.1838
2.237800,-5.6501,-6.2214,3.1823
2.239500,-5.6530,-6.1952,3.1807
2.241200,-5.6559,-6.1691,3.1792
2.242900,-5.6588,-6.1433,3.1777
2.244600,-5.6617,-6.1176,3.1762
2.246300,-5.6646,-6.0922,3.1746
2.248000,-5.6676,-6.0669,3.1731
2.249700,-5.6706,-6.0417,3.1715
2.251400,-5.6736,-6.0168,3.1700
2.253100,-5.6766,-5.9920,3.1684
2.254800,-5.6797,-5.9674,3.1668
2.256500,-5.6827,-5.9430,3.1652
2.258200,-5.6858,-5.9187,3.1636
2.259900,-5.6890,-5.8946,3.1620
2.261600,-5.6921,-5.8706,3.1604
2.263300,-5.6953,-5.8469,3.1587
2.265000,-5.6985,-5.8233,3.1571
2.266700,-5.7017,-5.7998,3.1554
2.268400,-5.7049,-5.7766,3.1537
2.270100,-5.7082,-5.7534,3.1520
2.271800,-5.7115,-5.7305,3.1504
2.273500,-5.7148,-5.7077,3.1486
2.275200,-5.7182,-5.6850,3.1469
2.276900,-5.7216,-5.6625,3.1452
2.278600,-5.7250,-5.6402,3.1435
2.280300,-5.7284,-5.6180,3.1417
2.282000,-5.7319,-5.5960,3.1399
2.283700,-5.7354,-5.5741,3.1381
2.285400,-5.7389,-5.5524,3.1364
2.287100,-5.7424,-5.5308,3.1345
2.288800,-5.7460,-5.5093,3.1327
2.290500,-5.7496,-5.4881,3.1309
2.292200,-5.7533,-5.4669,3.1291
2.293900,-5.7570,-5.4459,3.1272
2.295600,-5.7607,-5.4251,3.1253
2.297300,-5.7644,-5.4044,3.1234
2.299000,-5.7682,-5.3838,3.1215
2.300700,-5.7720,-5.3634,3.1196
2.302400,-5.7758,-5.3431,3.1177
2.304100,-5.7797,-5.3229,3.1158
2.305800,-5.7836,-5.3029,3.1138
2.307500,-5.7875,-5.2830,3.1118
2.309200,-5.7915,-5.2633,3.1099
2.310900,-5.7955,-5.2437,3.1079
2.312600,-5.7995,-5.2242,3.1058
2.314300,-5.8036,-5.2049,3.1038
2.316000,-5.8077,-5.1857,3.1018
2.317700,-5.8119,-5.1666,3.0997
2.319400,-5.8160,-5.1477,3.0977
2.321100,-5.8202,-5.1289,3.0956
2.322800,-5.8245,-5.1102,3.0935
2.324500,-5.8288,-5.0916,3.0914
2.326200,-5.8331,-5.0732,3.0892
2.327900,-5.8375,-5.0549,3.0871
2.329600,-5.8419,-5.0367,3.0849
2.331300,-5.8463,-5.0187,3.0827
2.333000,-5.8508,-5.0008,3.0806
2.334700,-5.8553,-4.9830,3.0783
2.336400,-5.8599,-4.9653,3.0761
2.338100,-5.8645,-4.9477,3.0739
2.339800,-5.8691,-4.9303,3.0716
2.341500,-5.8738,-4.9130,3.0694
2.343200,-5.8785,-4.8958,3.0671
2.344900,-5.8832,-4.8787,3.0648
2.346600,-5.8880,-4.8617,3.0625
2.348300,-5.8929,-4.8449,3.0602
2.350000,-5.8977,-4.8282,3.0578
2.351700,-5.9027,-4.8116,3.0554
2.353400,-5.9076,-4.7951,3.0531
2.355100,-5.9126,-4.7787,3.0507
2.356800,-5.9176,-4.7625,3.0483
2.358500,-5.9227,-4.7463,3.0458
2.360200,-5.9279,-4.7303,3.0434
2.361900,-5.9330,-4.7144,3.0409
2.363600,-5.9382,-4.6986,3.0385
2.365300,-5.9435,-4.6829,3.0360
2.367000,-5.9488,-4.6673,3.0335
2.368700,-5.9541,-4.6518,3.0310
2.370400,-5.9595,-4.6365,3.0284
2.372100,-5.9649,-4.6212,3.0259
2.373800,-5.9704,-4.6061,3.0233
2.375500,-5.9759,-4.5910,3.0207
2.377200,-5.9815,-4.5761,3.0181
2.378900,-5.9871,-4.5613,3.0155
2.380600,-5.9927,-4.5466,3.0129
2.382300,-5.9984,-4.5320,3.0103
2.384000,-6.0042,-4.5175,3.0076
2.385700,-6.0099,-4.5031,3.0049
2.387400,-6.0158,-4.4888,3.0022
2.389100,-6.0216,-4.4746,2.9995
2.390800,-6.0276,-4.4605,2.9968
2.392500,-6.0335,-4.4465,2.9941
2.394200,-6.0395,-4.4327,2.9913
2.395900,-6.0456,-4.4189,2.9885
2.397600,-6.0517,-4.4052,2.9858
2.399300,-6.0579,-4.3917,2.9830
2.401000,-6.0641,-4.3782,2.9801
2.402700,-6.0703,-4.3648,2.9773
2.404400,-6.0766,-4.3516,2.9745
2.406100,-6.0829,-4.3384,2.9716
2.407800,-6.0893,-4.3253,2.9687
2.409500,-6.0958,-4.3124,2.9658
2.411200,-6.1022,-4.2995,2.9629
2.412900,-6.1088,-4.2867,2.9600
2.414600,-6.1154,-4.2741,2.9571
2.416300,-6.1220,-4.2615,2.9541
2.418000,-6.1287,-4.2490,2.9512
2.419700,-6.1354,-4.2367,2.9482
2.421400,-6.1421,-4.2244,2.9452
2.423100,-6.1490,-4.2122,2.9422
2.424800,-6.1558,-4.2001,2.9391
2.426500,-6.1627,-4.1881,2.9361
2.428200,-6.1697,-4.1762,2.9331
2.429900,-6.1767,-4.1644,2.9300
2.431600,-6.1838,-4.1527,2.9269
2.433300,-6.1909,-4.1411,2.9238
2.435000,-6.1981,-4.1296,2.9207
2.436700,-6.2053,-4.1182,2.9176
2.438400,-6.2125,-4.1069,2.9145
2.440000,-6.2194,-4.0963,2.9115
2.440100,-6.2198,-4.0957,2.9113
2.441800,-6.2272,-4.0845,2.9081
2.443500,-6.2346,-4.0735,2.9050
2.445200,-6.2420,-4.0625,2.9018
2.446900,-6.2495,-4.0517,2.8986
2.448600,-6.2571,-4.0409,2.8954
2.450300,-6.2647,-4.0302,2.8921
2.452000,-6.2723,-4.0197,2.8889
2.453700,-6.2800,-4.0092,2.8857
2.455400,-6.2878,-3.9988,2.8824
2.457100,-6.2956,-3.9885,2.8791
2.458800,-6.3034,-3.9783,2.8758
2.460500,-6.3113,-3.9681,2.8725
2.462200,-6.3192,-3.9581,2.8692
2.463900,-6.3272,-3.9482,2.8659
2.465600,-6.3353,-3.9383,2.8626
2.467300,-6.3434,-3.9286,2.8592
2.469000,-6.3515,-3.9189,2.8559
2.470700,-6.3597,-3.9093,2.8525
2.472400,-6.3679,-3.8999,2.8491
2.474100,-6.3762,-3.8905,2.8457
2.475800,-6.3845,-3.8812,2.8423
2.477500,-6.3929,-3.8720,2.8389
2.479200,-6.4013,-3.8628,2.8355
2.480900,-6.4098,-3.8538,2.8321
2.482600,-6.4183,-3.8449,2.8287
2.484300,-6.4269,-3.8360,2.8252
2.486000,-6.4355,-3.8272,2.8217
2.487700,-6.4441,-3.8186,2.8183
2.489400,-6.4528,-3.8100,2.8148
2.491100,-6.4616,-3.8015,2.8113
2.492800,-6.4704,-3.7931,2.8078
2.494500,-6.4792,-3.7848,2.8043
2.496200,-6.4881,-3.7765,2.8008
2.497900,-6.4971,-3.7684,2.7973
2.499600,-6.5060,-3.7603,2.7938
2.501300,-6.5151,-3.7524,2.7903
2.503000,-6.5241,-3.7445,2.7867
2.504700,-6.5333,-3.7367,2.7832
2.506400,-6.5424,-3.7290,2.7796
2.508100,-6.5516,-3.7214,2.7761
2.509800,-6.5609,-3.7139,2.7725
2.511500,-6.5702,-3.7065,2.7689
2.513200,-6.5795,-3.6991,2.7653
2.514900,-6.5889,-3.6919,2.7618
2.516600,-6.5983,-3.6847,2.7582
2.518300,-6.6077,-3.6777,2.7546
2.520000,-6.6172,-3.6707,2.7510
2.521700,-6.6268,-3.6638,2.7474
2.523400,-6.6364,-3.6570,2.7438
2.525100,-6.6460,-3.6503,2.7402
2.526800,-6.6556,-3.6436,2.7366
2.528500,-6.6653,-3.6371,2.7329
2.530200,-6.6751,-3.6307,2.7293
2.531900,-6.6849,-3.6243,2.7257
2.533600,-6.6947,-3.6180,2.7221
2.535300,-6.7045,-3.6119,2.7184
2.537000,-6.7144,-3.6058,2.7148
2.538700,-6.7243,-3.5998,2.7112
2.540400,-6.7343,-3.5939,2.7075
2.542100,-6.7443,-3.5880,2.7039
2.543800,-6.7543,-3.5823,2.7003
2.545500,-6.7644,-3.5767,2.6966
2.547200,-6.7745,-3.5711,2.6930
2.548900,-6.7846,-3.5657,2.6894
2.550600,-6.7947,-3.5603,2.6857
2.552300,-6.8049,-3.5550,2.6821
2.554000,-6.8151,-3.5498,2.6785
2.555700,-6.8254,-3.5447,2.6748
2.557400,-6.8356,-3.5397,2.6712
2.559100,-6.8459,-3.5348,2.6676
2.560800,-6.8563,-3.5300,2.6639
2.562500,-6.8666,-3.5253,2.6603
2.564200,-6.8770,-3.5206,2.6567
2.565900,-6.8874,-3.5161,2.6531
2.567600,-6.8978,-3.5116,2.6494
2.569300,-6.9082,-3.5072,2.6458
2.571000,-6.9187,-3.5030,2.6422
2.572700,-6.9292,-3.4988,2.6386
2.574400,-6.9397,-3.4947,2.6350
2.576100,-6.9502,-3.4907,2.6314
2.577800,-6.9608,-3.4868,2.6278
2.579500,-6.9713,-3.4830,2.6242
2.581200,-6.9819,-3.4793,2.6207
2.582900,-6.9925,-3.4757,2.6171
2.584600,-7.0031,-3.4721,2.6135
2.586300,-7.0137,-3.4687,2.6100
2.588000,-7.0243,-3.4654,2.6064
2.589700,-7.0349,-3.4621,2.6029
2.591400,-7.0455,-3.4590,2.5994
2.593100,-7.0562,-3.4559,2.5959
2.594800,-7.0668,-3.4530,2.5923
2.596500,-7.0775,-3.4501,2.5888
2.598200,-7.0881,-3.4473,2.5853
2.599900,-7.0988,-3.4447,2.5819
2.601600,-7.1094,-3.4421,2.5784
2.603300,-7.1201,-3.4396,2.5749
2.605000,-7.1307,-3.4372,2.5715
2.606700,-7.1414,-3.4349,2.5681
2.608400,-7.1520,-3.4328,2.5646
2.610100,-7.1627,-3.4307,2.5612
2.611800,-7.1733,-3.4287,2.5578
2.613500,-7.1839,-3.4268,2.5545
2.615200,-7.1945,-3.4250,2.5511
2.616900,-7.2051,-3.4233,2.5477
2.618600,-7.2157,-3.4217,2.5444
2.620300,-7.2262,-3.4202,2.5411
2.622000,-7.2368,-3.4188,2.5378
2.623700,-7.2473,-3.4175,2.5345
2.625400,-7.2578,-3.4163,2.5312
2.627100,-7.2682,-3.4152,2.5280
2.628800,-7.2787,-3.4142,2.5247
2.630500,-7.2891,-3.4133,2.5215
2.632200,-7.2995,-3.4125,2.5183
2.633900,-7.3098,-3.4118,2.5151
2.635600,-7.3201,-3.4112,2.5120
2.637300,-7.3304,-3.4107,2.5088
2.639000,-7.3407,-3.4104,2.5057
2.640700,-7.3509,-3.4101,2.5026
2.642400,-7.3610,-3.4099,2.4995
2.644100,-7.3712,-3.4098,2.4965
2.645800,-7.3812,-3.4099,2.4935
2.647500,-7.3913,-3.4100,2.4905
2.649200,-7.4012,-3.4102,2.4875
2.650900,-7.4112,-3.4106,2.4845
2.652600,-7.4210,-3.4110,2.4816
2.654300,-7.4308,-3.4116,2.4787
2.656000,-7.4406,-3.4123,2.4758
2.657700,-7.4503,-3.4130,2.4729
2.659400,-7.4599,-3.4139,2.4701
2.661100,-7.4695,-3.4149,2.4673
2.662800,-7.4790,-3.4160,2.4645
2.664500,-7.4884,-3.4172,2.4618
2.666200,-7.4977,-3.4185,2.4590
2.667900,-7.5070,-3.4199,2.4564
2.669600,-7.5162,-3.4215,2.4537
2.671300,-7.5253,-3.4231,2.4511
2.673000,-7.5343,-3.4249,2.4485
2.674700,-7.5433,-3.4267,2.4459
2.676400,-7.5521,-3.4287,2.4434
2.678100,-7.5609,-3.4308,2.4409
2.679800,-7.5696,-3.4330,2.4384
2.681500,-7.5781,-3.4353,2.4360
2.683200,-7.5866,-3.4377,2.4335
2.684900,-7.5950,-3.4403,2.4312
2.686600,-7.6033,-3.4429,2.4288
2.688300,-7.6114,-3.4457,2.4265
2.690000,-7.6195,-3.4486,2.4243
2.691700,-7.6274,-3.4516,2.4221
2.693400,-7.6352,-3.4547,2.4199
2.695100,-7.6429,-3.4579,2.4177
2.696800,-7.6505,-3.4613,2.4156
2.698500,-7.6580,-3.4647,2.4135
2.700200,-7.6653,-3.4683,2.4115
2.701900,-7.6725,-3.4720,2.4095
2.703600,-7.6796,-3.4758,2.4075
2.705300,-7.6865,-3.4798,2.4056
2.707000,-7.6933,-3.4838,2.4038
2.708700,-7.7000,-3.4880,2.4019
2.710400,-7.7065,-3.4923,2.4001
2.712100,-7.7128,-3.4967,2.3984
2.713800,-7.7191,-3.5013,2.3967
2.715500,-7.7251,-3.5059,2.3951
2.717200,-7.7310,-3.5107,2.3934
2.718900,-7.7368,-3.5156,2.3919
2.720600,-7.7424,-3.5206,2.3904
2.722300,-7.7478,-3.5258,2.3889
2.724000,-7.7530,-3.5311,2.3875
2.725700,-7.7581,-3.5365,2.3861
2.727400,-7.7631,-3.5420,2.3848
2.729100,-7.7678,-3.5476,2.3835
2.730800,-7.7724,-3.5534,2.3823
2.732500,-7.7767,-3.5593,2.3811
2.734200,-7.7809,-3.5653,2.3799
2.735900,-7.7850,-3.5715,2.3789
2.737600,-7.7888,-3.5778,2.3778
2.739300,-7.7924,-3.5842,2.3769
2.741000,-7.7959,-3.5907,2.3760
2.742700,-7.7991,-3.5974,2.3751
2.744400,-7.8022,-3.6042,2.3743
2.746100,-7.8050,-3.6111,2.3735
2.747800,-7.8076,-3.6182,2.3728
2.749500,-7.8101,-3.6254,2.3722
2.751200,-7.8123,-3.6327,2.3716
2.752900,-7.8143,-3.6401,2.3710
2.754600,-7.8161,-3.6477,2.3706
2.756300,-7.8177,-3.6555,2.3701
2.758000,-7.8190,-3.6633,2.3698
2.759700,-7.8202,-3.6713,2.3695
2.761400,-7.8211,-3.6794,2.3692
2.763100,-7.8218,-3.6877,2.3691
2.764800,-7.8222,-3.6961,2.3689
2.766500,-7.8225,-3.7046,2.3689
2.768200,-7.8224,-3.7133,2.3689
2.769900,-7.8222,-3.7221,2.3689
2.771600,-7.8217,-3.7310,2.3691
2.773300,-7.8210,-3.7401,2.3692
2.775000,-7.8201,-3.7493,2.3695
2.776700,-7.8189,-3.7586,2.3698
2.778400,-7.8174,-3.7681,2.3702
2.780100,-7.8158,-3.7778,2.3706
2.781800,-7.8138,-3.7875,2.3712
2.783500,-7.8117,-3.7975,2.3717
2.785200,-7.8092,-3.8075,2.3724
2.786900,-7.8066,-3.8177,2.3731
2.788600,-7.8036,-3.8280,2.3739
2.790300,-7.8005,-3.8385,2.3747
2.792000,-7.7970,-3.8492,2.3756
2.793700,-7.7933,-3.8599,2.3766
2.795400,-7.7894,-3.8708,2.3777
2.797100,-7.7852,-3.8819,2.3788
2.798800,-7.7807,-3.8931,2.3800
2.800500,-7.7760,-3.9044,2.3813
2.802200,-7.7710,-3.9159,2.3826
2.803900,-7.7657,-3.9276,2.3840
2.805600,-7.7602,-3.9394,2.3855
2.807300,-7.7545,-3.9513,2.3871
2.809000,-7.7484,-3.9634,2.3887
2.810700,-7.7421,-3.9756,2.3904
2.812400,-7.7356,-3.9880,2.3922
2.814100,-7.7288,-4.0005,2.3941
2.815800,-7.7217,-4.0132,2.3960
2.817500,-7.7143,-4.0260,2.3980
2.819200,-7.7067,-4.0390,2.4001
2.820900,-7.6988,-4.0522,2.4022
2.822600,-7.6907,-4.0655,2.4045
2.824300,-7.6823,-4.0789,2.4068
2.826000,-7.6736,-4.0925,2.4092
2.827700,-7.6647,-4.1062,2.4117
2.829400,-7.6555,-4.1201,2.4142
2.831100,-7.6461,-4.1342,2.4168
2.832800,-7.6364,-4.1484,2.4195
2.834500,-7.6264,-4.1627,2.4223
2.836200,-7.6162,-4.1773,2.4252
2.837900,-7.6058,-4.1919,2.4281
2.839600,-7.5950,-4.2068,2.4312
2.841300,-7.5840,-4.2218,2.4343
2.843000,-7.5728,-4.2369,2.4375
2.844700,-7.5613,-4.2522,2.4407
2.846400,-7.5496,-4.2677,2.4441
2.848100,-7.5376,-4.2833,2.4475
2.849800,-7.5254,-4.2991,2.4511
2.851500,-7.5129,-4.3150,2.4547
2.853200,-7.5001,-4.3311,2.4583
2.854900,-7.4872,-4.3474,2.4621
2.856600,-7.4740,-4.3638,2.4660
2.858300,-7.4605,-4.3804,2.4699
2.860000,-7.4468,-4.3972,2.4739
2.861700,-7.4329,-4.4141,2.4781
2.863400,-7.4188,-4.4312,2.4822
2.865100,-7.4044,-4.4484,2.4865
2.866800,-7.3898,-4.4658,2.4909
2.868500,-7.3750,-4.4834,2.4953
2.870200,-7.3599,-4.5011,2.4999
2.871900,-7.3446,-4.5190,2.5045
2.873600,-7.3291,-4.5371,2.5092
2.875300,-7.3134,-4.5553,2.5140
2.877000,-7.2975,-4.5738,2.5189
2.878700,-7.2814,-4.5923,2.5239
2.880400,-7.2650,-4.6111,2.5290
2.882100,-7.2485,-4.6300,2.5341
2.883800,-7.2317,-4.6491,2.5393
2.885500,-7.2148,-4.6683,2.5447
2.887200,-7.1976,-4.6878,2.5501
2.888900,-7.1803,-4.7073,2.5556
2.890600,-7.1628,-4.7271,2.5612
2.892300,-7.1450,-4.7471,2.5669
2.894000,-7.1271,-4.7672,2.5727
2.895700,-7.1091,-4.7875,2.5785
2.897400,-7.0908,-4.8079,2.5845
2.899100,-7.0724,-4.8286,2.5905
2.900800,-7.0537,-4.8494,2.5967
2.902500,-7.0350,-4.8704,2.6029
2.904200,-7.0160,-4.8915,2.6092
2.905900,-6.9969,-4.9129,2.6156
2.907600,-6.9776,-4.9344,2.6221
2.909300,-6.9582,-4.9561,2.6287
2.911000,-6.9386,-4.9780,2.6354
2.912700,-6.9189,-5.0001,2.6422
2.914400,-6.8990,-5.0223,2.6490
2.916100,-6.8790,-5.0447,2.6560
2.917800,-6.8588,-5.0673,2.6630
2.919500,-6.8385,-5.0901,2.6702
2.921200,-6.8181,-5.1131,2.6774
2.922900,-6.7976,-5.1362,2.6847
2.924600,-6.7769,-5.1596,2.6921
2.926300,-6.7561,-5.1831,2.6996
2.928000,-6.7351,-5.2068,2.7072
2.929700,-6.7141,-5.2307,2.7149
2.931400,-6.6929,-5.2548,2.7227
2.933100,-6.6717,-5.2791,2.7306
2.934800,-6.6503,-5.3036,2.7386
2.936500,-6.6288,-5.3282,2.7466
2.938200,-6.6072,-5.3531,2.7548
2.939900,-6.5856,-5.3781,2.7630
2.941600,-6.5638,-5.4033,2.7714
2.943300,-6.5419,-5.4288,2.7798
2.945000,-6.5200,-5.4544,2.7883
2.946700,-6.4980,-5.4802,2.7970
2.948400,-6.4759,-5.5062,2.8057
2.950100,-6.4537,-5.5324,2.8145
2.951800,-6.4314,-5.5589,2.8234
2.953500,-6.4091,-5.5855,2.8324
2.955200,-6.3867,-5.6123,2.8414
2.956900,-6.3643,-5.6393,2.8506
2.958600,-6.3417,-5.6665,2.8599
2.960300,-6.3192,-5.6939,2.8693
2.962000,-6.2965,-5.7215,2.8787
2.963700,-6.2739,-5.7494,2.8883
2.965400,-6.2511,-5.7774,2.8979
2.967100,-6.2284,-5.8057,2.9076
2.968800,-6.2056,-5.8341,2.9175
2.970500,-6.1827,-5.8628,2.9274
2.972200,-6.1598,-5.8917,2.9374
2.973900,-6.1369,-5.9208,2.9475
2.975600,-6.1139,-5.9501,2.9577
2.977300,-6.0909,-5.9796,2.9680
2.979000,-6.0679,-6.0093,2.9784
2.980700,-6.0449,-6.0393,2.9889
2.982400,-6.0219,-6.0695,2.9994
2.984100,-5.9988,-6.0999,3.0101
2.985800,-5.9757,-6.1305,3.0208
2.987500,-5.9526,-6.1614,3.0317
2.989200,-5.9295,-6.1924,3.0426
2.990900,-5.9064,-6.2237,3.0536
2.992600,-5.8833,-6.2553,3.0647
2.994300,-5.8602,-6.2871,3.0760
2.996000,-5.8371,-6.3191,3.0873
2.997700,-5.8140,-6.3513,3.0987
2.999400,-5.7909,-6.3838,3.1101
3.001100,-5.7678,-6.4165,3.1217
3.002800,-5.7448,-6.4494,3.1334
3.004500,-5.7217,-6.4826,3.1451
3.006200,-5.6987,-6.5161,3.1570
3.007900,-5.6756,-6.5498,3.1689
3.009600,-5.6526,-6.5837,3.1809
3.011300,-5.6296,-6.6179,3.1930
3.013000,-5.6067,-6.6524,3.2052
3.014700,-5.5838,-6.6871,3.2175
3.016400,-5.5609,-6.7220,3.2299
3.018100,-5.5380,-6.7572,3.2424
3.019800,-5.5152,-6.7927,3.2549
3.021500,-5.4923,-6.8285,3.2676
3.023200,-5.4696,-6.8645,3.2803
3.024900,-5.4469,-6.9008,3.2932
3.026600,-5.4242,-6.9374,3.3061
3.028300,-5.4015,-6.9742,3.3191
3.030000,-5.3789,-7.0113,3.3322
3.031700,-5.3564,-7.0487,3.3453
3.033400,-5.3339,-7.0864,3.3586
3.035100,-5.3114,-7.1244,3.3719
3.036800,-5.2890,-7.1627,3.3854
3.038500,-5.2666,-7.2013,3.3989
3.040200,-5.2443,-7.2401,3.4125
3.041900,-5.2221,-7.2793,3.4262
3.043600,-5.1999,-7.3188,3.4400
3.045300,-5.1778,-7.3585,3.4538
3.047000,-5.1557,-7.3986,3.4678
3.048700,-5.1337,-7.4390,3.4818
3.050400,-5.1117,-7.4798,3.4960
3.052100,-5.0898,-7.5208,3.5102
3.053800,-5.0680,-7.5622,3.5244
3.055500,-5.0462,-7.6039,3.5388
3.057200,-5.0245,-7.6460,3.5533
3.058900,-5.0029,-7.6883,3.5678
3.060600,-4.9813,-7.7311,3.5824
3.062300,-4.9598,-7.7741,3.5972
3.064000,-4.9384,-7.8176,3.6119
3.065700,-4.9170,-7.8614,3.6268
3.067400,-4.8958,-7.9055,3.6418
3.069100,-4.8746,-7.9500,3.6568
3.070800,-4.8534,-7.9949,3.6719
3.072500,-4.8324,-8.0402,3.6871
3.074200,-4.8114,-8.0858,3.7024
3.075900,-4.7905,-8.1318,3.7178
3.077600,-4.7696,-8.1782,3.7332
3.079300,-4.7489,-8.2251,3.7488
3.081000,-4.7282,-8.2723,3.7644
3.082700,-4.7076,-8.3199,3.7801
3.084400,-4.6870,-8.3679,3.7959
3.086100,-4.6666,-8.4164,3.8117
3.087800,-4.6462,-8.4653,3.8277
3.089500,-4.6259,-8.5146,3.8437
3.091200,-4.6057,-8.5643,3.8598
3.092900,-4.5856,-8.6145,3.8760
3.094600,-4.5655,-8.6651,3.8922
3.096300,-4.5455,-8.7162,3.9086
3.098000,-4.5256,-8.7677,3.9250
3.099700,-4.5058,-8.8197,3.9415
3.101400,-4.4861,-8.8722,3.9581
3.103100,-4.4664,-8.9252,3.9747
3.104800,-4.4469,-8.9786,3.9915
3.106500,-4.4274,-9.0326,4.0083
3.108200,-4.4080,-9.0870,4.0252
3.109900,-4.3887,-9.1420,4.0422
3.111600,-4.3694,-9.1974,4.0593
3.113300,-4.3503,-9.2534,4.0764
3.115000,-4.3312,-9.3099,4.0936
3.116700,-4.3122,-9.3669,4.1109
3.118400,-4.2933,-9.4245,4.1283
3.120100,-4.2745,-9.4827,4.1458
3.121800,-4.2557,-9.5413,4.1633
3.123500,-4.2370,-9.6006,4.1810
3.125200,-4.2185,-9.6604,4.1987
3.126900,-4.2000,-9.7208,4.2164
3.128600,-4.1816,-9.7818,4.2343
3.130300,-4.1632,-9.8433,4.2522
3.132000,-4.1450,-9.9055,4.2703
3.133700,-4.1268,-9.9682,4.2883
3.135400,-4.1088,-10.0316,4.3065
3.137100,-4.0908,-10.0956,4.3248
3.138800,-4.0729,-10.1602,4.3431
3.140500,-4.0551,-10.2255,4.3615
3.142200,-4.0373,-10.2914,4.3800
3.143900,-4.0197,-10.3579,4.3985
3.145600,-4.0021,-10.4251,4.4171
3.147300,-3.9847,-10.4930,4.4358
3.149000,-3.9673,-10.5615,4.4546
3.150700,-3.9500,-10.6307,4.4734
3.152400,-3.9328,-10.7005,4.4924
3.154100,-3.9157,-10.7711,4.5113
3.155800,-3.8987,-10.8423,4.5304
3.157500,-3.8817,-10.9143,4.5495
3.159200,-3.8649,-10.9869,4.5687
3.160900,-3.8482,-11.0602,4.5879
3.162600,-3.8315,-11.1342,4.6072
3.164300,-3.8150,-11.2090,4.6265
3.166000,-3.7985,-11.2844,4.6460
3.167700,-3.7822,-11.3606,4.6654
3.169400,-3.7659,-11.4375,4.6849
3.171100,-3.7497,-11.5151,4.7045
3.172800,-3.7337,-11.5934,4.7241
3.174500,-3.7177,-11.6725,4.7438
3.176200,-3.7019,-11.7522,4.7635
3.177900,-3.6862,-11.8327,4.7832
3.179600,-3.6705,-11.9139,4.8030
3.181300,-3.6550,-11.9958,4.8228
3.183000,-3.6396,-12.0785,4.8426
3.184700,-3.6243,-12.1618,4.8625
3.186400,-3.6091,-12.2459,4.8824
3.188100,-3.5940,-12.3306,4.9023
3.189800,-3.5791,-12.4161,4.9222
3.191500,-3.5642,-12.5022,4.9421
3.193200,-3.5495,-12.5890,4.9620
3.194900,-3.5349,-12.6765,4.9819
3.196600,-3.5205,-12.7646,5.0019
3.198300,-3.5061,-12.8533,5.0218
3.200000,-3.4919,-12.9427,5.0417
