freq_GHz,Sdd11_dB_freespace,Sdd11_dB_onbody
1.5,-0.8162383994435285,-1.8577107586365855
1.5017,-0.8191263094051231,-1.866926284313276
1.5034,-0.8220359713369421,-1.8761885796284758
1.5051,-0.824967391508089,-1.885497681411338
1.5068,-0.8279205756876841,-1.8948536234878512
1.5085,-0.8308955291440467,-1.9042564366149461
1.5102,-0.8338922566438529,-1.9137061484140916
1.5119,-0.836910762451385,-1.923202783304347
1.5136,-0.8399510503277624,-1.9327463624349273
1.5153,-0.8430131235302505,-1.9423369036172444
1.517,-0.8460969848115752,-1.9519744212564456
1.5187,-0.8492026364192997,-1.9616589262824593
1.5204,-0.8523300800952023,-1.9713904260805188
1.5221,-0.8554793170747387,-1.9811689244212314
1.5238,-0.8586503480865072,-1.9909944213901278
1.5255,-0.8618431733517705,-2.000866913316738
1.5272000000000001,-0.8650577925840175,-2.0107863927031975
1.5289,-0.8682942049885677,-2.0207528481523758
1.5306,-0.8715524092622111,-2.0307662642955417
1.5323,-0.8748324035929066,-2.0408266217195496
1.534,-0.8781341856595262,-2.0509338968936017
1.5357,-0.8814577526316243,-2.061088062095523
1.5374,-0.8848031011692918,-2.071289085337617
1.5391,-0.8881702274230281,-2.0815369302920956
1.5408,-0.8915591270336852,-2.0918315562160363
1.5425,-0.89496979513246,-2.1021729178759445
1.5442,-0.898402226340935,-2.1125609654719044
1.5459,-0.9018564147711888,-2.122995644561297
1.5476,-0.9053323540259537,-2.133476895982117
1.5493,-0.9088300371988423,-2.1440046557759307
1.551,-0.9123494568746199,-2.154578855110381
1.5527,-0.9158906051295735,-2.1651994202013918
1.5544,-0.9194534735319135,-2.1758662722349267
1.5561,-0.9230380531422524,-2.18657932728844
1.5578,-0.9266443345141774,-2.1973384962519567
1.5595,-0.930272307694858,-2.2081436847488174
1.5612,-0.9339219622257589,-2.2189947930560736
1.5629,-0.9375932871434246,-2.229891716024607
1.5646,-0.9412862709803228,-2.2408343429988946
1.5663,-0.9450009017658001,-2.2518225577365145
1.568,-0.9487371670271089,-2.262856238327354
1.5697,-0.9524950537905131,-2.2739352571125675
1.5714,-0.9562745485825154,-2.2850594806032793
1.5731,-0.9600756374311357,-2.296228769399049
1.5748,-0.9638983058673258,-2.3074429781061427
1.5765,-0.9677425389264627,-2.3187019552555963
1.5782,-0.971608321149948,-2.330005543221111
1.5799,-0.9754956365869262,-2.341353578136813
1.5816,-0.9794044687960967,-2.352745889814867
1.5833,-0.9833348008476523,-2.364182301663042
1.585,-0.9872866153253302,-2.375662630602144
1.5867,-0.9912598943285813,-2.387186686983502
1.5884,-0.9952546194748881,-2.3987542745063752
1.5901,-0.9992707719021707,-2.410365190135461
1.5918,-1.0033083322713696,-2.4220192240184617
1.5935,-1.007367280769134,-2.4337161594037924
1.5952,-1.0114475971106864,-2.4454557725584505
1.5969,-1.0155492605428005,-2.4572378326861375
1.5986,-1.0196722498469488,-2.469062101845647
1.6003,-1.0238165433426203,-2.480928334869654
1.602,-1.0279821188907738,-2.4928362792838494
1.6037,-1.0321689538974697,-2.5047856752266497
1.6054,-1.036377025317698,-2.516776255369434
1.6071,-1.040606309659341,-2.5288077448374544
1.6088,-1.044856782987358,-2.5408798611315078
1.6105,-1.049128420928151,-2.5529923140504613
1.6122,-1.053421198674112,-2.5651448056147608
1.6139000000000001,-1.0577350909883836,-2.577337029990994
1.6156,-1.0620700722098428,-2.589568673417682
1.6173,-1.0664261162582704,-2.6018394141324364
1.619,-1.070803196639774,-2.6141489223005694
1.6207,-1.0752012864524083,-2.6264968599453846
1.6224,-1.0796203583920652,-2.6388828808802858
1.6241,-1.0840603847585832,-2.6513066306428468
1.6258,-1.0885213374621099,-2.6637677464311165
1.6275,-1.0930031880297444,-2.6762658570422864
1.6292,-1.0975059076124198,-2.6888005828139416
1.6309,-1.1020294669920712,-2.7013715355682026
1.6326,-1.106573836589095,-2.7139783185588935
1.6343,-1.1111389864700822,-2.7266205264220496
1.6360000000000001,-1.115724886355871,-2.7392977451300657
1.6377,-1.1203315056298906,-2.7520095519496652
1.6394,-1.124958813346839,-2.7647555154041097
1.6411,-1.1296067782416659,-2.777535195239885
1.6428,-1.1342753687389229,-2.790348142398175
1.6445,-1.1389645529624324,-2.8031938989915717
1.6461999999999999,-1.1436742987453263,-2.816071998286201
1.6479,-1.1484045736404511,-2.8289819646898224
1.6496,-1.1531553449311416,-2.8419233137461006
1.6513,-1.1579265796423852,-2.8548955521355768
1.653,-1.1627182445523994,-2.8678981776836237
1.6547,-1.1675303062045834,-2.880930679375895
1.6564,-1.1723627309199245,-2.8939925373815867
1.6581000000000001,-1.1772154848098186,-2.9070832230849546
1.6598,-1.1820885337893268,-2.920202199125565
1.6615,-1.1869818435909065,-2.9333489194475844
1.6632,-1.1918953797785874,-2.9465228293585985
1.6649,-1.1968291077626398,-2.959723365598364
1.6666,-1.2017829928147323,-2.9729499564178354
1.6683,-1.2067570000835668,-2.986202021668924
1.67,-1.2117510946110812,-2.9994789729052713
1.6717,-1.2167652413491208,-3.012780213494467
1.6734,-1.221799405176692,-3.0261051387419298
1.6751,-1.2268535509177452,-3.039453136026826
1.6768,-1.2319276433595496,-3.0528235849502035
1.6785,-1.237021647271606,-3.066215857495588
1.6802000000000001,-1.2421355274252035,-3.0796293182021506
1.6819,-1.2472692486135397,-3.0930633243505885
1.6836,-1.2524227756724857,-3.1065172261617233
1.6853,-1.2575960735019633,-3.11999036700781
1.687,-1.262789107087994,-3.1334820836364297
1.6887,-1.2680018415253789,-3.1469917064068005
1.6904,-1.273234242041067,-3.16051855953822
1.6921,-1.2784862740182168,-3.1740619613703136
1.6938,-1.2837579030209252,-3.18762122463456
1.6955,-1.2890490948197018,-3.201195656736612
1.6972,-1.2943598154176528,-3.214784560048698
1.6989,-1.2996900310773856,-3.228387232211328
1.7006000000000001,-1.3050397083486962,-3.242002966443442
1.7023,-1.310408814096983,-3.2556310518599316
1.704,-1.3157973155324503,-3.2692707737955056
1.7057,-1.3212051802400901,-3.2829214141335443
1.7074,-1.3266323762104508,-3.2965822516386876
1.7091,-1.3320788718712224,-3.310252562291632
1.7108,-1.3375446361196122,-3.3239316196245525
1.7125,-1.343029638355571,-3.337618695055513
1.7142,-1.3485338485158116,-3.3513130582200708
1.7159,-1.3540572371086845,-3.3650139772981995
1.7176,-1.3595997752498998,-3.378720719334618
1.7193,-1.3651614346990646,-3.3924325505505366
1.721,-1.370742187897115,-3.406148736644767
1.7227000000000001,-1.37634200800455,-3.4198685430821696
1.7244,-1.38196086894055,-3.4335912353672793
1.7261,-1.3875987454229401,-3.4473160793011437
1.7278,-1.3932556130090044,-3.4610423412192692
1.7295,-1.3989314481371187,-3.474769288208728
1.7312,-1.4046262281692754,-3.488496188302469
1.7329,-1.4103399314343794,-3.502222310649133
1.7346,-1.4160725372724112,-3.5159469256565807
1.7363,-1.421824026079363,-3.529669305107677
1.738,-1.427594379352993,-3.543388722246958
1.7397,-1.433383579739313,-3.5571044518370485
1.7414,-1.4391916110798708,-3.570815770183887
1.7431,-1.4450184584597272,-3.584521955130065
1.7448000000000001,-1.45086410825613,-3.5982222860159285
1.7465,-1.456728548187853,-3.61191604360819
1.7482,-1.462611767365156,-3.625602509996338
1.7499,-1.4685137563403403,-3.6392809684572223
1.7516,-1.4744345071588052,-3.652950703288624
1.7533,-1.4803740134106214,-3.6666109996129608
1.755,-1.4863322702825164,-3.680261143152456
1.7567,-1.4923092746101976,-3.693900419977644
1.7584,-1.4983050249310104,-3.7075281162311517
1.7601,-1.504319521536763,-3.7211435178291863
1.7618,-1.5103527665267142,-3.7347459101433382
1.7635,-1.516404763860566,-3.748334577665631
1.7652,-1.522475519411419,-3.7619088036598844
1.7669000000000001,-1.5285650410185412,-3.7754678698028536
1.7686,-1.5346733385398408,-3.789011055818569
1.7703,-1.5408004239039146,-3.8025376391096053
1.772,-1.5469463111615522,-3.8160468943890584
1.7737,-1.5531110165365125,-3.8295380933170398
1.7754,-1.5592945584754219,-3.843010504145638
1.7771,-1.5654969576966482,-3.8564633913761126
1.7788,-1.571718237237894,-3.869896015432222
1.7805,-1.577958422502397,-3.883307632353314
1.7822,-1.5842175413034312,-3.8966974935108105
1.7839,-1.5904956239069499,-3.9100648453514557
1.7856,-1.5967927030720546,-3.9234089291704817
1.7873,-1.6031088140890717,-3.9367289809176937
1.7890000000000001,-1.6094439948149457,-3.9500242310390754
1.7907,-1.6157982857055977,-3.9632939043562887
1.7924,-1.622171729844989,-3.9765372199860978
1.7941,-1.6285643729704926,-3.989753391301391
1.7958,-1.6349762634942238,-4.002941625935143
1.7975,-1.641407452519939,-4.0161011258282215
1.7992,-1.6478579938550733,-4.02923108732172
1.8009,-1.6543279440174827,-4.042330701293874
1.8026,-1.6608173622364062,-4.0553991533415745
1.8043,-1.6673263104471867,-4.068435624005796
1.806,-1.6738548532791684,-4.081439289040228
1.8077,-1.680403058036253,-4.094409319721785
1.8094000000000001,-1.6869709946695202,-4.1073448832015895
1.8111000000000002,-1.6935587357412818,-4.120245142894568
1.8128,-1.7001663563799188,-4.133109258905715
1.8145,-1.7067939342248146,-4.145936388490628
1.8162,-1.7134415493606654,-4.158725686547922
1.8179,-1.7201092842403833,-4.171476306140866
1.8195999999999999,-1.7267972235958418,-4.184187399045395
1.8213,-1.7335054543355937,-4.19685811632171
1.823,-1.740234065428676,-4.209487608906347
1.8247,-1.746983147773642,-4.222075028221851
1.8264,-1.7537527940518367,-4.234619526800884
1.8281,-1.7605430985639092,-4.247120258921825
1.8298,-1.767354157048611,-4.259576381252817
1.8315000000000001,-1.774186066482706,-4.2719870535014
1.8332000000000002,-1.781038924861005,-4.284351439066744
1.8349,-1.7879128309553067,-4.296668705691929
1.8366,-1.7948078840511124,-4.308938026113474
1.8383,-1.8017241836609093,-4.321158578705708
1.84,-1.8086618292127694,-4.333329548117635
1.8417,-1.815620919713048,-4.3454501259000935
1.8434,-1.822601553381848,-4.357519511121194
1.8451,-1.829603827259997,-4.369536910968199
1.8468,-1.8366278367861861,-4.381501541334149
1.8485,-1.8436736753429805,-4.39341262738777
1.8502,-1.8507414337703811,-4.405269404125341
1.8519,-1.857831199845572,-4.41707111690333
1.8536000000000001,-1.8649430577276402,-4.42881702195089
1.8553,-1.872077087365927,-4.440506386861357
1.857,-1.8792333638708005,-4.4521384910621435
1.8587,-1.8864119568456836,-4.46371262626245
1.8604,-1.893612929679186,-4.475228096878544
1.8621,-1.9008363387963154,-4.4866842204363095
1.8638,-1.9080822328678355,-4.498080327950997
1.8655,-1.9153506519769061,-4.509415764284185
1.8672,-1.9226416267423767,-4.520689888478121
1.8689,-1.9299551773981183,-4.531902074067597
1.8706,-1.9372913128281284,-4.543051709369732
1.8723,-1.9446500295572196,-4.554138197752025
1.874,-1.9520313106973985,-4.565160957879116
1.8757000000000001,-1.959435124850334,-4.576119423938806
1.8774,-1.9668614249665797,-4.587013045847867
1.8791,-1.9743101471625557,-4.597841289438276
1.8808,-1.9817812094966811,-4.60860363662446
1.8825,-1.9892745107065322,-4.6192995855523
1.8842,-1.9967899289091826,-4.629928650730454
1.8859,-2.0043273202676324,-4.640490363144859
1.8876,-2.0118865176265412,-4.650984270356923
1.8893,-2.019467329121264,-4.661409936586311
1.891,-2.0270695367647042,-4.671766942778821
1.8927,-2.0346928950172876,-4.682054886660261
1.8944,-2.0423371293460257,-4.692273382776804
1.8961000000000001,-2.0500019347794836,-4.702422062522648
1.8978000000000002,-2.0576869744663213,-4.712500574155554
1.8995,-2.0653918782458645,-4.7225085828009155
1.9012,-2.073116241240252,-4.732445770444982
1.9029,-2.08085962247853,-4.74231183591781
1.9046,-2.08862154356421,-4.7521064948665215
1.9063,-2.0964014873987127,-4.761829479719444
1.908,-2.1041988969743017,-4.771480539641555
1.9097,-2.1120131742511643,-4.781059440481844
1.9114,-2.1198436791342967,-4.7905659647129815
1.9131,-2.127689728567104,-4.799999911363759
1.9148,-2.1355505957594834,-4.809361095944729
1.9165,-2.1434255095693584,-4.8186493503674175
1.9182000000000001,-2.1513136540574873,-4.827864522857498
1.9199000000000002,-2.1592141682363075,-4.83700647786227
1.9216,-2.1671261460343674,-4.846075095952751
1.9233,-2.1750486364986017,-4.8550702737207105
1.925,-2.182980644257158,-4.8639919236709
1.9267,-2.1909211302659557,-4.872839974108782
1.9284,-2.1988690128622106,-4.881614369023954
1.9301,-2.2068231691480915,-4.8903150679695475
1.9318,-2.214782436727407,-4.898942045937775
1.9335,-2.2227456158174115,-4.907495293231816
1.9352,-2.230711471756987,-4.915974815334283
1.9369,-2.238678737930964,-4.9243806327723645
1.9386,-2.2466461191286884,-4.9327127809798625
1.9403000000000001,-2.2546122953526737,-4.940971310156204
1.9420000000000002,-2.262575926090552,-4.949156285122658
1.9437,-2.27053565506041,-4.957267785175766
1.9454,-2.2784901154359622,-4.965305903938219
1.9471,-2.2864379355538262,-4.973270749207224
1.9488,-2.294377745100541,-4.981162442800452
1.9505,-2.3023081817717426,-4.988981120399746
1.9522,-2.310227898390298,-4.996726931392581
1.9539,-2.3181355704638626,-5.004400038711455
1.9556,-2.3260299041559565,-5.012000618671195
1.9573,-2.3339096446373992,-5.019528860804392
1.959,-2.341773584777817,-5.026984967694884
1.9607,-2.349620574129191,-5.034369154809503
1.9624000000000001,-2.3574495281457617,-5.041681650328064
1.9641,-2.3652594375767637,-5.048922694971729
1.9658,-2.373049377960775,-5.05609254182973
1.9675,-2.3808185191428852,-5.063191456184662
1.9692,-2.388566134728754,-5.070219715336233
1.97,-2.3922044438939367,-5.073502765191079
1.9709,-2.396291611383017,-5.077177608423709
1.9726,-2.403994457873437,-5.084065436246971
1.9743,-2.4116743137571337,-5.090883511086401
1.976,-2.4193309576011113,-5.097632156521495
1.9777,-2.42696431462639,-5.104311707248435
1.9794,-2.434574463663507,-5.11092250889654
1.9811,-2.4421616433070525,-5.117464917843799
1.9828000000000001,-2.449726257158611,-5.123939301031432
1.9845000000000002,-2.457268878050656,-5.130346035777603
1.9862,-2.4647902511493456,-5.136685509590398
1.9879,-2.4722912958410426,-5.142958119980021
1.9896,-2.4797731063164865,-5.149164274270404
1.9913,-2.4872369507774703,-5.155304389410187
1.993,-2.494684269203415,-5.161378891783247
1.9947,-2.502116669629952,-5.167388217018736
1.9964,-2.5095359229073355,-5.173332809800806
1.9981,-2.516943955924158,-5.179213123677995
1.9998,-2.5243428433002113,-5.185029620872411
2.0015,-2.5317347975718407,-5.190782772088795
2.0032,-2.5391221579130328,-5.196473056323443
2.0049,-2.546507377455635,-5.202100960673177
2.0066,-2.553893009292223,-5.207666980144351
2.0083,-2.5612816912644902,-5.21317161746202
2.01,-2.5686761296587317,-5.218615382879293
2.0117000000000003,-2.5760790819472614,-5.223998793986997
2.0134,-2.583493338730266,-5.229322375523657
2.0151,-2.59092170504644,-5.2345866591859505
2.0168,-2.5983669812318966,-5.23979218343961
2.0185,-2.605831943516061,-5.244939493330939
2.0202,-2.613319324549227,-5.250029140298906
2.0219,-2.620831794059757,-5.255061681988006
2.0236,-2.628371939839159,-5.260037682061841
2.0253,-2.6359422492505975,-5.264957710017589
2.027,-2.64354509145053,-5.269822341001323
2.0287,-2.6511827005047843,-5.274632155624381
2.0304,-2.6588571595686545,-5.279387739780668
2.0321,-2.666570386287301,-5.2840896844651635
2.0338000000000003,-2.674324119556124,-5.288738585593534
2.0355,-2.6821199077631745,-5.293335043822951
2.0372,-2.6899590986159927,-5.297879664374241
2.0389,-2.6978428306343796,-5.302373056855344
2.0406,-2.7057720263692975,-5.306815835086178
2.0423,-2.7137473873859648,-5.311208616924948
2.044,-2.721769391027295,-5.315552024095966
2.0457,-2.7298382889522737,-5.3198466820190475
2.0474,-2.737954107422951,-5.324093219640459
2.0491,-2.7461166492940454,-5.3282922692655985
2.0508,-2.7543254976405693,-5.332444466393326
2.0525,-2.7625800209423357,-5.336550449552066
2.0542,-2.7708793797288935,-5.340610860137684
2.0559000000000003,-2.7792225345758843,-5.344626342253239
2.0576,-2.7876082553324877,-5.348597542550564
2.0593,-2.7960351314513594,-5.352525110073813
2.061,-2.8045015832856794,-5.356409696104908
2.0627,-2.81300587421374,-5.360251954010997
2.0644,-2.8215461234492905,-5.364052539093955
2.0661,-2.8301203193957454,-5.367812108441903
2.0678,-2.838726333403821,-5.371531320782815
2.0695,-2.847361933795984,-5.375210836340246
2.0712,-2.8560248000257866,-5.37885131669119
2.0729,-2.8647125368465796,-5.382453424626106
2.0746,-2.8734226883718277,-5.386017824011101
2.0763,-2.882152751917449,-5.389545179652362
2.0780000000000003,-2.8909001915260952,-5.393036157162749
2.0797,-2.899662451082988,-5.396491422830686
2.0814,-2.9084369669431274,-5.399911643491267
2.0831,-2.91722118000008,-5.403297486399676
2.0848,-2.9260125471369367,-5.4066496191068225
2.0865,-2.9348085520103497,-5.409968709337343
2.0882,-2.9436067151283734,-5.4132554248698295
2.0899,-2.9524046031927713,-5.416510433419434
2.0916,-2.9611998376852275,-5.419734402522758
2.0933,-2.969990102685849,-5.422927999425033
2.095,-2.9787731519199463,-5.426091890969685
2.0967000000000002,-2.9875468150366635,-5.429226743490157
2.0984,-2.9963090031294914,-5.43233322270409
2.1001000000000003,-3.0050577135145313,-5.435411993609835
2.1018,-3.0137910337876415,-5.438463720385231
2.1035,-3.0225071451859833,-5.44148906628876
2.1052,-3.03120432528319,-5.444488693562962
2.1069,-3.039880950050611,-5.447463263340167
2.1086,-3.0485354953193466,-5.450413435550524
2.1103,-3.057166537679767,-5.453339868832293
2.112,-3.065772754856516,-5.456243220444453
2.1137,-3.074352925597669,-5.459124146181482
2.1154,-3.082905929117175,-5.461983300290507
2.1171,-3.0914307441295903,-5.464821335390569
2.1188000000000002,-3.0999264475155837,-5.467638902394178
2.1205,-3.1083922126560926,-5.470436650431041
2.1222000000000003,-3.116827307471761,-5.47321522677398
2.1239,-3.1252310922031956,-5.475975276767012
2.1256,-3.1336030169660583,-5.478717443755597
2.1273,-3.141942619113285,-5.481442369018986
2.129,-3.150249520435227,-5.48415069170467
2.1307,-3.158523424226498,-5.486843048764971
2.1324,-3.1667641122465087,-5.489520074895622
2.1341,-3.1749714415987884,-5.492182402476421
2.1358,-3.1831453415523208,-5.49483066151395
2.1375,-3.1912858103261312,-5.497465479586174
2.1391999999999998,-3.199392911856603,-5.500087481789128
2.1409000000000002,-3.2074667725651813,-5.50269729068546
2.1426,-3.215507578142274,-5.505295526254935
2.1443000000000003,-3.223515570361632,-5.507882805846819
2.146,-3.231491043937714,-5.510459744134116
2.1477,-3.239434343437171,-5.5130269530696605
2.1494,-3.247345860254003,-5.515585041844001
2.1511,-3.255226029656679,-5.5181346168450665
2.1528,-3.2630753279142293,-5.5206762816195765
2.1545,-3.2708942695071115,-5.5232106368362235
2.1562,-3.278683404427585,-5.525738280250451
2.1579,-3.286443315573379,-5.5282598066710005
2.1596,-3.2941746162374015,-5.5307758079280145
2.1612999999999998,-3.3018779476955773,-5.533286872842781
2.1630000000000003,-3.3095539768939943,-5.535793587199045
2.1647,-3.317203394235943,-5.538296533715872
2.1664000000000003,-3.3248269114688562,-5.540796292021978
2.1681,-3.332425259670486,-5.543293438631617
2.1698,-3.339999187333411,-5.545788546921843
2.1715,-3.347549458546277,-5.5482821871112495
2.1732,-3.355076851270036,-5.550774926240072
2.1749,-3.362582155707043,-5.55326732815164
2.1766,-3.3700661727606347,-5.555759953475185
2.1783,-3.37752971258253,-5.5582533596099095
2.18,-3.3849735932053715,-5.560748100710344
2.1817,-3.3923986392573853,-5.56324472767293
2.1834,-3.39980568075617,-5.565743788123823
2.1851000000000003,-3.4071955519785195,-5.568245826407821
2.1868,-3.4145690904030346,-5.570751383578493
2.1885,-3.421927135722403,-5.5732609973893465
2.1902,-3.429270528922057,-5.575775202286159
2.1919,-3.4366001114220657,-5.5782945294002895
2.1936,-3.4439167242789863,-5.580819506543034
2.1953,-3.4512212074446484,-5.583350658200969
2.197,-3.458514399078598,-5.5858885055322265
2.1987,-3.4657971349113055,-5.5884335663637525
2.2004,-3.473070247655075,-5.590986355189407
2.2021,-3.4803345664597685,-5.593547383168939
2.2038,-3.487590916410464,-5.59611715812784
2.2055,-3.4948401180644115,-5.598696184557937
2.2072000000000003,-3.5020829870244983,-5.601284963618855
2.2089,-3.5093203335467056,-5.603883993140109
2.2106,-3.5165529621791327,-5.606493767624059
2.2123,-3.5237816714300645,-5.60911477824942
2.214,-3.531007253462917,-5.611747512875528
2.2157,-3.538230493815768,-5.614392456047201
2.2174,-3.545452171143401,-5.617050089000234
2.2191,-3.5526730569798404,-5.619720889667436
2.2208,-3.5598939155194103,-5.6224053326852435
2.2225,-3.5671155034145126,-5.625103889400863
2.2242,-3.574338569588351,-5.627817027879916
2.2259,-3.5815638550609075,-5.630545212914494
2.2276,-3.5887920927866186,-5.633288906031759
2.2293000000000003,-3.5960240075022307,-5.63604856550289
2.231,-3.603260315583356,-5.638824646352424
2.2327,-3.61050172490848,-5.641617600367997
2.2344,-3.6177489347290006,-5.644427876110408
2.2361,-3.6250026355442584,-5.647255918923979
2.2378,-3.632263508980253,-5.650102170947249
2.2395,-3.6395322276711455,-5.652967071123877
2.2412,-3.6468094551424097,-5.655851055213848
2.2429,-3.6540958456947994,-5.658754555804824
2.2446,-3.661392044288245,-5.661678002323764
2.2463,-3.6686986864248294,-5.66462182104864
2.248,-3.676016398030206,-5.667586435120341
2.2497,-3.6833457953326922,-5.670572264554702
2.2514000000000003,-3.690687484739483,-5.673579726254573
2.2531,-3.6980420627094306,-5.676609234022046
2.2548,-3.7054101156218944,-5.67966119857066
2.2565,-3.712792219641247,-5.682736027537681
2.2582,-3.720188940576661,-5.685834125496357
2.2599,-3.7276008337369126,-5.6889558939681955
2.2616,-3.7350284437799446,-5.692101731435152
2.2633,-3.742472304557007,-5.695272033351799
2.265,-3.749932938951319,-5.6984671921574055
2.2667,-3.757410858711163,-5.701687597287898
2.2684,-3.7649065642775055,-5.704933635187715
2.2701000000000002,-3.772420544606158,-5.708205689321508
2.2718,-3.7799532769847866,-5.711504140185667
2.2735000000000003,-3.7875052268448495,-5.7148293653196935
2.2752,-3.7950768475689607,-5.718181739317321
2.2769,-3.8026685802939215,-5.721561633837437
2.2786,-3.8102808537100543,-5.724969417614752
2.2803,-3.8179140838572283,-5.728405456470197
2.282,-3.825568673918387,-5.731870113321012
2.2837,-3.8332450140112124,-5.735363748190595
2.2854,-3.8409434809787286,-5.7388867182179215
2.2871,-3.8486644381798034,-5.742439377666704
2.2888,-3.85640823528051,-5.7460220779341515
2.2905,-3.8641752080474263,-5.749635167559325
2.2922000000000002,-3.8719656781440475,-5.75327899223111
2.2939,-3.8797799529315697,-5.756953894795779
2.2956000000000003,-3.887618325275432,-5.760660215264059
2.2973,-3.89548107335895,-5.764398290817781
2.299,-3.9033684605057566,-5.768168455816043
2.3007,-3.9112807350124545,-5.77197104180085
2.3024,-3.9192181299933497,-5.775806377502244
2.3041,-3.9271808632389265,-5.7796747888429065
2.3058,-3.9351691370900177,-5.783576598942198
2.3075,-3.943183138329491,-5.787512128119602
2.3092,-3.9512230380935187,-5.79148169389761
2.3109,-3.9592889918044376,-5.795485611003959
2.3126,-3.9673811391273013,-5.799524191373264
2.3143000000000002,-3.97549960395224,-5.803597744147975
2.316,-3.9836444944047633,-5.807706575678685
2.3177000000000003,-3.991815902886283,-5.811850989523741
2.3194,-4.000013906146832,-5.816031286448161
2.3211,-4.008238565392343,-5.820247764421781
2.3228,-4.01648992642849,-5.8245007186167275
2.3245,-4.024768019843164,-5.828790441404076
2.3262,-4.033072861229735,-5.833117222349743
2.3279,-4.041404451452864,-5.837481348209584
2.3296,-4.049762776958831,-5.841883102923661
2.3313,-4.058147810132012,-5.846322767609681
2.333,-4.066559509699096,-5.850800620555573
2.3347,-4.074997821182446,-5.855316937211193
2.3364000000000003,-4.083462677403808,-5.859871990179146
2.3381,-4.091953999039292,-5.864466049204636
2.3398000000000003,-4.1004716952265365,-5.869099381164498
2.3415,-4.1090156642243665,-5.873772250055121
2.3432,-4.117585794125338,-5.878484916979568
2.3449,-4.126181963620951,-5.883237640133558
2.3466,-4.134804042819237,-5.888030674790531
2.3483,-4.143451894113921,-5.892864273285642
2.35,-4.152125373104111,-5.897738684998721
2.3517,-4.16082432956303,-5.902654156336134
2.3534,-4.169548608453987,-5.9076109307115985
2.3551,-4.178298050991336,-5.912609248525833
2.3568,-4.187072495743878,-5.917649347145132
2.3585000000000003,-4.1958717797776455,-5.922731460878734
2.3602,-4.20469573983465,-5.927855820955097
2.3619000000000003,-4.213544213543984,-5.933022655496845
2.3636,-4.22241704066091,-5.938232189494639
2.3653,-4.231314064329598,-5.943484644779752
2.367,-4.240235132364576,-5.948780239995356
2.3687,-4.249180098545781,-5.954119190566605
2.3704,-4.2581488239216965,-5.959501708669342
2.3721,-4.267141178114963,-5.964928003197559
2.3738,-4.276157040624398,-5.970398279729414
2.3755,-4.28519630211744,-5.975912740491988
2.3772,-4.294258865706679,-5.9814715843246
2.3789,-4.3033446482041535,-5.98707500664069
2.3806000000000003,-4.312453581347031,-5.992723199388314
2.3823,-4.321585612988253,-5.998416351009165
2.3840000000000003,-4.330740708245921,-6.004154646396099
2.3857,-4.3399188506050566,-6.00993826684917
2.3874,-4.349120042965852,-6.015767390030166
2.3891,-4.358344308632487,-6.021642189915514
2.3908,-4.367591692237031,-6.027562836747718
2.3925,-4.376862260593185,-6.033529496985114
2.3942,-4.386156103474999,-6.0395423332500435
2.3959,-4.395473334316233,-6.045601504275361
2.3976,-4.404814090826243,-6.051707164849293
2.3993,-4.414178535519129,-6.057859465758573
2.401,-4.4235668561530295,-6.064058553729882
2.4027000000000003,-4.4329792660773535,-6.070304571369533
2.4044,-4.44241600448601,-6.076597657101352
2.4061,-4.451877336575635,-6.082937945102833
2.4078,-4.461363553608021,-6.089325565239406
2.4095,-4.47087497287702,-6.09576064299688
2.4112,-4.480411937580321,-6.102243299412033
2.4129,-4.489974816597556,-6.108773651001242
2.4146,-4.4995640041764275,-6.1153518096872785
2.4163,-4.509179919529297,-6.121977882724065
2.418,-4.518823006343151,-6.128651972619496
2.4197,-4.528493732206408,-6.135374177056247
2.4214,-4.538192587956399,-6.1421445888105595
2.4231,-4.5479200869519385,-6.148963295668946
2.4248000000000003,-4.5576767642756435,-6.155830380342845
2.4265,-4.567463175871028,-6.162745920381102
2.4282,-4.577279897619829,-6.169709988080402
2.4299,-4.587127524364988,-6.1767226503934625
2.4316,-4.597006668885194,-6.183783968835058
2.4333,-4.606917960826783,-6.190893999385837
2.435,-4.6168620455990625,-6.198052792393886
2.4367,-4.626839583239018,-6.205260392474003
2.4384,-4.636851247251446,-6.212516838404709
2.44,-4.646305778151642,-6.21939108449331
2.4401,-4.646897723430446,-6.219822163022899
2.4418,-4.656979708668094,-6.227176393116174
2.4435000000000002,-4.667097909756015,-6.2345795493127465
2.4452,-4.677253042185358,-6.242031645969
2.4469000000000003,-4.687445828950462,-6.24953269105458
2.4486,-4.697676999361214,-6.257082686035028
2.4503,-4.707947287868969,-6.264681625751965
2.452,-4.718257432910385,-6.2723294983007305
2.4537,-4.728608175773395,-6.280026284905507
2.4554,-4.739000259489133,-6.287771959791901
2.4571,-4.7494344277532665,-6.295566490056917
2.4588,-4.7599114238798865,-6.303409835536345
2.4605,-4.770431989790765,-6.311301948669525
2.4622,-4.780996865042319,-6.3192427743614346
2.4639,-4.79160678589249,-6.327232249842116
2.4656000000000002,-4.8022624844091455,-6.335270304523445
2.4673,-4.812964687621509,-6.34335685985312
2.4690000000000003,-4.8237141167156645,-6.351491829165965
2.4707,-4.834511486274829,-6.359675117532437
2.4724,-4.8453575035650545,-6.367906621604412
2.4741,-4.856252867866323,-6.376186229458117
2.4758,-4.867198269849169,-6.384513820434293
2.4775,-4.878194390996393,-6.392889264975526
2.4792,-4.889241903069376,-6.401312424460714
2.4809,-4.900341467618276,-6.409783151036698
2.4826,-4.91149373553512,-6.418301287447033
2.4843,-4.922699346648765,-6.426866666857849
2.486,-4.933958929360413,-6.435479112680843
2.4877000000000002,-4.945273100318382,-6.444138438393367
2.4894,-4.956642464130592,-6.452844447355592
2.4911000000000003,-4.968067613113224,-6.461596932624799
2.4928,-4.979549127073839,-6.47039567676667
2.4945,-4.991087573127372,-6.479240451663769
2.4962,-5.002683505543056,-6.488131018320997
2.4979,-5.014337465620634,-6.497067126668174
2.4996,-5.026049981593976,-6.506048515359709
2.5013,-5.037821568560278,-6.515074911571311
2.503,-5.049652728433034,-6.524146030793841
2.5047,-5.061543949917012,-6.533261576624225
2.5064,-5.073495708503373,-6.542421240553508
2.5080999999999998,-5.085508466483239,-6.551624701751994
2.5098000000000003,-5.097582672978012,-6.560871626851588
2.5115,-5.109718763984655,-6.570161669725229
2.5132000000000003,-5.121917162434508,-6.579494471263558
2.5149,-5.134178278263814,-6.588869659148773
2.5166000000000004,-5.146502508494719,-6.598286847625716
2.5183,-5.15889023732501,-6.607745637270233
2.52,-5.1713418362254355,-6.617245614754838
2.5217,-5.183857664043096,-6.626786352611708
2.5234,-5.196438067109742,-6.636367408993059
2.5251,-5.2090833793537294,-6.645988327428956
2.5268,-5.2217939224144905,-6.655648636582584
2.5285,-5.234570005758461,-6.66534785000307
2.5302,-5.247411926795435,-6.675085465875857
2.5319000000000003,-5.260319970994383,-6.684860966770765
2.5336,-5.273294411997867,-6.694673819387713
2.5353000000000003,-5.2863355117342214,-6.7045234743003075
2.537,-5.2994435205266495,-6.714409365697182
2.5387000000000004,-5.312618677198651,-6.724330911121391
2.5404,-5.3258612091749615,-6.73428751120774
2.5421,-5.339171332577523,-6.744278549418307
2.5438,-5.352549252315785,-6.754303391776112
2.5455,-5.365995162170955,-6.764361386597169
2.5472,-5.379509244873578,-6.774451864220925
2.5489,-5.393091672174153,-6.7845741367392565
2.5506,-5.4067426049062375,-6.794727497724122
2.5523,-5.420462193041827,-6.804911221954023
2.5540000000000003,-5.434250575738593,-6.815124565139387
2.5557,-5.448107881378683,-6.825366763646981
2.5574000000000003,-5.462034227598918,-6.835637034223611
2.5591,-5.47602972131199,-6.845934573719114
2.5608,-5.490094458718687,-6.8562585588089755
2.5625,-5.504228525310667,-6.866608145716542
2.5642,-5.518431995863895,-6.876982469935227
2.5659,-5.532704934422437,-6.887380645950715
2.5676,-5.547047394272554,-6.897801766963463
2.5693,-5.561459417906986,-6.908244904611647
2.571,-5.575941036979292,-6.918709108694846
2.5727,-5.590492272248261,-6.929193406898549
2.5744,-5.605113133512242,-6.939696804519869
2.5761000000000003,-5.619803619533441,-6.950218284194586
2.5778,-5.6345637179519645,-6.960756805625806
2.5795000000000003,-5.6493934051898815,-6.971311305314564
2.5812,-5.664292646344922,-6.981880696292472
2.5829,-5.679261395074131,-6.992463867856897
2.5846,-5.6942995934672025,-7.0030596853087825
2.5863,-5.709407171909673,-7.013666989693514
2.588,-5.724584048935867,-7.024284597545087
2.5897,-5.739830131071688,-7.0349113006339525
2.5914,-5.7551453126671595,-7.0455458657187915
2.5931,-5.77052947571881,-7.056187034302632
2.5948,-5.7859824896819205,-7.066833522393603
2.5965,-5.801504211272556,-7.0774840202707505
2.5982000000000003,-5.817094484259549,-7.088137192255233
2.5999,-5.832753139246246,-7.098791676487282
2.6016000000000004,-5.848479993442312,-7.109446084709402
2.6033,-5.864274850425316,-7.120099002056102
2.605,-5.880137499892372,-7.130748986850666
2.6067,-5.8960677174016904,-7.141394570409366
2.6084,-5.912065264104113,-7.1520342568535185
2.6101,-5.928129886464719,-7.1626665229299205
2.6118,-5.944261315974385,-7.173289817840037
2.6135,-5.9604592688514755,-7.183902563078496
2.6152,-5.976723445733564,-7.194503152281304
2.6169000000000002,-5.993053531359271,-7.205089951084325
2.6186,-6.009449194240235,-7.215661296992532
2.6203000000000003,-6.025910086323247,-7.22621549926051
2.622,-6.04243584264248,-7.236750838784748
2.6237000000000004,-6.0590260809620675,-7.2472655680083236
2.6254,-6.075680401408739,-7.257757910838384
2.6271,-6.092398386094857,-7.268226062577173
2.6288,-6.109179598731651,-7.278668189866959
2.6305,-6.12602358423279,-7.289082430649605
2.6322,-6.142929868308348,-7.29946689414127
2.6339,-6.159897957049091,-7.3098196608228525
2.6356,-6.17692733650126,-7.320138782446815
2.6372999999999998,-6.194017472231783,-7.3304222820608675
2.6390000000000002,-6.211167808884047,-7.340668154049292
2.6407,-6.228377769724183,-7.350874364192366
2.6424000000000003,-6.245646756178075,-7.361038849744602
2.6441,-6.262974147358941,-7.371159519532347
2.6458000000000004,-6.28035929958581,-7.381234254071455
2.6475,-6.297801545892683,-7.39126090570554
2.6492,-6.31530019552876,-7.401237298765585
2.6509,-6.33285453344953,-7.411161229751362
2.6526,-6.350463819799055,-7.421030467535449
2.6543,-6.368127289383404,-7.430842753590323
2.656,-6.385844151135421,-7.440595802239315
2.6577,-6.403613587570939,-7.450287300931823
2.6593999999999998,-6.42143475423651,-7.459914910543627
2.6611000000000002,-6.43930677914896,-7.469476265702734
2.6628,-6.4572287622266735,-7.478968975141433
2.6645000000000003,-6.475199774713069,-7.488390622075116
2.6662,-6.493218858592148,-7.497738764608432
2.6679000000000004,-6.511285025996627,-7.507010936169385
2.6696,-6.529397258608537,-7.516204645971833
2.6713,-6.5475545070528245,-7.525317379507034
2.673,-6.565755690283965,-7.534346599064619
2.6747,-6.583999694965983,-7.543289744283614
2.6764,-6.602285374846096,-7.5521442327339
2.6781,-6.620611550122332,-7.560907460528584
2.6798,-6.638977006805378,-7.569576802967729
2.6814999999999998,-6.657380496075051,-7.578149615213822
2.6832000000000003,-6.675820733631735,-7.586623232999358
2.6849,-6.694296399043135,-7.594994973366837
2.6866000000000003,-6.712806135086861,-7.603262135441616
2.6883,-6.73134854708911,-7.611422001237692
2.6900000000000004,-6.7499222022601035,-7.619471836496885
2.6917,-6.768525629026538,-7.6274088915613625
2.6934,-6.78715731636185,-7.635230402279948
2.6951,-6.805815713114515,-7.642933590948095
2.6968,-6.82449922733523,-7.650515667281757
2.6985,-6.843206225603396,-7.657973829425089
2.7002,-6.861935032353683,-7.665305264992024
2.7019,-6.880683929203208,-7.67250715214164
2.7036,-6.899451154280138,-7.67957666068718
2.7053000000000003,-6.918234901554408,-7.686510953238589
2.707,-6.937033320171295,-7.693307186378272
2.7087000000000003,-6.955844513788812,-7.699962511869922
2.7104,-6.974666539919491,-7.706474077899901
2.7121000000000004,-6.993497409277818,-7.712839030350946
2.7138,-7.012335085133836,-7.719054514107574
2.7155,-7.03117748267429,-7.725117674392823
2.7172,-7.050022468371995,-7.731025658135586
2.7189,-7.068867859364677,-7.736775615367991
2.7206,-7.08771142284434,-7.742364700652069
2.7223,-7.106550875458234,-7.7477900745348895
2.724,-7.125383882722737,-7.753048905031372
2.7257,-7.14420805845125,-7.758138369133773
2.7274000000000003,-7.163020964197492,-7.76305565434694
2.7291,-7.181820108715405,-7.767797960248167
2.7308000000000003,-7.2006029474372095,-7.772362500070603
2.7325,-7.219366881970826,-7.776746502308986
2.7342000000000004,-7.238109259618284,-7.780947212346366
2.7359,-7.256827372916549,-7.784961894100608
2.7376,-7.275518459202379,-7.7887878316891035
2.7393,-7.294179700202732,-7.79242233111038
2.741,-7.3128082216525145,-7.795862721940873
2.7427,-7.331401092941194,-7.799106359045452
2.7444,-7.349955326790198,-7.802150624299875
2.7461,-7.3684678789627185,-7.804992928323518
2.7478,-7.386935648007911,-7.807630712220515
2.7495000000000003,-7.405355475041249,-7.810061449327548
2.7512,-7.423724143562932,-7.812282646966263
2.7529000000000003,-7.442038379316477,-7.814291848198474
2.7546,-7.460294850189207,-7.816086633581998
2.7563000000000004,-7.478490166156955,-7.817664622925219
2.758,-7.496620879274762,-7.819023477038125
2.7597,-7.5146834837159195,-7.820160899477784
2.7614,-7.532674415861242,-7.821074638286011
2.7631,-7.550590054440873,-7.821762487717038
2.7648,-7.56842672073072,-7.8222222899529665
2.7665,-7.5861806788056585,-7.822451936804647
2.7682,-7.603848135851798,-7.822449371395813
2.7699,-7.621425242539896,-7.822212589828062
2.7716000000000003,-7.638908093462246,-7.821739642824463
2.7733,-7.656292727635057,-7.821028637349368
2.7750000000000004,-7.673575129068793,-7.820077738202195
2.7767,-7.6907512274083505,-7.81888516958281
2.7784,-7.707816898645544,-7.8174492166262475
2.7801,-7.724767965905752,-7.815768226904419
2.7818,-7.7416002003110895,-7.813840611892592
2.7835,-7.75830932192203,-7.81166484839837
2.7852,-7.774891000759535,-7.80923947995097
2.7869,-7.791340857909757,-7.806563118148599
2.7886,-7.807654466713072,-7.803634443961842
2.7903000000000002,-7.823827354039491,-7.80045220899091
2.792,-7.839855001652037,-7.797015236674793
2.7937000000000003,-7.85573284765994,-7.793322423450293
2.7954,-7.871456288063073,-7.789372739859029
2.7971000000000004,-7.8870206783893675,-7.785165231600603
2.7988,-7.902421335426238,-7.780699020530148
2.8005,-7.917653539047661,-7.77597330559857
2.8022,-7.932712534137682,-7.77098736373389
2.8039,-7.947593532611608,-7.7657405506621515
2.8056,-7.962291715535494,-7.760232301666495
2.8073,-7.97680223534476,-7.754462132283098
2.809,-7.991120218162302,-7.748429638932684
2.8107,-8.005240766216467,-7.74213449948655
2.8124000000000002,-8.019158960359022,-7.735576473766076
2.8141,-8.032869862682968,-7.728755403974798
2.8158000000000003,-8.046368519239946,-7.721671215062286
2.8175,-8.059649962856687,-7.714323915019133
2.8192000000000004,-8.072709216049764,-7.706713595102492
2.8209,-8.085541294037627,-7.698840429991755
2.8226,-8.098141207848702,-7.690704677873984
2.8243,-8.110503967524014,-7.682306680459025
2.826,-8.122624585412572,-7.673646862924067
2.8277,-8.13449807955754,-7.664725733787811
2.8294,-8.146119477170675,-7.655543884714407
2.8311,-8.157483818192755,-7.646101990247355
2.8328,-8.16858615893671,-7.636400807473894
2.8345000000000002,-8.179421575810583,-7.626441175620355
2.8362,-8.18998516911662,-7.616224015579104
2.8379000000000003,-8.20027206692291,-7.605750329367863
2.8396,-8.210277429003165,-7.5950211995223125
2.8413000000000004,-8.21999645084068,-7.584037788422878
2.843,-8.229424367691378,-7.572801337556888
2.8447,-8.238556458701192,-7.561313166717239
2.8464,-8.247388051072456,-7.549574673138892
2.8481,-8.25591452427369,-7.537587330574601
2.8498,-8.264131314287003,-7.525352688311344
2.8515,-8.272033917886885,-7.512872370129077
2.8532,-8.279617896944075,-7.50014807320342
2.8548999999999998,-8.286878882747864,-7.487181566954098
2.8566000000000003,-8.293812580339889,-7.473974691840856
2.8583,-8.300414772852251,-7.460529358108862
2.8600000000000003,-8.306681325842794,-7.44684754448544
2.8617,-8.312608191619775,-7.432931296830258
2.8634000000000004,-8.318191413548337,-7.418782726740906
2.8651,-8.32342713033088,-7.404404010116173
2.8668,-8.328311580253269,-7.389797385678989
2.8685,-8.332841105388635,-7.374965153461407
2.8702,-8.337012155750744,-7.359909673253716
2.8719,-8.340821293388284,-7.344633363020089
2.8736,-8.344265196411914,-7.329138697282901
2.8753,-8.347340662945502,-7.313428205478154
2.877,-8.350044614993259,-7.297504470284243
2.8787000000000003,-8.352374102214222,-7.281370125926365
2.8804,-8.35432630559588,-7.265027856458993
2.8821000000000003,-8.355898541018444,-7.248480394028542
2.8838,-8.35708826270196,-7.231730517118759
2.8855000000000004,-8.357893066527895,-7.214781048780847
2.8872,-8.358310693227523,-7.197634854850921
2.8889,-8.358339031429335,-7.180294842156648
2.8906,-8.35797612055823,-7.162763956715661
2.8923,-8.357220153579037,-7.145045181927605
2.894,-8.356069479577581,-7.127141536762202
2.8957,-8.354522606172768,-7.109056073945239
2.8974,-8.35257820175326,-7.090791878144666
2.8991,-8.350235097532867,-7.072352064158739
2.9008000000000003,-8.347492289419185,-7.0537397751081565
2.9025,-8.34434893969017,-7.034958180634159
2.9042000000000003,-8.34080437847416,-7.016010475104299
2.9059,-8.33685810502884,-6.996899875827848
2.9076000000000004,-8.332509788815432,-6.977629621282301
2.9093,-8.327759270364874,-6.9582029693529535
2.911,-8.322606561932792,-6.938623195586793
2.9127,-8.317051847941446,-6.9188935914625365
2.9144,-8.311095485206186,-6.899017462678016
2.9161,-8.304738002945669,-6.8789981274564616
2.9178,-8.297980102574588,-6.858838914872891
2.9195,-8.290822657279008,-6.83854316320189
2.9212,-8.283266711374235,-6.8181142182879375
2.9229000000000003,-8.275313479446355,-6.797555431939321
2.9246,-8.26696434527842,-6.776870160346791
2.9263000000000003,-8.258220860563435,-6.756061762527676
2.928,-8.249084743406275,-6.735133598796633
2.9297000000000004,-8.239557876617464,-6.714089029263467
2.9314,-8.229642305802212,-6.692931412359158
2.9331,-8.219340237248524,-6.671664103390355
2.9348,-8.208654035618567,-6.650290453123251
2.9365,-8.197586221448223,-6.628813806397153
2.9382,-8.186139468459878,-6.607237500768285
2.9399,-8.174316600693976,-6.5855648651841925
2.9416,-8.16212058946546,-6.563799218689094
2.9433,-8.149554550151278,-6.541943869160374
2.9450000000000003,-8.136621738815677,-6.520002112076478
2.9467,-8.123325548680269,-6.497977229316372
2.9484000000000004,-8.10966950644606,-6.4758724879904825
2.9501,-8.09565726847506,-6.453691139303405
2.9518000000000004,-8.081292616839127,-6.431436417448064
2.9535,-8.066579455244069,-6.409111538531497
2.9552,-8.051521804837037,-6.386719699531916
2.9569,-8.036123799905623,-6.364264077287045
2.9586,-8.020389683476925,-6.3417478275133945
2.9603,-8.004323802825098,-6.319174083856224
2.962,-7.987930604895994,-6.296545956969943
2.9637000000000002,-7.971214631657367,-6.273866533628527
2.9654,-7.954180515383346,-6.251138875865616
2.9671000000000003,-7.936832973881591,-6.228366020143844
2.9688,-7.919176805671913,-6.2055509765530426
2.9705000000000004,-7.901216885124473,-6.182696728036659
2.9722,-7.88295815756629,-6.159806229646132
2.9739000000000004,-7.864405634364009,-6.1368824078224415
2.9756,-7.845564387991342,-6.113928159704567
2.9773,-7.826439547088835,-6.090946352463975
2.979,-7.807036291524124,-6.067939822664863
2.9807,-7.787359847459964,-6.044911375649356
2.9824,-7.767415482437662,-6.0218637849471275
2.9841,-7.74720850048305,-5.998799791708849
2.9858000000000002,-7.726744237241885,-5.975722104162805
2.9875,-7.706028055151534,-5.95263339709411
2.9892000000000003,-7.685065338655291,-5.929536311345817
2.9909,-7.663861489465653,-5.9064334533414655
2.9926000000000004,-7.6424219218823435,-5.883327394628174
2.9943,-7.620752058170959,-5.860220671440066
2.996,-7.598857324007424,-5.837115784280991
2.9977,-7.576743143993538,-5.814015197526334
2.9994,-7.554414937248344,-5.79092133904314
3.0011,-7.531878113079888,-5.767836599828024
3.0028,-7.509138066741668,-5.744763333662426
3.0045,-7.486200175277786,-5.721703856784615
3.0062,-7.4630697934603845,-5.698660447577987
3.0079000000000002,-7.4397522498229005,-5.675635346275277
3.0096,-7.416252842792534,-5.652630754678139
3.0113000000000003,-7.3925768369241105,-5.6296488358918095
3.013,-7.368729459239183,-5.606691714074553
3.0147000000000004,-7.344715895671367,-5.583761474201351
3.0164,-7.320541287621395,-5.560860161841918
3.0181,-7.296210728622769,-5.537989782952496
3.0198,-7.271729261120513,-5.515152303681518
3.0215,-7.247101873364099,-5.492349650188832
3.0232,-7.222333496415687,-5.469583708478556
3.0249,-7.197429001275442,-5.446856324245503
3.0266,-7.172393196124036,-5.4241693027351845
3.0283,-7.1472308236839375,-5.401524408617638
3.0300000000000002,-7.121946558699146,-5.3789233658751225
3.0317,-7.096545005534679,-5.356367857704014
3.0334000000000003,-7.0710306958953995,-5.333859526431148
3.0351,-7.045408086665288,-5.311399973445167
3.0368000000000004,-7.019681557865853,-5.288990759143045
3.0385,-6.993855410735232,-5.266633402892688
3.0402,-6.967933865926526,-5.244329383011874
3.0419,-6.941921061825948,-5.222080136764589
3.0436,-6.915821052990205,-5.199887060375218
3.0453,-6.88963780870309,-5.177751509061707
3.047,-6.863375211650031,-5.155674797088512
3.0487,-6.837037056711923,-5.13365819784044
3.0504000000000002,-6.810627049875254,-5.111702943918479
3.0521000000000003,-6.7841488072608644,-5.089810227258838
3.0538,-6.757605854268652,-5.0679811992765575
3.0555000000000003,-6.731001624838845,-5.046216971034919
3.0572,-6.704339460829162,-5.024518613442403
3.0589000000000004,-6.677622611507453,-5.002887157478418
3.0606,-6.650854233158858,-4.981323594449746
3.0623,-6.624037388808163,-4.959828876279208
3.064,-6.59717504805596,-4.9384039158285225
3.0657,-6.570270087028519,-4.917049587257029
3.0674,-6.5433252884418405,-4.8957667264184295
3.0691,-6.516343341778363,-4.874556131297375
3.0708,-6.489326843577409,-4.853418562488036
3.0725,-6.462278297838231,-4.832354743716741
3.0742000000000003,-6.435200116536355,-4.811365362410817
3.0759,-6.408094620252836,-4.790451070315859
3.0776000000000003,-6.380964038916604,-4.769612484163471
3.0793,-6.353810512659703,-4.748850186391945
3.0810000000000004,-6.326636092786368,-4.728164725921725
3.0827,-6.299442742855312,-4.707556618988239
3.0844,-6.272232339876341,-4.687026350033808
3.0861,-6.245006675620663,-4.666574372661167
3.0878,-6.217767458046691,-4.646201110650278
3.0895,-6.190516312840081,-4.625906959040582
3.0912,-6.163254785070658,-4.605692285280437
3.0929,-6.135984340963828,-4.585557430445523
3.0946,-6.108706369791119,-4.565502710527691
3.0963000000000003,-6.081422185875731,-4.5455284177957225
3.098,-6.0541330307177645,-4.525634822229154
3.0997000000000003,-6.026840075237125,-4.505822173026075
3.1014,-5.999544422135817,-4.4860907001857555
3.1031000000000004,-5.972247108380579,-4.466440616166335
3.1048,-5.944949107804587,-4.446872117617875
3.1065,-5.917651333830522,-4.427385387190403
3.1082,-5.890354642315292,-4.40798059541646
3.1099,-5.863059834515173,-4.388657902667096
3.1116,-5.835767660172562,-4.369417461179913
3.1133,-5.8084788207257345,-4.350259417157234
3.115,-5.781193972638117,-4.331183912932065
3.1167,-5.753913730850645,-4.312191089198896
3.1184000000000003,-5.726638672354147,-4.293281087305875
3.1201,-5.6993693398817875,-4.274454051604413
3.1218000000000004,-5.67210624572111,-4.255710131851388
3.1235,-5.644849875643852,-4.237049485658915
3.1252000000000004,-5.6176006929527755,-4.218472280985507
3.1269,-5.590359142642343,-4.19997869866228
3.1286,-5.5631256556726685,-4.181568934946667
3.1303,-5.535900653352965,-4.163243204095935
3.132,-5.508684551832127,-4.145001740951577
3.1337,-5.481477766692285,-4.126844803525374
3.1354,-5.454280717642454,-4.108772675576915
3.1371,-5.427093833306826,-4.090785669171867
3.1388,-5.399917556102579,-4.072884127209457
3.1405000000000003,-5.372752347203285,-4.0550684259070575
3.1422,-5.345598691579002,-4.037338977229111
3.1439000000000004,-5.318457103108648,-4.019696231246913
3.1456,-5.291328129756058,-4.002140678415471
3.1473000000000004,-5.264212358800444,-3.9846728517527503
3.149,-5.2371104221152,-3.967293328906607
3.1507,-5.210023001481837,-3.950002734093891
3.1524,-5.182950833931521,-3.9328017398961763
3.1541,-5.155894717100611,-3.915691068896175
3.1558,-5.128855514590175,-3.8986714951388053
3.1575,-5.10183416131471,-3.8817438454007718
3.1592000000000002,-5.074831668827828,-3.8649090002526143
3.1609,-5.047849130609562,-3.8481678948972493
3.1626000000000003,-5.020887727299753,-3.8315215197694203
3.1643,-4.993948731861874,-3.8149709208807483
3.1660000000000004,-4.967033514660236,-3.798517199895601
3.1677,-4.940143548431958,-3.7821615139238185
3.1694000000000004,-4.91328041313648,-3.7659050750167817
3.1711,-4.886445800661637,-3.7497491493546695
3.1728,-4.859641519367949,-3.7336950561133824
3.1745,-4.832869498449712,-3.7177441660011534
3.1762,-4.806131792091353,-3.7018978994560054
3.1779,-4.779430583397975,-3.6861577244967663
3.1796,-4.7527681880777495,-3.6705251542219504
3.1813000000000002,-4.72614705785373,-3.655001743952559
3.183,-4.699569783581794,-3.6395890880166863
3.1847000000000003,-4.673039098052488,-3.624288816175726
3.1864,-4.6465578784538994,-3.609102589694238
3.1881000000000004,-4.620129148471731,-3.5940320970573163
3.1898,-4.593756080005049,-3.5790790493419813
3.1915000000000004,-4.567441994475162,-3.564245175250909
3.1932,-4.541190363705421,-3.5495322158196263
3.1949,-4.515004810351329,-3.5349419188101825
3.1966,-4.488889107860816,-3.52047603280708
3.1983,-4.4628471799451,-3.5061363010332562
3.2,-4.436883099542453,-3.4919244549064836
