freq_GHz,Sdd11_real,Sdd11_imag,Zdiff_real,Zdiff_imag
1.5,-0.22813869656375066,-0.7745480645753482,16.50791585713374,-73.47784170251995
1.5017,-0.23264915455374036,-0.7723110467019617,16.51363257221932,-73.00111730452282
1.5034,-0.23715187053255474,-0.7700408580453894,16.51965149776624,-72.52536617017434
1.5051,-0.24164655614862598,-0.7677374528064882,16.525972226647163,-72.05057885440395
1.5068,-0.24613292109123067,-0.7654007878246306,16.532594381571943,-71.57674597730437
1.5085,-0.2506106731112896,-0.7630308226208027,16.539517614830046,-71.10385822331949
1.5102,-0.25507951804299434,-0.7606275194407166,16.54674160803957,-70.63190634044314
1.5119,-0.2595391598262804,-0.7581908432979212,16.554266071902163,-70.1608811394273
1.5136,-0.26398930053014635,-0.7557207620168929,16.562090745964444,-69.69077349300042
1.5153,-0.26842964037683026,-0.7532172462760964,16.57021539838516,-69.22157433509541
1.517,-0.2728598777668482,-0.7506802696509979,16.578639825708326,-68.75327466008731
1.5187,-0.27727970930490686,-0.7481098086570122,16.587363852642042,-68.28586552204023
1.5204,-0.2816888298266878,-0.7455058427923761,16.59638733184271,-67.81933803396386
1.5221,-0.2860869324265227,-0.7428683545809203,16.605710143704975,-67.35368336707892
1.5238,-0.2904737084859549,-0.7401973296147333,16.615332196156626,-66.88889275009173
1.5255,-0.29484884770320063,-0.7374927565966953,16.625253424458798,-66.42495746847759
1.5272000000000001,-0.29921203812351277,-0.7347546273828649,16.63547379101113,-65.96186886377292
1.5289,-0.3035629661704519,-0.7319829370247037,16.645993285161808,-65.49961833287621
1.5306,-0.30790131667807713,-0.7291776838111172,16.656811923022246,-65.03819732735676
1.5323,-0.31222677292404777,-0.7263388693103003,16.667929747286408,-64.57759735277278
1.534,-0.3165390166636593,-0.7234664984113597,16.679346827054548,-64.1178099679967
1.5357,-0.3208377281648036,-0.7205605793657028,16.691063257661177,-63.65882678454882
1.5374,-0.3251225862438647,-0.7176211238281711,16.703079160507194,-63.20063946593903
1.5391,-0.3293932683025512,-0.7146481468978945,16.71539468289628,-62.74323972701593
1.5408,-0.33364945036567456,-0.7116416671588552,16.728009997874704,-62.28661933332365
1.5425,-0.3378908071198677,-0.7086017067201356,16.740925304075233,-61.830770100466104
1.5442,-0.3421170119532565,-0.7055282912558285,16.754140825564477,-61.37568389347841
1.5459,-0.34632773699608177,-0.7024214500445938,16.76765681169377,-60.921352626205405
1.5476,-0.35052265316227504,-0.6992812160088395,16.781473536953175,-60.46776826068709
1.5493,-0.3547014301919898,-0.6961076257535003,16.795591300829095,-60.014922806550864
1.551,-0.35886373669509686,-0.6929007196044008,16.81001042766417,-59.56280832040995
1.5527,-0.36300924019562864,-0.6896605416461754,16.824731266520995,-59.11141690526901
1.5544,-0.36713760717719546,-0.6863871397597243,16.839754191047824,-58.66074070993511
1.5561,-0.37124850312935664,-0.6830805656591834,16.855079599347302,-58.21077192843513
1.5578,-0.3753415925949559,-0.6797408749283844,16.87070791384756,-57.76150279943897
1.5595,-0.37941653921841845,-0.6763681270567821,16.88663958117574,-57.31292560568811
1.5612,-0.38347300579500737,-0.6729623854748277,16.902875072033584,-56.865032673429994
1.5629,-0.38751065432104476,-0.669523717588757,16.91941488107532,-56.41781637185695
1.5646,-0.39152914604508465,-0.6660521948147808,16.936259526787314,-55.97126911255086
1.5663,-0.39552814152004867,-0.6625478926126414,16.95340955136974,-55.525383348931896
1.568,-0.3995073006563139,-0.6590108905185159,16.97086552061976,-55.08015157571191
1.5697,-0.40346628277575136,-0.6554412721772416,16.988628023816485,-54.63556632835212
1.5714,-0.4074047466667125,-0.6518391253738349,17.006697673607373,-54.19162018252475
1.5731,-0.411322350639962,-0.6482045420642794,17.02507510589589,-53.74830575357804
1.5748,-0.41521875258554486,-0.6445376184055567,17.0437609797306,-53.3056156960051
1.5765,-0.419093610030591,-0.6408384547848931,17.06275597719537,-52.86354270291565
1.5782,-0.4229465801980481,-0.6371071558481931,17.08206080330058,-52.42207950551029
1.5799,-0.4267773200663333,-0.6333438305276352,17.1016761858755,-51.981218872557534
1.5816,-0.430585486429901,-0.6295485920684012,17.121602875461416,-51.54095360987301
1.5833,-0.4343707359607179,-0.6257215580545055,17.14184164520588,-51.101276559799906
1.585,-0.4381327252706315,-0.6218628504337085,17.162393290757443,-50.66218060069166
1.5867,-0.44187111097463183,-0.6179725955414672,17.183258630161607,-50.22365864639484
1.5884,-0.4455855497549868,-0.6140509241239113,17.20443850375713,-49.785703645733285
1.5901,-0.44927569842624754,-0.6100979713598004,17.225933774073376,-49.34830858199202
1.5918,-0.452941214001106,-0.606113876881442,17.247745325728296,-48.911466472401315
1.5935,-0.45658175375709287,-0.6020987847945358,17.269874065327325,-48.475170367620024
1.5952,-0.46019697530410936,-0.5980528436969091,17.292320921362982,-48.039413351217476
1.5969,-0.4637865366527604,-0.5939762066961252,17.31508684411557,-47.604188539154684
1.5986,-0.467350096283495,-0.5898690314259154,17.338172805554706,-47.169489079262604
1.6003,-0.470887313216516,-0.5857314800614164,17.361579799242328,-46.73530815071847
1.602,-0.47439784708245814,-0.5815637193331753,17.385308840236494,-46.30163896351881
1.6037,-0.47788135819379846,-0.5773659205398899,17.409360964997198,-45.86847475794913
1.6054,-0.481337507616992,-0.5731382595598504,17.433737231293538,-45.43580880404918
1.6071,-0.4847659572452975,-0.5688809168610562,17.458438718112994,-45.00363440107419
1.6088,-0.48816636987228007,-0.564594077509963,17.483466525572894,-44.57194487695027
1.6105,-0.4915384092659571,-0.5602779311788383,17.50882177483444,-44.14073358772454
1.6122,-0.4948817402435628,-0.5559326721516831,17.53450560801988,-43.709993917008674
1.6139000000000001,-0.4981960287469036,-0.5515584993286937,17.560519188132712,-43.27971927541567
1.6156,-0.5014809419182701,-0.5471556162292255,17.586863698982036,-42.849903099989255
1.6173,-0.5047361481768767,-0.5427242309932239,17.61354034511118,-42.420538853624834
1.619,-0.5079613172957891,-0.5382645563810978,17.64055035173128,-41.991620024482486
1.6207,-0.5111561204793073,-0.5337768097719933,17.667894964660455,-41.563140125390184
1.6224,-0.5143202304407639,-0.5292612131604392,17.695575450269246,-41.13509269323744
1.6241,-0.5174533214806942,-0.5247179931513352,17.72359309543316,-40.70747128835881
1.6258,-0.5205550695653365,-0.5201473809532464,17.751949207493123,-40.28026949390634
1.6275,-0.5236251524054175,-0.5155496123699765,17.780645114224615,-39.85348091521068
1.6292,-0.5266632495351713,-0.5109249277903933,17.809682163816596,-39.427099179130714
1.6309,-0.5296690423915442,-0.506273572176469,17.83906172486133,-39.0011179333904
1.6326,-0.5326422143935293,-0.5015957950495199,17.86878518635595,-38.575530845903415
1.6343,-0.5355824510215786,-0.49689185047460993,17.898853957717193,-38.15033160408438
1.6360000000000001,-0.5384894398970265,-0.4921619970430996,17.929269468810716,-37.725513914147136
1.6377,-0.5413628708614726,-0.48740649785331874,17.96003316999568,-37.30107150038916
1.6394,-0.5442024360560535,-0.4826256204893354,17.991146532187003,-36.8769981044621
1.6411,-0.5470078300005333,-0.47781963699781815,18.022611046935992,-36.45328748462908
1.6428,-0.5497787496721553,-0.472988823862962,18.054428226531204,-36.02993341500758
1.6445,-0.5525148945841678,-0.4681334619794713,18.086599604121545,-35.60692968479867
1.6461999999999999,-0.5552159668639605,-0.46325383662359987,18.119126733862522,-35.184270097503116
1.6479,-0.5578816713307282,-0.4583502374222229,18.152011191088494,-34.761948470123436
1.6496,-0.5605117155725811,-0.45342295831996615,18.18525457251183,-34.33995863235427
1.6513,-0.5631058100230224,-0.448472297544371,18.21885849645163,-33.91829442575975
1.653,-0.5656636680367098,-0.4434985575691179,18.252824603093426,-33.496949702939744
1.6547,-0.5681850059644074,-0.43850204507531393,18.287154554782436,-33.07591832668568
1.6564,-0.5706695432270475,-0.4334830709108687,18.32185003635197,-32.65519416912692
1.6581000000000001,-0.5731170023888116,-0.4284419500479733,18.356912755489176,-32.23477111086895
1.6598,-0.575527109229132,-0.42337900153871844,18.392344443140676,-31.814643040125045
1.6615,-0.5778995928135371,-0.41829454846888414,18.428146853959348,-31.394803851842806
1.6632,-0.5802341855632325,-0.4131889179099485,18.464321766795113,-30.975247446828117
1.6649,-0.5825306233233399,-0.4080624408693543,18.500870985231373,-30.555967730867724
1.6666,-0.5847886454296963,-0.40291545223910097,18.53779633816903,-30.136958613853572
1.6683,-0.5870079947741216,-0.39774829074272094,18.575099680460408,-29.71821400891152
1.67,-0.5891884178680779,-0.3925612988807081,18.612782893594215,-29.299727831536497
1.6717,-0.5913296649046192,-0.3873548228744894,18.650847886433983,-28.88149399873869
1.6734,-0.5934314898185664,-0.38212921260901467,18.68929659601084,-28.463506428202734
1.6751,-0.5954936503448172,-0.37688482157406744,18.72813098837243,-28.04575903746442
1.6768,-0.5975159080747248,-0.37162200680440044,18.76735305948887,-27.628245743108735
1.6785,-0.5994980285104762,-0.3663411288188051,18.806964836216775,-27.21096045999326
1.6802000000000001,-0.6014397811174104,-0.36104255155823817,18.846968377321833,-26.793897100501486
1.6819,-0.6033409393742224,-0.35572664232313095,18.88736577456037,-26.377049573830778
1.6836,-0.6052012808210117,-0.3503937717100156,18.92815915381983,-25.96041178531963
1.6853,-0.6070205871051351,-0.34504431354761766,18.96935067631772,-25.54397763581997
1.687,-0.6087986440248464,-0.3396786448325517,19.01094253985832,-25.127741021118997
1.6887,-0.6105352415707065,-0.3342971456647852,19.052936980145716,-24.71169583141654
1.6904,-0.6122301739647639,-0.32890019918302493,19.095336272151528,-24.295835950863466
1.6921,-0.6138832396975206,-0.32348819150018737,19.138142731535144,-23.880155257166404
1.6938,-0.6154942415627082,-0.31806151163913055,19.181358716113458,-23.464647621265502
1.6955,-0.6170629866899218,-0.3126205514687998,19.22498662737689,-23.049306907089534
1.6972,-0.6185892865751655,-0.3071657056409698,19.26902891204769,-22.634126971395258
1.6989,-0.6200729571093888,-0.3016973715277441,19.31348806367593,-22.219101663695863
1.7006000000000001,-0.6215138186051028,-0.2962159491599806,19.35836662426795,-21.804224826284326
1.7023,-0.6229116958211904,-0.2907218411668045,19.40366718594137,-21.38949029435664
1.704,-0.6242664179860352,-0.2852154527163584,19.449392392600355,-20.974891896239622
1.7057,-0.6255778188191151,-0.2796971914579508,19.495544941623546,-20.560423453728557
1.7074,-0.6268457365512253,-0.27416746746572285,19.542127585557413,-20.14607878253773
1.7091,-0.6280700139435107,-0.26862669318397203,19.589143133806154,-19.731851692868105
1.7108,-0.6292504983055055,-0.2630752833742385,19.63659445430928,-19.31773599009487
1.7125,-0.6303870415123924,-0.2575136550642516,19.68448447519737,-18.903725475577197
1.7142,-0.6314795000217122,-0.25194222749880624,19.732816186415885,-18.489813947591305
1.7159,-0.6325277348897599,-0.2463614220926399,19.781592641306375,-18.07599520238854
1.7176,-0.6335316117879315,-0.2407716623853257,19.830816958134115,-17.6622630353769
1.7193,-0.6344910010192729,-0.23517337399820273,19.880492321551145,-17.248611242425795
1.721,-0.6354057775355116,-0.2295669845933219,19.93062198398282,-16.835033621291373
1.7227000000000001,-0.6362758209548419,-0.2239529238343616,19.98120926692656,-16.42152397315915
1.7244,-0.6371010155807482,-0.2183316233494406,20.03225756215074,-16.00807610429945
1.7261,-0.6378812504221394,-0.21270351669571777,20.083770332782475,-15.594683827829769
1.7278,-0.6386164192150738,-0.2070690393256528,20.135751114272573,-15.181340965577764
1.7295,-0.6393064204463401,-0.20142862855474572,20.188203515226693,-14.768041350035835
1.7312,-0.6399511573791554,-0.19578272353056647,20.241131218091937,-14.354778826398649
1.7329,-0.640550538081217,-0.19013176520283698,20.29453797968908,-13.941547254672692
1.7346,-0.6411044754553397,-0.18447619629430637,20.348427631580876,-13.528340511846237
1.7363,-0.6416128872728802,-0.17881646127212025,20.40280408026801,-13.115152494106281
1.738,-0.6420756962101238,-0.17315300631937852,20.457671307205466,-12.70197711908963
1.7397,-0.642492829887785,-0.1674862793065151,20.51303336863294,-12.288808328151559
1.7414,-0.6428642209137385,-0.16181672976214567,20.568894395214254,-11.875640088637294
1.7431,-0.6431898069290606,-0.15614480884298515,20.62525859148225,-11.462466396139098
1.7448000000000001,-0.6434695306574193,-0.15047096930243026,20.682130235087307,-11.049281276721754
1.7465,-0.6437033399578207,-0.14479566545738623,20.739513675848592,-10.636078789098466
1.7482,-0.6438911878806609,-0.13911935315290488,20.797413334609796,-10.22285302673877
1.7499,-0.6440330327269986,-0.1334424897242098,20.855833701902068,-9.80959811989064
1.7516,-0.6441288381109137,-0.12776553395566514,20.914779336419006,-9.396308237497639
1.7533,-0.6441785730247639,-0.12208894603626726,20.97425486331077,-8.982977588993272
1.755,-0.6441822119071193,-0.11641318751124306,21.03426497230506,-8.569600425954722
1.7567,-0.6441397347130865,-0.11073872122935258,21.094814415666292,-8.156171043598537
1.7584,-0.644051126986709,-0.10506601128552671,21.155908006004278,-7.7426837821023495
1.7601,-0.6439163799350738,-0.09939552295847909,21.21755061394672,-7.329133027736481
1.7618,-0.6437354905037181,-0.09372772264298249,21.279747165690896,-6.915513213791745
1.7635,-0.6435084614528901,-0.08806307777652628,21.342502640451574,-6.501818821290402
1.7652,-0.6432353014341874,-0.08240205676011797,21.405822067823262,-6.088044379469062
1.7669000000000001,-0.6429160250670595,-0.07674512887303264,21.469710525076867,-5.674184466023748
1.7686,-0.6425506530146441,-0.07109276418137243,21.53417313441096,-5.2602337071097525
1.7703,-0.6421392120583824,-0.06544543344033554,21.599215060179244,-4.846186777089808
1.772,-0.6416817351708435,-0.059803607990175076,21.664841506116456,-4.432038398028096
1.7737,-0.6411782615861858,-0.054167759645847524,21.731057712585002,-4.017783338926965
1.7754,-0.6406288368676741,-0.04853836058044694,21.797868953865276,-3.6034164147082843
1.7771,-0.6400335129716828,-0.04291588320255088,21.865280535512028,-3.1889324849415037
1.7788,-0.6393923483076199,-0.03730080002767186,21.933297791799433,-2.7743264523234403
1.7805,-0.6387054077932314,-0.03169358354407446,22.001926083276366,-2.35959326091771
1.7822,-0.6379727629047584,-0.02609470607324478,22.07117079445335,-1.9447278941617798
1.7839,-0.6371944917214603,-0.020504639625381654,22.141037331641023,-1.5297253726539386
1.7856,-0.6363706789640443,-0.014923855750305609,22.211531120958977,-1.1145807517327508
1.7873,-0.6355014160265802,-0.009352825384235333,22.282657606532993,-0.6992891188640539
1.7890000000000001,-0.6345868010015305,-0.0037920186929166766,22.354422248896114,-0.28384559085180067
1.7907,-0.6336269386975678,0.001758095088372505,22.426830523608317,0.1317546891092347
1.7924,-0.6326219406499038,0.007297047817398122,22.499887920107028,0.547516554520331
1.7941,-0.6315719251229108,0.012824372609540807,22.57359994079915,0.963444818784302
1.7958,-0.6304770171048686,0.01833960400378809,22.647972100403127,1.3795442785099818
1.7975,-0.6293373482947303,0.023842278129534114,22.72300992554743,1.795819716893395
1.7992,-0.6281530570808521,0.02933193287358743,22.798718954630168,2.212275907154393
1.8009,-0.6269242885116993,0.034808108046783706,22.875104737941452,2.6289176160070427
1.8026,-0.6256511942585827,0.04027034554959577,22.952172838049517,3.0457496071413086
1.8043,-0.6243339325705477,0.045718189536174125,23.029928830448092,3.462776644695963
1.806,-0.6229726682215782,0.05115118657623634,23.1083783044618,3.880003496700714
1.8077,-0.6215675724503376,0.05656888581427286,23.187526864403498,4.29743493846818
1.8094000000000001,-0.6201188228927048,0.06197083912555046,23.267380130976562,4.715075755916162
1.8111000000000002,-0.6186266035074146,0.06735660126843397,23.3479437429127,5.132930748802274
1.8128,-0.6170911044951364,0.07272573003257632,23.42922335883551,5.5510047338537145
1.8145,-0.6155125222113753,0.0780777863825775,23.511224659337216,5.96930254777716
1.8162,-0.6138910590735945,0.08341233459673227,23.593953349256207,6.38782905013353
1.8179,-0.6122269234629845,0.08872894240055805,23.67741516014139,6.806589126066061
1.8195999999999999,-0.6105203296213305,0.09402718109481344,23.761615852888326,7.225587688869704
1.8213,-0.6087714975434297,0.09930662567778065,23.84656122053256,7.644829682392952
1.823,-0.6069806528655394,0.10456685496161168,23.93225709118317,8.064320083263164
1.8247,-0.6051480267503131,0.10980745168260665,24.018709331081954,8.484063902930231
1.8264,-0.6032738557687127,0.11502800260531507,24.10592384777075,8.904066189523023
1.8281,-0.6013583817793567,0.12022809862040208,24.19390659335155,9.324332029515567
1.8298,-0.5994018518057674,0.12540733483626526,24.28266356782317,9.744866549201467
1.8315000000000001,-0.5974045179119639,0.1305653106644185,24.372200822479044,10.165674915976023
1.8332000000000002,-0.5953666370768415,0.1357016298987031,24.462524463350444,10.586762339427285
1.8349,-0.5932884710677409,0.14081590078841288,24.553640654681406,11.008134072238287
1.8366,-0.5911702863136132,0.14590773610546093,24.64555562242058,11.429795410904346
1.8383,-0.5890123537781492,0.15097675320572346,24.73827565771723,11.851751696269062
1.84,-0.5868149488332182,0.1560225740847502,24.83180712040896,12.274008313885842
1.8417,-0.5845783511329432,0.1610448254280235,24.92615644248963,12.696570694210358
1.8434,-0.5823028444887054,0.16604313865598758,25.02133013154691,13.119444312631783
1.8451,-0.579988716745348,0.17101714996406467,25.117334774159858,13.542634689349645
1.8468,-0.5776362596588193,0.17596650035791328,25.21417703924789,13.96614738910578
1.8485,-0.5752457687754687,0.1808908356841666,25.311863681363445,14.389988020779253
1.8502,-0.5728175433131801,0.18578980665691053,25.41040154392202,14.814162236853486
1.8519,-0.5703518860445073,0.19066306888016227,25.50979756236322,15.23867573276494
1.8536000000000001,-0.5678491031819375,0.1955102828666091,25.61005876723881,15.663534246142607
1.8553,-0.5653095042653992,0.2003311140528664,25.711192287223522,16.088743555947676
1.857,-0.5627334020520907,0.20512523281151707,25.813205352045994,16.514309481523068
1.8587,-0.5601211124087041,0.20989231446017315,25.916105295337353,16.940237881561128
1.8604,-0.5574729542060736,0.21463203926781996,26.01989955739674,17.366534652999903
1.8621,-0.5547892492162767,0.21934409245866796,26.12459568787296,17.793205729855586
1.8638,-0.5520703220121943,0.22402816421374588,26.23020134836241,18.22025708200028
1.8655,-0.5493164998695115,0.22868394967045516,26.336724314924357,18.64769471389328
1.8672,-0.5465281126711381,0.23331114892028143,26.444172480514947,19.075524663272894
1.8689,-0.5437054928140046,0.23790946700487361,26.552553857341838,19.50375299981741
1.8706,-0.5408489751181844,0.24247861391066028,26.661876579142078,19.932385823781203
1.8723,-0.5379588967382788,0.2470183045621776,26.772148903386203,20.361429264612784
1.874,-0.5350355970769979,0.2515282588142671,26.883379213411438,20.790889479560974
1.8757000000000001,-0.5320794177008551,0.2560082014432834,26.99557602048829,21.220772652274515
1.8774,-0.5290907022578988,0.2604578621374461,27.108747965823753,21.65108499140041
1.8791,-0.526069796397385,0.26487697548645533,27.222903822505767,22.081832729185695
1.8808,-0.5230170476913124,0.26926528097047076,27.338052497392802,22.513022120086287
1.8825,-0.5199328055577142,0.27362252294855616,27.45420303295344,22.944659439387305
1.8842,-0.5168174211856229,0.27794845064666834,27.57136460906001,23.37675098183764
1.8859,-0.5136712474616079,0.28224281814526175,27.68954654474145,23.809303060301733
1.8876,-0.5104946388977946,0.28650538436657397,27.808758299899505,24.24232200443113
1.8893,-0.5072879515612739,0.2907359130616351,27.929009476993315,24.675814159357216
1.891,-0.5040515430048121,0.29493417279705525,28.050309822696605,25.10978588440757
1.8927,-0.5007857721987683,0.2990999369416145,28.172669229532616,25.544243551846673
1.8944,-0.4974909994641449,0.30323298365268425,28.296097737490637,25.979193545641856
1.8961000000000001,-0.4941675864066818,0.30733309586249985,28.42060553562896,26.414642260255388
1.8978000000000002,-0.49081589585192104,0.3114000612642937,28.546202963668602,26.850596099462802
1.8995,-0.48743629178117015,0.3154336722982959,28.67290051358155,27.28706147519731
1.9012,-0.48402913926829094,0.31943372613760573,28.800708831178166,27.724044806420714
1.9029,-0.4805948044172582,0.323400024673922,28.929638717697177,28.16155251801929
1.9046,-0.47713365430041976,0.3273323745031324,29.059701131402306,28.59959103972499
1.9063,-0.4736460568974079,0.33123058691074453,29.19090718918923,29.03816680506055
1.908,-0.47013238103465427,0.335094477857145,29.323268168205896,29.4772862503074
1.9097,-0.46659299632545637,0.33892386796266905,29.45679550749011,29.916955813495623
1.9114,-0.4630282731105626,0.34271858249245624,29.59150080962713,30.357181933413695
1.9131,-0.45943858239923296,0.3464784513410781,29.727395842430347,30.797971048637596
1.9148,-0.4558242958107455,0.35020330901690844,29.864492540648122,31.23932959657707
1.9165,-0.45218578551632316,0.3538929946262143,30.002803007699182,31.681264012537287
1.9182000000000001,-0.44852342418145413,0.3575473518569426,30.14233951743924,32.12378072879444
1.9199000000000002,-0.44483758490858555,0.3611662289621775,30.283114515961397,32.566886173683244
1.9216,-0.4411286411801785,0.3647494787432436,30.42514062343225,33.010586770694374
1.9233,-0.4373969668021046,0.3682969585324316,30.568430635966266,33.45488893758025
1.925,-0.4336429358473838,0.3718085301753169,30.712997527539954,33.89979908546636
1.9267,-0.42986692260024684,0.37528406001265474,30.858854451948204,34.34532361796709
1.9284,-0.4260693015005278,0.37872341886182387,31.006014744804126,34.791468930303154
1.9301,-0.4222504470883779,0.3821264819978013,31.154491925584406,35.23824140841935
1.9318,-0.41841073394931094,0.3854931291336399,31.3042996997214,35.685647428099436
1.9335,-0.4145505366595766,0.38882324440043975,31.455451960743638,36.13369335407721
1.9352,-0.41067022973187045,0.39211671632678735,31.607962792466026,36.58238553914092
1.9369,-0.4067701875613893,0.3953734378176492,31.761846471231117,37.031730323229205
1.9386,-0.40285078437223887,0.3985933061327044,31.917117468202484,37.481734032516314
1.9403000000000001,-0.39891239416420876,0.4017762228641019,32.07379045171129,37.932402978484596
1.9420000000000002,-0.39495539065992125,0.4049220939136311,32.231880289657525,38.383743456982145
1.9437,-0.39098014725237334,0.40803082946929464,32.39140205196625,38.8357617472635
1.9454,-0.38698703695288006,0.4111023439812762,32.5523710131004,39.28846411101146
1.9471,-0.38297643233944173,0.41413655613729045,32.71480265463062,39.74185679133743
1.9488,-0.3789487055055439,0.417133388837318,32.87871266786317,40.19594601175916
1.9505,-0.37490422800941026,0.42009276916771215,33.04411695652667,40.650737975152786
1.9522,-0.3708433708237247,0.42301462837468284,33.211031639518396,41.10623886267821
1.9539,-0.3667665042858398,0.4258989018371467,33.37947305371095,41.56245483267461
1.9556,-0.3626739980484897,0.4287455290389533,33.54945775681982,42.019392019525085
1.9573,-0.3585662210310223,0.4315544535404822,33.72100253033281,42.47705653248792
1.959,-0.3544435413711716,0.43432562294961596,33.89412438250167,42.93545445449245
1.9607,-0.35030632637738646,0.43705898889209305,34.068840551396775,43.394591840897725
1.9624000000000001,-0.34615494248173095,0.43975450698124546,34.24516850802544,43.85447471821181
1.9641,-0.34198975519337743,0.4424121367871264,34.423125959514415,44.31510908276962
1.9658,-0.3378111290527057,0.44503184180504024,34.60273085235712,44.77650089936771
1.9675,-0.333619427586026,0.447613589423474,34.78400137572651,45.238656099853266
1.9692,-0.32941501326094214,0.4501573508914516,34.96695596485369,45.701580581666164
1.97,-0.3274321694469622,0.45134126386930784,35.05364027867368,45.919695255632355
1.9709,-0.3251982474423694,0.45266310128531034,35.15161330447329,46.165280206331104
1.9726,-0.3209694903492244,0.4551308194749199,35.33799233233582,46.629760797898655
1.9743,-0.31672910101179386,0.45756048808935057,35.526112242788265,47.095028141332826
1.976,-0.3124774372298138,0.45995209348200344,35.7159924904221,47.56108798084223
1.9777,-0.30821485553124833,0.46230562569522143,35.907652793791314,48.02794601815452
1.9794,-0.30394171113180196,0.4646210784243901,36.101113139199,48.495607910730264
1.9811,-0.29965835789516543,0.4668984489815445,36.296393784554766,48.964079269915
1.9828000000000001,-0.29536514829401017,0.4691377382584997,36.49351526330252,49.43336565902715
1.9845000000000002,-0.29106243337174414,0.47133895068951953,36.692498388419445,49.90347259137942
1.9862,-0.2867505627050357,0.4735020942135371,36.893364256487324,50.37440552823132
1.9879,-0.2824298843671141,0.4756271802359519,37.096134251836155,50.84616987667139
1.9896,-0.27810074489186365,0.4777142235900089,37.300830050760936,51.31877098742514
1.9913,-0.2737634892387087,0.479763242497789,37.50747362581239,51.79221415258803
1.993,-0.2694184607583024,0.481774258530821,37.71608725016217,52.26650460328025
1.9947,-0.2650660011590278,0.48374729657033544,37.926693502043044,52.74164750722059
1.9964,-0.2607064504743102,0.48568238476717984,38.139315269265204,53.217647966217946
1.9981,-0.256340147030757,0.48757955450141,38.353975753808456,53.6945110135761
1.9998,-0.25196742741711836,0.48943884034158064,38.57069847649205,54.172241611411245
2.0015,-0.2475886264540788,0.49126028000374866,38.7895072817222,54.65084464787785
2.0032,-0.24320407716488318,0.49304391431021377,39.01042634231781,55.130324934301164
2.0049,-0.23881411074679781,0.49478978714800886,39.23348016441572,55.61068720221296
2.0066,-0.23441905654340955,0.49649794542716313,39.45869359245553,56.09193610028778
2.0083,-0.23001924201776483,0.49816843903875396,39.68609181424529,56.57407619117686
2.01,-0.22561499272634905,0.4998013208127685,39.91570036610795,57.057111948236454
2.0117000000000003,-0.2212066322939016,0.5013966464757925,40.14754513811051,57.5410477521481
2.0134,-0.21679448238908772,0.502954474608539,40.381652379374636,58.025887887425334
2.0151,-0.2123788627009826,0.5044748666032506,40.6180487034721,58.51163653880815
2.0168,-0.20796009091642115,0.5059578866209722,40.85676109390279,58.99829778753613
2.0185,-0.20353848269816713,0.5074036015487292,41.09781690965851,59.48587560750121
2.0202,-0.1991143516639213,0.5088120809566234,41.34124389087134,59.97437386127457
2.0219,-0.19468800936616043,0.510183397054859,41.58707016454874,60.4637962960041
2.0236,-0.1902597652728036,0.5115176246507251,41.8353242503948,60.954146539179064
2.0253,-0.18582992674870252,0.512814841105543,42.086035066719205,61.44542809425764
2.027,-0.18139879903795078,0.5140751262916032,42.339231936433826,61.93764433615396
2.0287,-0.1769666852470071,0.5152985625491009,42.59494459313854,62.430798506579755
2.0304,-0.17253388632863068,0.5164852346430945,42.85320318729528,62.92489370923715
2.0321,-0.16810070106661873,0.5176352297204937,43.11403829249281,63.419932904857575
2.0338000000000003,-0.16366742606133725,0.5187486372671025,43.37748091180159,63.91591890608327
2.0355,-0.15923435571606176,0.5198255490647244,43.64356248421858,64.41285437218464
2.0372,-0.15480178222407392,0.5208660591483538,43.91231489120512,64.91074180361298
2.0389,-0.15036999555656563,0.5218702637634565,44.18377046331505,65.40958353637794
2.0406,-0.14593928345129692,0.5228382613233659,44.45796198691597,65.90938173624973
2.0423,-0.1415099314020221,0.5237701523668026,44.73492271100296,66.41013839277853
2.044,-0.13708222264867245,0.5246660395155319,45.014686354105166,66.91185531312573
2.0457,-0.13265643816828615,0.5255260274321734,45.29728711128606,67.41453411570257
2.0474,-0.12823285666667675,0.5263502227781774,45.58275966123689,67.91817622360966
2.0491,-0.1238117545708324,0.5271387341719794,45.87113917346427,68.42278285787235
2.0508,-0.11939340602203863,0.5278916721473438,46.162461315571534,68.92835503046496
2.0525,-0.11497808286971112,0.5286091491119135,46.45676226063431,69.43489353711924
2.0542,-0.11056605466593611,0.5292912793059735,46.754078694669914,69.94239894990899
2.0559000000000003,-0.10615758866069536,0.529938178761442,47.05444782420154,70.45087160960676
2.0576,-0.10175294979779634,0.5305499652610975,47.35790738391477,70.96031161780184
2.0593,-0.09735240071144668,0.5311267582980581,47.66449564441033,71.47071882877896
2.061,-0.09295620172352353,0.5316686790355188,47.97425142004769,71.98209284114375
2.0627,-0.08856461084147799,0.5321758502667592,48.28721407688353,72.49443298919296
2.0644,-0.08417788375689245,0.5326483963754296,48.60342354070223,73.00773833401912
2.0661,-0.07979627384466995,0.5330864432961293,48.92292030513853,73.52200765434331
2.0678,-0.07542003216284815,0.5334901184752818,49.245745439891316,74.03723943706727
2.0695,-0.07104940745302551,0.5338595508323183,49.57194059902849,74.5534318675375
2.0712,-0.06668464614139233,0.5341948707211776,49.90154802938098,75.07058281951228
2.0729,-0.06232599234035169,0.5344962098921296,50.23461057902593,75.5886898448237
2.0746,-0.057973687850723404,0.5347637014539347,50.571171705856734,76.10775016272524
2.0763,-0.05362797216451809,0.5349974798363386,50.91127548623968,76.62776064891624
2.0780000000000003,-0.04928908246826649,0.5351976807529204,51.25496662375509,77.1487178242344
2.0797,-0.04495725364691394,0.5353644411642907,51.60229045802052,77.67061784300418
2.0814,-0.04063271828822404,0.5354978992416553,51.95329297359702,78.19345648103652
2.0831,-0.03631570668774067,0.5355981943307421,52.308020808972316,78.71722912326258
2.0848,-0.03200644685424486,0.5356654669161085,52.66652126562217,79.24193075099794
2.0865,-0.02770516451572469,0.5356998585858228,53.02884231714595,79.76755592882198
2.0882,-0.02341208312583956,0.5357015119965359,53.39503261847351,80.29409879106346
2.0899,-0.019127423870865606,0.5356705708389411,53.7651415151417,80.82155302788061
2.0916,-0.014851405677115098,0.5356071798036304,54.13921905263621,81.34991187092385
2.0933,-0.010584245218816513,0.5355114845473538,54.51731598579578,81.87916807856979
2.095,-0.006326156926446003,0.5353836316596801,54.89948378827563,82.40931392071354
2.0967000000000002,-0.002077352995497328,0.5352237686300706,55.285774662065315,82.94034116310777
2.0984,0.002161956604316645,0.5350320438153648,55.6762415470572,83.47224105123426
2.1001000000000003,0.006391564119452325,0.5348086064076822,56.070938130661816,84.00500429369689
2.1018,0.010611264002497373,0.5345536064027472,56.46991885746251,84.53862104511865
2.1035,0.014820852901763881,0.5342671945686354,56.87323893890875,85.07308088853482
2.1052,0.019020129650468703,0.5339495224149482,57.28095436303712,85.6083728172609
2.1069,0.023208895255553946,0.5336007421624165,57.693121904218565,86.14448521622646
2.1086,0.027386952886136823,0.5332210067129364,58.109799132922525,86.68140584275679
2.1103,0.03155410786160606,0.5328104696200393,58.53104442549288,87.21912180678812
2.112,0.03571016763937207,0.5323692850597976,58.956916973927356,87.75761955049991
2.1137,0.03985494180228513,0.5318976078021715,59.387476795653015,88.29688482734903
2.1154,0.04398824204572768,0.5313955931827908,59.82278474329016,88.83690268048825
2.1171,0.04810988216439291,0.5308633970751832,60.26290251439457,89.37765742055268
2.1188000000000002,0.05221967803875982,0.530301175863441,60.70789266117008,89.91913260279676
2.1205,0.05631744762127344,0.5297090864153352,61.157818600140814,90.46131100356384
2.1222000000000003,0.06040301092224387,0.5290872860558697,61.61274462177325,91.00417459607061
2.1239,0.06447618999545868,0.5284359325412857,62.0727359000352,91.54770452548597
2.1256,0.06853680892355227,0.5277551840335062,62.53785850188375,92.09188108328956
2.1273,0.07258469380309521,0.5270451990750311,63.0081793966644,92.63668368088457
2.129,0.07661967272945358,0.5263061365642767,63.48376646541297,93.18209082245032
2.1307,0.08064157578140549,0.5255381557313591,63.96468851004369,93.72808007701104
2.1324,0.08465023500553026,0.5247414161143277,64.45101526240903,94.27462804970163
2.1341,0.08864548440037862,0.5239160775358415,64.94281739321617,94.82171035220827
2.1358,0.09262715990043396,0.5230623000802888,65.44016652078405,95.36930157236331
2.1375,0.09659509935987176,0.5221802440713568,65.94313521962147,95.91737524287137
2.1391999999999998,0.10054914253612549,0.5212700700500387,66.45179702881086,96.46590380914495
2.1409000000000002,0.10448913107327634,0.5203319387530871,66.96622646017627,97.01485859622706
2.1426,0.10841490848524901,0.5193660110919099,67.48649900621449,97.5642097747746
2.1443000000000003,0.11232632013886942,0.518372448131902,68.01269114777189,98.11392632608491
2.146,0.11622321323673093,0.5173514110722224,68.54488036143775,98.66397600613325
2.1477,0.1201054367999416,0.5163030612260027,69.08314512663755,99.21432530860493
2.1494,0.12397284165070302,0.515227560000998,69.6275649323941,99.7649394268901
2.1511,0.12782528039477037,0.5141250688806674,70.1782202837359,100.31578221502089
2.1528,0.13166260740377964,0.5129957494056916,70.73519270772069,100.86681614752287
2.1545,0.13548467879745585,0.5118397631559161,71.29856475904786,101.41800227815487
2.1562,0.13929135242571128,0.5106572717327301,71.8684200252268,101.96930019751204
2.1579,0.14308248785063754,0.5094484367418666,72.44484313127076,102.52066798946403
2.1596,0.14685794632840182,0.5082134197766308,73.02791974388073,103.07206218640243
2.1612999999999998,0.15061759079105105,0.50695238240155,73.6177365750846,103.6234377232692
2.1630000000000003,0.1543612858282407,0.5056654861364428,74.21438138529517,104.17474789034073
2.1647,0.1580888976688697,0.5043528924409092,74.8179429857439,104.72594428473512
2.1664000000000003,0.16180029416267455,0.5030147626992316,75.42851124025631,105.27697676062286
2.1681,0.16549534476172761,0.5016512582056956,76.04617706631679,105.82779337810241
2.1698,0.1691739205019116,0.5002625401503114,76.67103243538752,106.37834035072363
2.1715,0.17283589398431917,0.4988487696049528,77.30317037242504,106.92856199162107
2.1732,0.17648113935662366,0.49741010750989484,77.9426849545513,107.47840065823587
2.1749,0.1801095322944081,0.4959467146607555,78.58967130882428,108.02779669559453
2.1766,0.18372094998246433,0.49445875169583603,79.24422560905478,108.57668837811784
2.1783,0.18731527109606622,0.49294637908385947,79.90644507161146,109.12501184993147
2.18,0.19089237578222504,0.4914097571121,80.5764279501564,109.67270106365109
2.1817,0.1944521456409302,0.48984904587490463,81.25427352924699,110.21968771761394
2.1834,0.19799446370638257,0.4882644052626007,81.94008211674074,110.76590119153038
2.1851000000000003,0.20151921442823018,0.48665599495078826,82.63395503493422,111.31126848052956
2.1868,0.20502628365279302,0.48502397439001615,83.3359946103638,111.85571412757015
2.1885,0.20851555860431925,0.4833685027958305,84.04630416219851,112.39916015419654
2.1902,0.21198692786623155,0.4816897391392031,84.76498798914109,112.94152598960865
2.1919,0.21544028136240767,0.47998784213732854,85.49215135476233,113.48272839802794
2.1936,0.21887551033847907,0.4782629702447909,86.22790047118112,114.02268140433372
2.1953,0.22229250734315864,0.4765152816450948,86.97234248100312,114.5612962179484
2.197,0.22569116620960272,0.47474493424255876,87.7255854374271,115.09848115495235
2.1987,0.22907138203680966,0.47295208565456626,88.48773828242236,115.63414155840839
2.2004,0.23243305117106297,0.4711368932041715,89.25891082287954,116.1681797168795
2.2021,0.23577607118741997,0.469299513913059,90.0392137046291,116.70049478112374
2.2038,0.23910034087125248,0.4674401044948485,90.82875838422208,117.23098267895236
2.2055,0.2424057601998428,0.46555882134874804,91.62765709835944,117.75953602824075
2.2072000000000003,0.24569223032404397,0.46365582055354226,92.43602283085569,118.28604404808195
2.2089,0.2489596535499909,0.46173125786193153,93.25396927701077,118.81039246807588
2.2106,0.25220793332090036,0.45978528869518775,94.08161080527377,119.33246343575307
2.2123,0.2554369741989223,0.4578180681381585,94.91906241605678,119.85213542212813
2.214,0.25864668184707995,0.45582975093458883,95.76643969757234,120.36928312538925
2.2157,0.2618369630112841,0.4538204914827705,96.62385877855012,120.88377737272768
2.2174,0.2650077255024318,0.4517904438315114,97.49143627768727,121.39548502031796
2.2191,0.2681588781785915,0.44973976167642454,98.36928924968322,121.90426885146437
2.2208,0.2712903309272785,0.447668598356529,99.25753512770102,122.40998747292993
2.2225,0.2744019946478232,0.44557710685116203,100.15629166209541,122.91249520947473
2.2242,0.27749378123383717,0.44346543977719877,101.06567685523926,123.4116419966304
2.2259,0.28056560355577875,0.4413337493865769,101.98580889227617,123.90727327174747
2.2276,0.283617375443621,0.43918218756412003,102.91680606762114,124.39922986335446
2.2293000000000003,0.28664901166963114,0.4370109058256557,103.8587867070267,124.88734787887891
2.231,0.289660427931246,0.43482005531643814,104.81186908501891,125.37145859078116
2.2327,0.29265154083408057,0.43260978680984363,105.7761713375194,125.85138832116822
2.2344,0.2956222678750307,0.43038025070636987,106.75181136943809,126.3269583249515
2.2361,0.29857252742550733,0.4281315970329086,107.73890675704128,126.79798467163266
2.2378,0.3015022387147864,0.4258639754423019,108.73757464487633,127.2642781258017
2.2395,0.30441132181348296,0.4235775352131759,109.74793163703657,127.7256440264467
2.2412,0.3072996976171507,0.42127242525004666,110.77009368254194,128.18188216518152
2.2429,0.3101672878300114,0.4189487940836974,111.80417595460722,128.6327866635119
2.2446,0.31301401494881376,0.4166067898718228,112.85029272356132,129.0781458492689
2.2463,0.31583980224682684,0.4142465603999368,113.90855722317983,129.51774213235328
2.248,0.31864457375796895,0.4118682530825419,114.97908151018417,129.95135187994623
2.2497,0.321428254261074,0.4094720149645541,116.06197631665941,130.37874529135613
2.2514000000000003,0.3241907692643026,0.4070579927229825,117.15735089513694,130.7996862726865
2.2531,0.32693204498968403,0.4046263326688654,118.2653128560794,131.21393231152175
2.2548,0.3296520083578221,0.4021771807494419,119.38596799751676,131.62123435185222
2.2565,0.3323505869727278,0.3997106825505825,120.51942012655405,132.0213366694641
2.2582,0.33502770910681484,0.39722698329945144,121.66577087249611,132.41397674805194
2.2599,0.33768330368604016,0.39472622786741196,122.82511949131089,132.79888515631947
2.2616,0.34031730027519913,0.3922085607731653,123.99756266116346,133.1757854263598
2.2633,0.3429296290633752,0.38967412618612396,125.18319426874616,133.5443939336252
2.265,0.345520220849546,0.3871230679300123,126.38210518613364,133.90441977881846
2.2667,0.3480890070283494,0.38455552948669514,127.5943830378888,134.25556467206113
2.2684,0.35063591957600815,0.38197165400022914,128.82011195815065,134.59752281971643
2.2701000000000002,0.35316089103641846,0.37937158428113527,130.05937233743438,134.9299808142708
2.2718,0.35566385450740173,0.37675546281088834,131.3122405588812,135.25261752770308
2.2735000000000003,0.35814474362712373,0.3741234317466187,132.57878872369747,135.56510400879614
2.2752,0.360603492560674,0.3714756329260348,133.85908436552674,135.86710338487518
2.2769,0.36304003598682777,0.36881220787253993,135.1531901535184,136.15827076848558
2.2786,0.3654543090849641,0.3661332978005699,136.46116358384387,136.43825316955014
2.2803,0.36784624752216505,0.3634390436211245,137.7830566594458,136.70668941358022
2.282,0.3702157874404864,0.36072958594750326,139.11891555780124,136.96321006654395
2.2837,0.3725628654444022,0.35800506510123664,140.46878028650346,137.2074373670279
2.2854,0.3748874185884281,0.35526562111821597,141.83268432647859,137.43898516636293
2.2871,0.37718938436492166,0.3525113937550114,143.2106542626777,137.65745887741727
2.2888,0.3794687006920625,0.34974252249538157,144.6027094021,137.8624554327955
2.2905,0.3817253059020138,0.3469591465569707,146.0088613790313,138.05356325321873
2.2922000000000002,0.3839591387292672,0.34416140489818803,147.429113747407,138.230362226894
2.2939,0.3861701382991679,0.3413494362252708,148.86346156023652,138.39242370072026
2.2956000000000003,0.3883582441166332,0.33852337899952206,150.31189093606355,138.5393104842148
2.2973,0.3905233960550446,0.33568337144473553,151.7743786124597,138.67057686707668
2.299,0.3926655343453436,0.33282955155477645,153.25089148661255,138.785768651347
2.3007,0.394784599565303,0.3299620571013515,154.74138614307643,138.88442319915615
2.3024,0.39688053262899703,0.327081025641937,156.24580836883467,138.96606949708828
2.3041,0.398953274776461,0.32418659452787557,157.76409265585033,139.0302282382276
2.3058,0.40100276756354286,0.32127890091263844,159.29616169134243,139.07641192298428
2.3075,0.4030289528519523,0.31835808176024527,160.8419258360872,139.1041249798348
2.3092,0.4050317727995022,0.31542427385384636,162.4012825910968,139.1128639071391
2.3109,0.4070111698505495,0.3124776138044588,163.97411605310526,139.1021174372319
2.3126,0.4089670867266334,0.309518238059857,165.56029635935457,139.07136672401086
2.3143000000000002,0.4108994664173129,0.3065462829136153,167.15967912225332,139.02008555527098
2.316,0.412808252171205,0.3035618845142989,168.77210485456195,138.94774059105833
2.3177000000000003,0.4146933874872283,0.30056517887479783,170.3973983858438,138.85379162933634
2.3194,0.41655481610603917,0.29755630188181725,172.03536827100223,138.73769190027164
2.3211,0.4183924820016901,0.2945353893054905,173.6858061918467,138.59888839046408
2.3228,0.42020632937347496,0.2915025768091506,175.3484863526888,138.43682219844501
2.3245,0.42199630263799404,0.2884579999592253,177.02316487111767,138.25092892277755
2.3262,0.4237623464214212,0.2854017942352747,178.70957916518228,138.0406390840863
2.3279,0.4255044055519822,0.2823340950401575,180.40744733834026,137.8053785823319
2.3296,0.42722242505264413,0.279255037710329,182.11646756364422,137.54456919063423
2.3313,0.42891635013401397,0.2761647575262661,183.83631746876162,137.25762908691797
2.333,0.43058612618745384,0.27306338972301936,185.5666535235533,136.94397342462915
2.3347,0.43223169877840706,0.26995106950088543,187.30711043206304,136.60301494372112
2.3364000000000003,0.4338530136399408,0.2668279320362038,189.0573005309076,136.23416462306696
2.3381,0.4354500166665076,0.26369411249227087,190.81681319619318,135.83683237538975
2.3398000000000003,0.4370226539079216,0.2605497460303655,192.58521426122326,135.41042778572734
2.3415,0.4385708715635538,0.2573949678209035,194.3620454473961,134.95436089437726
2.3432,0.44009461597675237,0.25422991305468096,196.1468238108552,134.46804302515437
2.3449,0.4415938336294779,0.2510547169542498,197.9390412075594,133.9508876597051
2.3466,0.4430684711371673,0.24786951478538627,199.73816377962186,133.4023113584865
2.3483,0.44451847524381843,0.24467444186866982,201.54363146587508,132.82173472888994
2.35,0.44594379281730107,0.24146963359116314,203.35485753977207,132.20858344083834
2.3517,0.44734437084489614,0.23825522541819388,205.17122817786165,131.5622892900231
2.3534,0.4487201564290599,0.23503135290523297,206.992102062202,130.88229130876232
2.3551,0.45007109678342094,0.23179815170987025,208.81681002020028,130.1680369242729
2.3568,0.4513971392290038,0.22855575760388366,210.64465470547702,129.41898316393318
2.3585000000000003,0.45269823119069086,0.2253043064853943,212.4749103234625,128.63459790688697
2.3602,0.45397432019390555,0.22204393439112322,214.30682240550786,127.81436118109849
2.3619000000000003,0.4552253538615484,0.21877477750871677,216.13960763540962,126.95776650470671
2.3636,0.45645127991114914,0.2154969721891763,217.9724537322575,126.06432227025302
2.3653,0.45765204615227173,0.21221065495934885,219.80451939362698,125.13355317006628
2.367,0.4588276004841494,0.20891596253451555,221.63493430310857,124.16500166079057
2.3687,0.4599778908935618,0.2056130318310462,223.46279920622302,123.15822946471197
2.3704,0.46110286545295487,0.20230199997913262,225.28718605873428,122.11281910522267
2.3721,0.46220247231880157,0.19898300433559254,227.10713825134468,121.02837547340798
2.3738,0.4632766597302098,0.19565618249674543,228.92167091469747,119.90452742239871
2.3755,0.46432537600777174,0.19232167231135397,230.7297713085177,118.74092938576197
2.3772,0.46534856955266257,0.188979611893632,232.53039929860992,117.53726301584373
2.3789,0.4663461888459888,0.18563013963631403,234.32248792528046,116.29323883760149
2.3806000000000003,0.4673181824483854,0.18227339422378147,236.10494406656764,115.00859791308982
2.3823,0.4682644989998608,0.17890951464525878,237.8766491994428,113.68311351139756
2.3840000000000003,0.4691850872199026,0.17553864020804288,239.63646026191728,112.31659277844867
2.3857,0.4700798959078291,0.17216091055081065,241.3832106186586,110.9088784007426
2.3874,0.4709488739434029,0.16877646565695067,243.11571113244716,109.45985025672276
2.3891,0.47179197028769837,0.1653854458679634,244.83275134339343,107.96942704916148
2.3908,0.47260913398422866,0.16198799189689256,246.53310075746947,106.43756791159018
2.3925,0.47340031416033324,0.15858424484180336,248.21551024545346,104.86427398153009
2.3942,0.47416546002882726,0.15517434619929812,249.87871355291517,103.24958993298829
2.3959,0.4749045208899143,0.15175843787806892,251.52142892135802,101.59360546044223
2.3976,0.47561744613336304,0.14833666221248373,253.14236082008688,99.8964567063205
2.3993,0.4763041852409515,0.1449091619762021,254.74020178779367,98.15832762381233
2.401,0.476964687789178,0.14147608039582057,256.31363438223815,96.3794512667046
2.4027000000000003,0.4775989034522427,0.1380375611645371,257.86133323577,94.56011099785175
2.4044,0.4782067820052993,0.1345937484558511,259.38196721376374,92.7006416078591
2.4061,0.47878827332798,0.13114478693726087,260.87420167237735,90.80143033554401
2.4078,0.47934332740819297,0.1276908217839991,262.3367008113126,88.86291778185415
2.4095,0.47987189434619815,0.124231998692766,263.7681301165797,86.88559870900822
2.4112,0.4803739243589572,0.12076846389547774,265.1671588875215,84.8700227168479
2.4129,0.4808493677847657,0.11730036417302189,266.5324628416519,82.81679478863731
2.4146,0.48129817508816136,0.11382784686901407,267.86272679013763,80.7265756988665
2.4163,0.4817202968651182,0.11035105990355523,269.1566473760642,78.60008227601757
2.418,0.48211568384852244,0.1068701517869867,270.4129358669247,76.43808751370443
2.4197,0.4824842869139329,0.10338527163363734,271.6303209921294,74.24142052412888
2.4214,0.4828260570856286,0.09989656917556114,272.80755181569515,72.01096632839135
2.4231,0.48314094554294507,0.09640419477626189,273.94340063369407,69.74766547885578
2.4248000000000003,0.48342890362689905,0.09290829944439619,275.0366658854965,67.45251350948811
2.4265,0.48368988284710585,0.08940903484746923,276.08617506735317,65.1265602108876
2.4282,0.48392383488898794,0.08590655332548447,277.09078763644766,62.77090872753463
2.4299,0.4841307116212788,0.08240100790458754,278.04939789317064,60.38671447572196
2.4316,0.48431046510382264,0.07889255231066455,278.96093782909827,57.9751838815185
2.4333,0.48446304759567077,0.07538134098290983,279.82437992793666,55.53757293912585
2.435,0.48458841156347676,0.07186752908735378,280.63873990657345,53.07518559097822
2.4367,0.48468650969019317,0.0683512725303472,281.4030793833429,50.589371931970156
2.4384,0.48475729488406766,0.06483272797199816,282.1165084606555,48.08152624124045
2.44,0.4847989240529518,0.06151920752456527,282.74071270900015,45.70236055886074
2.4401,0.48480072028794424,0.061312052839558984,282.77818820930065,45.55308484599599
2.4418,0.48481673928886787,0.05778940534075516,283.3873330419697,43.005523822903086
2.4435000000000002,0.4848053055279965,0.05426494447705729,283.9432129638851,40.440356543618094
2.4452,0.484766372910818,0.05073883005688862,284.4451556888557,37.859131072038096
2.4469000000000003,0.48469989561767823,0.047211222708759465,284.892548609617,35.26342742183627
2.4486,0.48460582811461805,0.04368228389434303,285.2848406119232,32.65485468380417
2.4503,0.4844841251645214,0.040152175921452066,285.62154372258203,30.035048033375183
2.452,0.48433474183857633,0.036621061956956774,285.90223458240666,27.405665629594267
2.4537,0.48415763352805063,0.03308910603960105,286.1265557359406,24.76838541749989
2.4554,0.48395275595638065,0.029556473092734542,286.294216730748,22.12490184661512
2.4571,0.4837200651915785,0.02602332893694717,286.40499502007594,19.476922518823493
2.4588,0.48345951765895506,0.022489840302603953,286.4587366637523,16.826164779424563
2.4605,0.4831710701541619,0.01895617484227416,286.4553568233001,14.174352265576678
2.4622,0.4828546798565532,0.015422501143050299,286.3948400483906,11.523211426649038
2.4639,0.4825103043428687,0.01188898873875105,286.2772403529304,8.874468031213897
2.4656000000000002,0.4821379016012356,0.00835580812200501,286.10268108026963,6.229843675514918
2.4673,0.4817374300454962,0.004823130756208549,285.8713545582129,3.5910523082401062
2.4690000000000003,0.4813088485298565,0.0012911290873478254,285.5835215456985,0.9597967863122769
2.4707,0.4808521163638613,-0.0022400234443016587,285.23951047418797,-1.6622345237918723
2.4724,0.48036719332769073,-0.005770152392639311,284.83971648794954,-4.2733710850476
2.4741,0.4798540396877864,-0.009299082294328714,284.384600288531,-6.871963455431198
2.4758,0.4793126162128012,-0.012826636657554485,283.87468678977206,-9.456386466811853
2.4775,0.47874288418987626,-0.016352637950931698,283.3105635907147,-12.025042304553994
2.4792,0.47814480544124727,-0.019876907592582038,282.69287927471055,-14.576363475914723
2.4809,0.4775183423411763,-0.023399265939378106,282.0223415438872,-17.108815656082747
2.4826,0.4768634578332129,-0.026919532276366037,281.29971519893024,-19.620900401551893
2.4843,0.4761801154477843,-0.030437524806368937,280.525819974838,-22.11115772141609
2.486,0.47546827932011393,-0.033953060639778876,279.70152824392505,-24.57816849812695
2.4877000000000002,0.4747279142084685,-0.03746595578454451,278.82776259786857,-27.02055675024506
2.4894,0.47395898551273563,-0.0409760251363564,277.90549332102603,-29.436991730735908
2.4911000000000003,0.47316145929332826,-0.04448308246904728,276.9357357675773,-31.826189855414686
2.4928,0.47233530229042214,-0.047986940425189445,275.9195476552876,-34.18691645717617
2.4945,0.47148048194351605,-0.0514874105069367,274.85802628881083,-36.51798736274749
2.4962,0.4705969664113269,-0.05498430306706706,273.75230572552164,-38.81827028969046
2.4979,0.46968472459200944,-0.05847742730027761,272.6035538967898,-41.086686062477874
2.4996,0.4687437261437041,-0.06196659123471063,271.41296969749646,-43.3222096474296
2.5013,0.4677739415054133,-0.06545160172372916,270.1817800563627,-45.523871007297906
2.503,0.46677534191820313,-0.06893226443794545,268.91123699936537,-47.690755777218506
2.5047,0.46574789944673123,-0.07240838385751089,267.6026147181447,-49.82200576464023
2.5064,0.46469158700109947,-0.07587976326467327,266.25720665487296,-51.9168192766837
2.5080999999999998,0.46360637835903146,-0.0793462047366087,264.8763226145507,-53.97445127916444
2.5098000000000003,0.46249224818836987,-0.08280750913854099,263.46128591515026,-55.99421339224199
2.5115,0.46134917206990045,-0.08626347611713528,262.013430585433,-57.97547372830034
2.5132000000000003,0.4601771265204897,-0.08971390409421354,260.5340986196133,-59.91765657829504
2.5149,0.45897608901654796,-0.09315859026074533,259.02463729740094,-61.82024195326974
2.5166000000000004,0.4577460380178026,-0.09659733057117934,257.48639657722896,-63.682764988269504
2.5183,0.4564869529913942,-0.10002991973806605,255.92072656979656,-65.50481521619697
2.52,0.45519881443627774,-0.1034561512270348,254.32897509829795,-67.28603571954258
2.5217,0.45388160390794224,-0.10687581725208345,252.71248535101728,-69.0261221681115
2.5234,0.452535304043436,-0.11028870877122252,251.07259363121554,-70.72482175110501
2.5251,0.4511598985866986,-0.11369461548246751,249.41062720853296,-72.38193201200946
2.5268,0.4497553724141985,-0.11709332582018825,247.72790227541873,-73.99729959481904
2.5285,0.4483217115608714,-0.12048462695182488,246.02572201141248,-75.57081891012463
2.5302,0.44685890324635846,-0.12386830477497882,244.3053747574328,-77.10243072955366
2.5319000000000003,0.44536693590153736,-0.1272441439148891,242.56813230158593,-78.59212071694915
2.5336,0.44384579919535283,-0.1306119277222873,240.81524827740245,-80.03991790452648
2.5353000000000003,0.4422954840619264,-0.13397143827167188,239.04795667480272,-81.445893122082
2.537,0.44071598272796453,-0.13732245635996518,237.26747046358582,-82.81015738707283
2.5387000000000004,0.4391072887404352,-0.140664761505611,235.4749803286689,-84.13286026317041
2.5404,0.43746939699453724,-0.14399813194806882,233.67165351588707,-85.4141881945655
2.5421,0.43580230376193063,-0.1473223446477674,231.8586327866656,-86.65436282303479
2.5438,0.43410600671924804,-0.15063717528647502,230.0370354795321,-87.85363929440717
2.5455,0.432380504976865,-0.1539423982681339,228.20795267602736,-89.01230456075604
2.5472,0.43062579910793414,-0.15723778672014482,226.37244846828335,-90.13067568425984
2.5489,0.4288418911776757,-0.16052311249511933,224.5315593252326,-91.20909814831404
2.5506,0.4270287847729187,-0.1637981461731065,222.68629355417062,-92.24794418109855
2.5523,0.4251864850318894,-0.16706265706429943,220.83763085418127,-93.24761109642314
2.5540000000000003,0.4233149986742362,-0.17031641321224167,218.98652195774687,-94.20851965629966
2.5557,0.4214143340312999,-0.1735591813975154,217.13388835674203,-95.13111245929963
2.5574000000000003,0.41948450107659824,-0.1767907271419636,215.28062210885452,-96.01585235840477
2.5591,0.41752551145654937,-0.18001081471340155,213.42758572044926,-96.8632209116637
2.5608,0.41553737852139727,-0.18321920713087825,211.57561210177167,-97.6737168686409
2.5625,0.41352011735636107,-0.1864156661704535,209.7255045904152,-98.44785469527363
2.5642,0.4114737448129776,-0.18959995237152677,207.87803703892376,-99.18616313943218
2.5659,0.4093982795406462,-0.19277182504371504,206.03395396244576,-99.88918383915384
2.5676,0.407293742018361,-0.19593104227428948,204.19397074237824,-100.55746997521194
2.5693,0.4051601545866258,-0.1990773609361803,202.35877388199668,-101.19158496939154
2.571,0.40299754147954153,-0.20221053669655806,200.52902131013715,-101.79210122956579
2.5727,0.40080592885706334,-0.20533032402599855,198.70534272908108,-102.35959894240713
2.5744,0.39858534483741237,-0.20843647620824166,196.88834000288978,-102.89466491432154
2.5761000000000003,0.3963358195296369,-0.211528745350556,195.0785875825432,-103.39789146096919
2.5778,0.39405738506632226,-0.21460688239469813,193.27663296436694,-103.86987534551574
2.5795000000000003,0.39175007563641784,-0.21767063712851228,191.4829971783257,-104.31121676557548
2.5812,0.3894139275182053,-0.2207197581981316,189.69817530294245,-104.72251838861244
2.5829,0.38704897911236236,-0.22375399312083533,187.92263700368315,-105.10438443541587
2.5846,0.3846552709751447,-0.22677308829852927,186.15682709184082,-105.45741981110531
2.5863,0.3822328458516527,-0.2297767890318877,184.40116610105196,-105.78222928299577
2.588,0.3797817487091861,-0.2327648395351481,182.6560508787545,-106.07941670452807
2.5897,0.37730202677066915,-0.23573698295157033,180.92185519002285,-106.34958428436171
2.5914,0.37479372954814005,-0.23869296136957033,179.19893033137137,-106.59333189964032
2.5931,0.3722569088762899,-0.2416325158395324,177.48760575225384,-106.81125645234981
2.5948,0.36969161894604397,-0.2445553863913088,175.7881896821363,-107.00395126762703
2.5965,0.36709791633816846,-0.24746131205241292,174.10096976115247,-107.1720055328112
2.5982000000000003,0.3644758600568938,-0.250350030866919,172.42621367249134,-107.31600377598825
2.5999,0.3618255115635506,-0.2532212799150567,170.76416977480812,-107.43652538273204
2.6016000000000004,0.3591469348101808,-0.256074795333542,169.115067733052,-107.53414414972258
2.6033,0.3564401962731501,-0.2589103123366032,167.47911914627443,-107.60942787389335
2.605,0.35370536498670463,-0.26172756523776275,165.85651817104701,-107.66293797575116
2.6067,0.35094251257649933,-0.26452628747232887,164.24744213929011,-107.69522915549767
2.6084,0.34815171329305644,-0.26730621162064216,162.6520521693785,-107.70684908058678
2.6101,0.3453330440451525,-0.27006706943206227,161.07049376952574,-107.69833810335179
2.6118,0.34248658443311863,-0.2728085918497075,159.50289743253757,-107.67022900734796
2.6135,0.33961241678203735,-0.2755305090359509,157.94937922112442,-107.62304678106906
2.6152,0.3367106261748247,-0.2782325503986778,156.41004134305402,-107.55730841771634
2.6169000000000002,0.33378130048517984,-0.28091444461831205,154.88497271551154,-107.47352273971825
2.6186,0.3308245304103897,-0.2835759196756106,153.37424951811585,-107.37219024672524
2.6203000000000003,0.3278404095039674,-0.2862167028802407,151.87793573411406,-107.25380298583242
2.622,0.3248290342081269,-0.28883652090012457,150.39608367936046,-107.11884444281222
2.6237000000000004,0.3217905038860427,-0.29143509979158766,148.92873451872546,-106.96778945317013
2.6254,0.3187249208539277,-0.2940121650302712,147.47591876968505,-106.80110413187438
2.6271,0.3156323904128584,-0.29656744154285974,146.03765679284882,-106.61924582064022
2.6288,0.3125130208803817,-0.29910065373958283,144.6139592692878,-106.42266305169042
2.6305,0.30936692362184953,-0.3016115255475257,143.20482766453435,-106.21179552694815
2.6322,0.3061942130814824,-0.3040997804447346,141.81025467919454,-105.98707411165556
2.6339,0.30299500681314084,-0.30656514149512526,140.43022468614794,-105.74892084145164
2.6356,0.2997694255107857,-0.30900733138419123,139.06471415434962,-105.49774894197786
2.6372999999999998,0.2965175930386118,-0.311426072455522,137.71369205928218,-105.23396286012158
2.6390000000000002,0.2932396364608315,-0.3138210867481252,136.37712028014064,-104.95795830604045
2.6407,0.28993568607110776,-0.3161920960345464,135.05495398386583,-104.67012230515397
2.6424000000000003,0.28660587542158283,-0.3185388218598137,133.7471419961487,-104.37083325931894
2.6441,0.2832503413515336,-0.3208609855811682,132.45362715958618,-104.06046101644951
2.6458000000000004,0.2798692240155805,-0.3231583084086198,131.17434667914745,-103.73936694786869
2.6475,0.276462666911485,-0.32543051144629065,129.90923245517067,-103.40790403272415
2.6492,0.2730308169074649,-0.32767731573457914,128.658211404086,-103.0664169488235
2.6509,0.2695738242690546,-0.3298984422931124,127.4212057671117,-102.71524216928877
2.6526,0.2660918426854567,-0.3320936121645083,126.19813340715207,-102.35470806445265
2.6543,0.26258502929538424,-0.33426254645893183,124.98890809415586,-101.98513500845631
2.656,0.2590535447123664,-0.3364049663994447,123.79343977919427,-101.60683549003615
2.6577,0.25549755304950095,-0.33852059336815116,122.61163485752458,-101.22011422701733
2.6593999999999998,0.2519172219436328,-0.3406091489531248,121.4433964209158,-100.82526828405923
2.6611000000000002,0.2483127225789328,-0.3426703549961272,120.28862449950921,-100.42258719322548
2.6628,0.2446842297098773,-0.34470393364109136,119.14721629350358,-100.0123530769785
2.6645000000000003,0.2410319216835689,-0.3467096073833971,118.01906639493312,-99.59484077322044
2.6662,0.2373559804614318,-0.3486870991198927,116.9040669998413,-99.17031796203142
2.6679000000000004,0.23365659164020092,-0.3506361321996974,115.80210811111405,-98.73904529377221
2.6696,0.22993394447224785,-0.35255643047573904,114.71307773227603,-98.30127651824937
2.6713,0.22618823188515896,-0.35444771835705613,113.63686205251201,-97.85725861465058
2.673,0.22241965050060428,-0.35630972086182516,112.57334562321098,-97.40723192199118
2.6747,0.2186284006524331,-0.3581421636711254,111.52241152629705,-96.95143026981852
2.6764,0.2148146864039981,-0.3599447731834243,110.48394153462719,-96.49008110894997
2.6781,0.21097871556468115,-0.3617172765697739,109.45781626472477,-96.02340564203026
2.6798,0.2071206997056014,-0.36345940182971037,108.44391532211378,-95.55161895371467
2.6814999999999998,0.20324085417448443,-0.3651708778478442,107.4421174395162,-95.07493014029716
2.6832000000000003,0.19933939810966825,-0.3668514344511336,106.45230060816704,-94.59354243861824
2.6849,0.19541655445324438,-0.3685008024668217,105.47434220250321,-94.10765335410409
2.6866000000000003,0.19147254996327517,-0.37011871378103806,104.50811909846357,-93.61745478779304
2.6883,0.18750761522512172,-0.37170490139803475,103.5535077856526,-93.1231331622316
2.6900000000000004,0.18352198466179953,-0.37325909950006353,102.61038447358872,-92.62486954611705
2.6917,0.17951589654340944,-0.3747810435078589,101.67862519228099,-92.12283977759287
2.6934,0.17548959299555503,-0.37627047014173426,100.7581058873423,-91.6172145860945
2.6951,0.17144332000678997,-0.37772711748325516,99.84870250987018,-91.10815971267104
2.6968,0.1673773274350307,-0.37915072503749064,98.95029110129605,-90.59583602870276
2.6985,0.16329186901293669,-0.38054103379581794,98.06274787341295,-90.0803996529518
2.7002,0.15918720235223513,-0.3818977862992654,97.18594928378,-89.56200206688779
2.7019,0.15506358894696984,-0.3832207267023763,96.31977210669638,-89.04079022823794
2.7036,0.15092129417565783,-0.3845096008375763,95.46409349993206,-88.51690668271954
2.7053000000000003,0.14676058730232736,-0.3857641562800267,94.61879106739534,-87.9904896739158
2.707,0.1425817414764447,-0.38698414241293894,93.78374291791714,-87.46167325126937
2.7087000000000003,0.13838503373166378,-0.38816931049334186,92.95882772031227,-86.93058737616046
2.7104,0.13417074498344594,-0.3893194137182663,92.14392475489448,-86.39735802606019
2.7121000000000004,0.12993916002546307,-0.3904342072913425,91.33891396158907,-85.8621072967331
2.7138,0.1256905675248367,-0.3915134484897736,90.54367598481022,-85.3249535024893
2.7155,0.12142526001612905,-0.39255689673167676,89.75809221523696,-84.7860112744697
2.7172,0.11714353389413165,-0.39356431364375816,88.98204482864092,-84.24539165697075
2.7189,0.11284568940539007,-0.3945354631293073,88.21541682189509,-83.70320220180325
2.7206,0.10853203063847558,-0.39547011143648103,87.45809204629957,-83.15954706069313
2.7223,0.10420286551297789,-0.39636802722685754,86.70995523834898,-82.61452707572981
2.724,0.09985850576720948,-0.3972289816442327,85.97089204806494,-82.06823986787309
2.7257,0.09549926694460698,-0.3980527483836351,85.24078906501035,-81.52077992353037
2.7274000000000003,0.09112546837880889,-0.3988391037605336,84.51953384209729,-80.97223867921798
2.7291,0.08673743317742252,-0.39958782678020915,83.80701491730106,-80.42270460432725
2.7308000000000003,0.08233548820441947,-0.4002986992072721,83.1031218333761,-79.87226328200711
2.7325,0.07791996406121336,-0.4009715056352825,82.40774515568535,-79.32099748819155
2.7342000000000004,0.07349119506633724,-0.40160603355646657,81.72077648822564,-78.76898726878568
2.7359,0.06904951923378307,-0.4022020734314782,81.04210848795483,-78.21631001504117
2.7376,0.06459527824992116,-0.4027594187591995,80.37163487749518,-77.66304053713785
2.7393,0.06012881744905657,-0.4032778661465308,79.70925045630987,-77.10925113600332
2.741,0.0556504857875649,-0.4037572153781582,79.05485111042385,-76.55501167339246
2.7427,0.05116063581662479,-0.4041972694862562,78.40833382077257,-76.00038964025546
2.7444,0.04665962365353331,-0.40459783482010214,77.76959667024984,-75.44545022342217
2.7461,0.04214780895159691,-0.4049587211155686,77.13853884952732,-74.89025637063048
2.7478,0.03762555486859481,-0.4052797415644654,76.51506066171225,-74.33486885392793
2.7495000000000003,0.03309322803380098,-0.4055607128836981,75.8990635259088,-73.77934633147474
2.7512,0.028551198513585896,-0.40580145538421086,75.29044997974731,-73.2237454077805
2.7529000000000003,0.02399983977554583,-0.40600179303968437,74.68912368093503,-72.6681206923984
2.7546,0.0194395286512236,-0.40616155355495415,74.0949894078931,-72.11252485711512
2.7563000000000004,0.01487064529734429,-0.40628056843411775,73.5079530595251,-71.55700869165668
2.758,0.010293573155640376,-0.4063586730482987,72.9279216541775,-71.00162115795015
2.7597,0.005708698911191648,-0.40639570670303343,72.35480332783273,-70.44640944296131
2.7614,0.0011164124493473482,-0.40639151270524815,71.78850733158986,-69.89141901014689
2.7631,-0.003482893188818184,-0.4063459384297941,71.22894402847132,-69.3366936495447
2.7648,-0.008088821852487355,-0.4062588353855031,70.6760248896027,-68.78227552653432
2.7665,-0.012700974328524905,-0.40613005928073753,70.12966248980361,-68.22820522929717
2.7682,-0.01731894839034262,-0.4059594700883923,69.58977050263026,-67.67452181500465
2.7699,-0.02194233884819588,-0.40574693211032276,69.05626369490552,-67.12126285476361
2.7716000000000003,-0.02657073760091666,-0.405492314041158,68.52905792077163,-66.56846447734651
2.7733,-0.03120373368904919,-0.40519548903147273,68.00807011530112,-66.01616141173822
2.7750000000000004,-0.03584091334943203,-0.4048563347502762,67.49321828769298,-65.46438702852043
2.7767,-0.040481860071149345,-0.4044747334467924,66.98442151409117,-64.91317338013016
2.7784,-0.04512615465291727,-0.4040505720114888,66.48159993004671,-64.36255124001018
2.7801,-0.04977337526182765,-0.40358374203632924,65.98467472265762,-63.8125501406865
2.7818,-0.05442309749348677,-0.40307413987420987,65.4935681224074,-63.26319841079294
2.7835,-0.0590748944335135,-0.4025216666975484,65.00820339472966,-62.714523211072425
2.7852,-0.06372833672039041,-0.40192622855599247,64.52850483132133,-62.16655056937882
2.7869,-0.06838299260965472,-0.40128773643321386,64.05439774122647,-61.619305414705096
2.7886,-0.0730384280394137,-0.400606106302755,63.58580844171202,-61.07281161026182
2.7903000000000002,-0.07769420669716914,-0.39988125918289696,63.12266424895555,-60.527091985631095
2.792,-0.08234989008793478,-0.3991131211905134,62.66489346856347,-59.982168368018414
2.7937000000000003,-0.08700503760363597,-0.39830162359388005,62.212425385937415,-59.43806161262623
2.7954,-0.09165920659374842,-0.397446702864411,61.76519025650771,-58.89479163217393
2.7971000000000004,-0.09631195243720789,-0.3965483007272807,61.32311929584534,-58.35237742558128
2.7988,-0.10096282861550082,-0.3956063642109148,60.886144669674216,-57.810837105844996
2.8005,-0.10561138678699208,-0.3946208456953024,60.45419948379068,-57.2701879271213
2.8022,-0.11025717686239767,-0.3935917029591158,60.02721777391036,-56.730446311043195
2.8039,-0.1148997470814317,-0.39251889922559535,59.60513449545031,-56.1916278722875
2.8056,-0.11953864409057818,-0.39140240320717723,59.187885513260994,-55.65374744341414
2.8073,-0.12417341302197049,-0.390242189148831,58.775407591318725,-55.116819098997134
2.809,-0.1288035975733544,-0.38903823687008254,58.367638382388925,-54.58085617906586
2.8107,-0.13342874008910763,-0.38779053180569106,57.96451641767078,-54.045871311875736
2.8124000000000002,-0.13804838164228989,-0.3864990650449551,57.565981096432424,-53.511876436026554
2.8141,-0.14266206211769458,-0.3851638333696218,57.17197267564554,-52.97888282194649
2.8158000000000003,-0.1472693202958842,-0.38378483929036794,56.782432259627214,-52.44690109275809
2.8175,-0.1518696939381516,-0.3823620910818398,56.39730178969895,-51.915941244546524
2.8192000000000004,-0.15646271987243057,-0.38089560281620854,56.01652403386593,-51.38601266604092
2.8209,-0.16104793408005533,-0.37938539439524027,55.64004257652903,-50.85712415773272
2.8226,-0.16562487178341434,-0.37783149158083407,55.267801808229876,-50.329283950438395
2.8243,-0.1701930675343966,-0.37623392602402606,54.89974691544064,-49.80249972332981
2.826,-0.1747520553036503,-0.3745927352924251,54.53582387039966,-49.27677862144156
2.8277,-0.17930136857059356,-0.3729079628960652,54.175979421000704,-48.752127272673015
2.8294,-0.18384054041415357,-0.3711796583116509,53.82016108073962,-48.2285518042979
2.8311,-0.18836910360419795,-0.36940787700518324,53.46831711872303,-47.70605785899652
2.8328,-0.19288659069362404,-0.36759268045294075,53.12039654974336,-47.18465061042304
2.8345000000000002,-0.19739253411107213,-0.3657341361608024,52.776349124424,-46.66433477832198
2.8362,-0.2018864662542255,-0.36383231768189683,52.436125319437885,-46.14511464320615
2.8379000000000003,-0.20636791958366899,-0.36188730463255736,52.09967632780259,-45.62699406060865
2.8396,-0.21083642671724556,-0.35989918270658094,51.76695404925651,-45.109976474922895
2.8413000000000004,-0.21529152052492215,-0.3578680436877545,51.43791108071541,-44.59406493283795
2.843,-0.2197327342240618,-0.35579398546066876,51.112500706816476,-44.07926209638798
2.8447,-0.22415960147513667,-0.35367711201977103,50.790676890547196,-43.565570255618624
2.8464,-0.22857165647777897,-0.35151753347668147,50.47239426396558,-43.052991340889385
2.8481,-0.23296843406717901,-0.3493153660657376,50.15760811901017,-42.54152693481665
2.8498,-0.23734946981076932,-0.3470707321477723,49.846274398403246,-42.03117828387108
2.8515,-0.2417143001051616,-0.3447837602121126,49.53834968664839,-41.521946309638146
2.8532,-0.2460624622732998,-0.3424545848767954,49.233791201123104,-41.013831619752224
2.8548999999999998,-0.2503934946617883,-0.3400833468869924,48.9325567832685,-40.506834518513614
2.8566000000000003,-0.25470693673836364,-0.3376701931116396,48.63460488987575,-40.000955017197214
2.8583,-0.2590023291894491,-0.3352152765382792,48.33989458447206,-39.4961928440646
2.8600000000000003,-0.2632792140177973,-0.3327187562660833,48.048385528804,-38.99254745408272
2.8617,-0.2675371346401214,-0.33018079749710083,47.7600379744222,-38.49001803836568
2.8634000000000004,-0.2717756359847441,-0.3276015715256806,47.47481275436373,-37.98860353333942
2.8651,-0.2759942645891569,-0.324981255726116,47.19267127493726,-37.488302629645695
2.8668,-0.28019256869751974,-0.32232003353847244,46.91357550760581,-36.989113780785345
2.8685,-0.2843700983580005,-0.3196180944526351,46.63748798097221,-36.49103521151558
2.8702,-0.2885264055199628,-0.31687563399055874,46.364371772863414,-35.99406492600387
2.8719,-0.2926610441309397,-0.3140928536867313,46.094190502515765,-35.498200715747736
2.8736,-0.29677357023336404,-0.3112699610668616,45.82690832285985,-35.00344016726747
2.8753,-0.3008635420610177,-0.30840716962479053,45.56248991290526,-34.50978066957812
2.877,-0.3049305201351602,-0.30550469879764014,45.3009004702246,-34.01721942144788
2.8787000000000003,-0.30897406736031086,-0.30256277393920117,45.042105703535775,-33.52575343844831
2.8804,-0.3129937491196221,-0.29958162629158736,44.78607182538379,-33.03537955980573
2.8821000000000003,-0.31698913336985435,-0.29656149295513345,44.53276554491833,-32.546094455054195
2.8838,-0.32095979073585845,-0.29350261685659457,44.28215406077041,-32.05789463050377
2.8855000000000004,-0.3249052946045958,-0.2904052467156093,44.03420505402298,-31.570776435521317
2.8872,-0.3288252212185961,-0.2872696370094867,43.78888668127938,-31.084736068637838
2.8889,-0.3327191497688855,-0.28409604793629073,43.54616756782388,-30.599769583480033
2.8906,-0.3365866624872922,-0.2808847453762715,43.3060168008781,-30.115872894538207
2.8923,-0.34042734473814323,-0.27763600085163415,43.068403922948626,-29.633041782770643
2.894,-0.34424078510929623,-0.2743500914846724,42.8332989252671,-29.151271901051906
2.8957,-0.34802657550248367,-0.27102729995428526,42.60067224132077,-28.67055877946967
2.8974,-0.35178431122293996,-0.2676679144508901,42.370494740472544,-28.190897830474103
2.8991,-0.35551359106827884,-0.264272228629754,42.1427377216699,-27.71228435388527
2.9008000000000003,-0.3592140174166032,-0.2608405415627545,41.91737290724043,-27.234713541761476
2.9025,-0.3628851963137953,-0.2573731576886119,41.69437243677452,-26.758180483136073
2.9042000000000003,-0.3665267375600027,-0.2538703867615722,41.47370886109173,-26.282680168621575
2.9059,-0.3701382547952407,-0.25033254379861375,41.25535513629215,-25.80820749489187
2.9076000000000004,-0.373719365584144,-0.24675994902514412,41.039284617888605,-25.334757269039326
2.9093,-0.377269691499786,-0.24315292781926132,40.825471055021616,-24.86232421281774
2.911,-0.3807888582065994,-0.2395118106545493,40.61388858475225,-24.390902966767655
2.9127,-0.3842764955423237,-0.2358369330414776,40.40451172643505,-23.92048809423436
2.9144,-0.38773223759899866,-0.2321286354673923,40.19731537616644,-23.45107408527688
2.9161,-0.3911557228029613,-0.228387263335137,39.99227480130966,-22.98265536047401
2.9178,-0.39454659399383385,-0.22461316690032423,39.789365635093255,-22.515226274629935
2.9195,-0.39790449850248555,-0.22080670120727675,39.588563871282325,-22.04878112038231
2.9212,-0.4012290882279461,-0.2169682260236657,39.389845858921106,-21.5833141317164
2.9229000000000003,-0.4045200197132648,-0.21309810577385918,39.19318829714464,-21.118819487386965
2.9246,-0.4077769542202772,-0.2091967094710268,38.99856823005959,-20.655291314253596
2.9263000000000003,-0.4109995578033029,-0.2052644106479799,38.8059630416902,-20.192723690526954
2.928,-0.41418750138171084,-0.20130158728682762,38.61535045099104,-19.731110648935648
2.9297000000000004,-0.4173404608113948,-0.1973086217474061,38.4267085069213,-19.27044617980823
2.9314,-0.42045811695508944,-0.19328590069456977,38.24001558358297,-18.810724234081025
2.9331,-0.4235401557515728,-0.18923381502429837,38.05525037541744,-18.351938726225903
2.9348,-0.4265862682836957,-0.18515275978870102,37.87239189246227,-17.89408353710737
2.9365,-0.42959615084526265,-0.18104313411989598,37.69141945566418,-17.437152516766144
2.9382,-0.4325695050067384,-0.17690534115280468,37.51231269224782,-16.981139487133525
2.9399,-0.43550603767977925,-0.17273978794687736,37.335051531138085,-16.52603824467804
2.9416,-0.4384054611805779,-0.16854688540676196,37.15961619843499,-16.07184256298569
2.9433,-0.4412674932920191,-0.16432704820194652,36.98598721293851,-15.618546195276508
2.9450000000000003,-0.44409185732464046,-0.16008069468537311,36.814145381722525,-15.166142876857334
2.9467,-0.4468782821763809,-0.15580824681107247,36.64407179575617,-14.714626327515578
2.9484000000000004,-0.4496265023911406,-0.15151013005078234,36.47574782556983,-14.263990253849975
2.9501,-0.45233625821610807,-0.1471867733096315,36.309155116965954,-13.814228351546737
2.9518000000000004,-0.45500729565789294,-0.14283860884083038,36.14427558677099,-13.365334307594683
2.9535,-0.4576393665374203,-0.13846607215945436,35.98109141862855,-12.917301802448137
2.9552,-0.4602322285436219,-0.1340696019552561,35.81958505883053,-12.470124512130976
2.9569,-0.46278564528588545,-0.12964964000458906,35.65973921218594,-12.023796110289908
2.9586,-0.4652993863452856,-0.1252066310813944,35.501536837924654,-11.578310270192238
2.9603,-0.4677732273245804,-0.12074102286729349,35.344961145635025,-11.133660666672116
2.962,-0.47020694989697176,-0.11625326586077667,35.18999559123339,-10.689840978024375
2.9637000000000002,-0.4726003418536298,-0.11174381328550079,35.03662387296407,-10.246844887847192
2.9654,-0.4749531971499735,-0.10721312099769739,34.88482992742795,-9.80466608683362
2.9671000000000003,-0.4772653159507089,-0.1026616473926871,34.73459792563811,-9.36329827451175
2.9688,-0.4795365046736083,-0.09808985331052777,34.58591226910134,-8.922735160936107
2.9705000000000004,-0.4817665760320471,-0.0934982019407466,34.43875758592272,-8.482970468325524
2.9722,-0.4839553490762638,-0.08888715872622222,34.29311872693352,-8.043997932654023
2.9739000000000004,-0.48610264923336655,-0.08425719126613943,34.14898076183887,-7.605811305187287
2.9756,-0.48820830834604767,-0.07960876921808871,34.00632897538571,-7.168404353971761
2.9773,-0.4902721647100283,-0.07494236419923031,33.86514886354759,-6.731770865268888
2.979,-0.4922940631101952,-0.07025844968658229,33.725426129726586,-6.295904644940207
2.9807,-0.49427385485543546,-0.06555750091637752,33.58714668096993,-5.86079951977826
2.9824,-0.49621139781215073,-0.0608399947825036,33.45029662420026,-5.426449338784716
2.9841,-0.4981065564364342,-0.056106409734007046,33.31486226245836,-4.99284797439412
2.9858000000000002,-0.49995920180489467,-0.05135722567165371,33.18083009115714,-4.559989323642554
2.9875,-0.5017692116441098,-0.04659292384352923,33.04818679434552,-4.127867309279783
2.9892000000000003,-0.5035364703586872,-0.041813986739661274,32.91691924098136,-3.696475880823259
2.9909,-0.5052608690579034,-0.03702089798567296,32.78701448121259,-3.265809015554731
2.9926000000000004,-0.50694230558091,-0.03221414223539992,32.65845974266488,-2.8358607194532914
2.9943,-0.5085806845204555,-0.027394205062526017,32.53124242673642,-2.406625028069645
2.996,-0.5101759172451154,-0.02256157285114277,32.405350104897366,-1.9780960073327962
2.9977,-0.5117279219199736,-0.01771673268528512,32.28077051499517,-1.5502677542935384
2.9994,-0.5132366235257328,-0.012860172237374345,32.15749155756394,-1.1231343977981094
3.0011,-0.5147019538762043,-0.00799237965557506,32.03550129213816,-0.6966900990920534
3.0028,-0.5161238516341322,-0.003113843450042758,31.914787933570665,-0.27092905235149134
3.0045,-0.5175022623253065,0.0017749476219594829,31.79533984835441,0.15415451486096768
3.0062,-0.5188371383509089,0.006673504672089187,31.677145550948516,0.5785663412179474
3.0079000000000002,-0.5201284389980336,0.011581338798115737,31.560193700108986,1.0023121313294927
3.0096,-0.5213761304483243,0.01649796120229005,31.44447309522419,1.4253975555285117
3.0113000000000003,-0.5225801857846603,0.021422883310916435,31.32997267265614,1.847828249743208
3.013,-0.5237405849958158,0.026355616895109873,31.216681502088804,2.2696098154570055
3.0147000000000004,-0.5248573149790299,0.03129567419280743,31.104588782883553,2.6907478197640704
3.0164,-0.5259303695403902,0.03624256803196707,30.993683840444596,3.111247795517209
3.0181,-0.5269597493929603,0.04119581195504132,30.88395612259466,3.5311152415784477
3.0198,-0.5279454621525486,0.046154920344656014,30.7753951959641,3.9503556231694956
3.0215,-0.5288875223310318,0.05111940855054986,30.667990742394654,4.36897437233036
3.0232,-0.5297859513271276,0.05608879301774136,30.561732555361,4.786976888487188
3.0249,-0.5306407774145101,0.06106259141592493,30.456610536412878,5.204368539133832
3.0266,-0.5314520357271622,0.06604032277008381,30.3526146916406,5.6211546606308325
3.0283,-0.5322197682418395,0.07102150759230072,30.249735128168137,6.037340559125513
3.0300000000000002,-0.532944023757532,0.07600566801474323,30.147962050677204,6.452931511596931
3.0317,-0.5336248578717926,0.08099232792379313,30.047285757966772,6.867932767029391
3.0334000000000003,-0.5342623329538009,0.08598101309529249,29.947696639552802,7.282349547719049
3.0351,-0.5348565181140235,0.09097125133083167,29.8491851723136,7.696187050714728
3.0368000000000004,-0.5354074891703335,0.09596257259508564,29.7517419171856,8.109450449401466
3.0385,-0.5359153286104369,0.10095450915405782,29.655357515916737,8.522144895223695
3.0402,-0.5363801255504609,0.1059465957142468,29.5600226878826,8.934275519558527
3.0419,-0.5368019756895424,0.11093836956257766,29.4657282269739,9.345847435736093
3.0436,-0.5371809812602664,0.11592937070706286,29.372464998561156,9.756865741214455
3.0453,-0.5375172509747865,0.12091914201805906,29.280223936545866,10.167335519909573
3.047,-0.5378108999664657,0.12590722937001794,29.18899604050596,10.57726184468391
3.0487,-0.5380620497268697,0.1308931817835959,29.098772372945003,10.986649779995382
3.0504000000000002,-0.5382708280379473,0.13587655156798542,29.00954405665445,11.395504384708948
3.0521000000000003,-0.5384373688992278,0.1408568944633105,28.921302272199267,11.803830715072305
3.0538,-0.5385618124498622,0.14583376978291257,28.83403825553781,12.21163382785657
3.0555000000000003,-0.53864430488535,0.15080674055535162,28.747743295786563,12.618918783663554
3.0572,-0.5386849983687738,0.15577537366588684,28.662408733142676,13.025690650397067
3.0589000000000004,-0.5386840509363857,0.16073923999727552,28.578025956975292,13.431954506902624
3.0606,-0.5386416263973847,0.16569791456957425,28.49458640409978,13.837715446767982
3.0623,-0.5385578942277242,0.1706509766787684,28.41208155724751,14.242978582289528
3.064,-0.5384330294578094,0.17559801003387898,28.330502943745675,14.647749048595545
3.0657,-0.5382672125539394,0.18053860289230955,28.249842134420902,15.052032007927691
3.0674,-0.5380606292933588,0.1854723481930882,28.17009074274255,15.45583265407384
3.0691,-0.537813470632805,0.1903988436876781,28.091240424220086,15.859156216947508
3.0708,-0.5375259325704371,0.19531769206800514,28.013282876070797,16.26200796730782
3.0725,-0.5371982160010538,0.20022850109132137,27.936209837173937,16.664393221612052
3.0742000000000003,-0.5368305265645195,0.20513088370151855,27.860013088327552,17.066317346992943
3.0759,-0.5364230744873434,0.21002445814644996,27.78468445282496,17.467785766348648
3.0776000000000003,-0.535976074417363,0.21490884809087324,27.710215797367187,17.86880396353833
3.0793,-0.5354897452515206,0.21978368272448812,27.636599033329347,18.26937748866492
3.0810000000000004,-0.5349643099567338,0.22464859686467023,27.56382611839673,18.669511963437348
3.0827,-0.5343999953838964,0.22950323105332718,27.49188905858899,19.069213086590178
3.0844,-0.5337970320750658,0.2343472316474405,27.42077991068788,19.46848663934961
3.0861,-0.533155654063936,0.23918025090269174,27.350490785086638,19.867338490921234
3.0878,-0.5324760986697165,0.24400194704968167,27.28101384907598,20.265774603983232
3.0895,-0.5317586062845843,0.2488119843621496,27.21234133058332,20.66380104016007
3.0912,-0.5310034201549082,0.2536100332166333,27.144465522380095,21.06142396545353
3.0929,-0.5302107861564878,0.2583957701429783,27.077378786771746,21.458649655604273
3.0946,-0.5293809525640958,0.2631688778651101,27.01107356078363,21.855484501356464
3.0963000000000003,-0.5285141698156508,0.267929045331469,26.945542361855768,22.251935013595393
3.098,-0.5276106902714123,0.2726759677344892,26.88077779405715,22.648007828324555
3.0997000000000003,-0.5266707679686111,0.27740934651856275,26.816772554829722,23.043709711452227
3.1014,-0.5256946583720228,0.2821288893758227,26.753519442270317,23.43904756334581
3.1031000000000004,-0.5246826181209987,0.2868343102292305,26.691011362956484,23.834028423122835
3.1048,-0.5236349047735752,0.29152532920230456,26.62924134032122,24.22865947263212
3.1065,-0.5225517765482904,0.29620167257500424,26.56820252357822,24.622948040090307
3.1082,-0.5214334920644468,0.30086307272514656,26.50788819719778,25.016901603324218
3.1099,-0.5202803100815734,0.30550926805489,26.448291790930295,25.410527792578886
3.1116,-0.5190924892389381,0.31014000290176,26.38940689037152,25.803834392841914
3.1133,-0.517870287796002,0.3147550274337708,26.331227248060753,26.19682934563734
3.115,-0.5166139633747775,0.3193540975282213,26.27374679509981,26.589520750239245
3.1167,-0.5153237727051124,0.323936974633797,26.21695965327697,26.981916864254988
3.1184000000000003,-0.5139999713739823,0.3285034256156658,26.160860147676175,27.374026103527022
3.1201,-0.5126428135799387,0.3330532225832875,26.10544281974842,27.765857041299554
3.1218000000000004,-0.5112525518938995,0.3375861427007903,26.05070244081697,28.157418406601312
3.1235,-0.5098294370275573,0.34210196797973486,25.996634025985035,28.548719081786707
3.1252000000000004,-0.5083737176106881,0.3466004850542947,25.943232848408474,28.93976809918864
3.1269,-0.5068856399787394,0.3510814849388306,25.890494453892845,29.33057463682507
3.1286,-0.505365447972073,0.3555447627680703,25.838414675767762,29.72114801311417
3.1303,-0.5038133827483167,0.3599901175200707,25.786989649988083,30.11149768054278
3.132,-0.5022296826092821,0.36441735172235856,25.736215830404614,30.501633218243686
3.1337,-0.5006145828439472,0.36882627114168304,25.686090004143466,30.89156432343355
3.1354,-0.4989683155890122,0.3732166844579734,25.636609307026767,31.28130080166853
3.1371,-0.49729110970855156,0.37758840292320023,25.58777123896288,31.670852555876483
3.1388,-0.49558319069428136,0.38194124000597773,25.539573679228898,32.060229574128655
3.1405000000000003,-0.49384478058795145,0.38627501102288375,25.492014901562804,32.449441916118204
3.1422,-0.49207609792736084,0.3905895327575817,25.445093588978274,32.83849969831464
3.1439000000000004,-0.49027735771743697,0.3948846230690411,25.398808848209487,33.22741307777474
3.1456,-0.4884487714278176,0.3991601004901898,25.35316022368958,33.616192234585945
3.1473,-0.48659054701826515,0.4034157838186073,25.308147710960846,34.00484735293691
3.149,-0.484702888993223,0.4076514917008811,25.263771769412408,34.3933886008036
3.1507,-0.4827859984866997,0.4118670422125097,25.220033334235442,34.78182610825754
3.1524,-0.480840073378591,0.41606225243530043,25.17693382748454,35.17016994440335
3.1541,-0.47886530844342634,0.4202369380343898,25.13447516813002,35.55843009296408
3.1558,-0.4768618955324005,0.4243909128371363,25.092659780984164,35.94661642654082
3.1575,-0.47483002378940564,0.4285239884162691,25.05149060438288,36.334738679581996
3.1592000000000002,-0.47276987990162245,0.43263597367979667,25.01097109650307,36.72280642010769
3.1609,-0.47068164838505466,0.43672667447029134,24.97110524019593,37.11082902024346
3.1626000000000003,-0.46856551190519435,0.44079589317627726,24.93189754621725,37.49881562563012
3.1643,-0.4664216516328304,0.44484342835850466,24.893353054736618,37.88677512378208
3.1660000000000004,-0.46425024763474526,0.448869074394041,24.85547733501009,38.27471611148545
3.1677,-0.46205147929888696,0.452872621141059,24.818276483104185,38.662646861326444
3.1694000000000004,-0.4598255257932866,0.4568538536273736,24.781757117562528,39.050575287464646
3.1711,-0.457572566557818,0.4608125517656685,24.745926372912276,39.4385089107628
3.1728,-0.4552927818275615,0.4647484900984851,24.710791890913235,39.826454823408824
3.1745,-0.4529863531863421,0.46866143757590845,24.676361809459486,40.214419653163624
3.1762,-0.4506534641486788,0.4725511573689338,24.64264474905184,40.6024095273884
3.1779,-0.4482943007681456,0.47641740672137883,24.60964979676831,40.990430037009006
3.1796,-0.4459090522698558,0.48025993684312773,24.57738648766998,41.37848620058578
3.1813000000000002,-0.44349791170450664,0.4840784928473786,24.54586478359093,41.76658242866641
3.183,-0.44106107662115207,0.48787281373441455,24.515095049272887,42.15472248860626
3.1847000000000003,-0.4385987497556059,0.4916426324242555,24.48508802581802,42.54290947004895
3.1864,-0.4361111397311335,0.495387675840319,24.45585480144797,42.93114575126286
3.1881000000000004,-0.4335984617678116,0.4991076650460568,24.427406779570738,43.319432966541314
3.1898,-0.43106093839676846,0.5028023154361814,24.399755644173773,43.70777197486741
3.1915000000000004,-0.42849880017522574,0.5064713369839395,24.3729133225764,44.096162830060564
3.1932,-0.42591228639815853,0.5101144345454596,24.34689194559247,44.484604752609116
3.1949,-0.42330164580213553,0.5137313082219964,24.32170380517058,44.87309610340788
3.1966,-0.4206671372568384,0.5173216537804427,24.297361309596564,45.26163435960494
3.1983,-0.4180090304395843,0.5208851631321931,24.27387693636105,45.65021609277016
3.2,-0.41532760648812617,0.5244215248700114,24.251263182812295,46.03883694958662
