freq_GHz,S11_dB_simulated_freespace_singleended
1.5,-1.310052792447619
1.5017,-1.3187285222469192
1.5034,-1.3274619174906594
1.5051,-1.3362533316906253
1.5068,-1.3451031208200486
1.5085,-1.3540116433317073
1.5102,-1.3629792601762074
1.5119,-1.372006334820447
1.5136,-1.3810932332662684
1.5153,-1.3902403240693046
1.517,-1.3994479783580087
1.5187,-1.4087165698529076
1.5204,-1.4180464748860446
1.5221,-1.4274380724206193
1.5238,-1.4368917440708826
1.5255,-1.4464078741222244
1.5272000000000001,-1.4559868495514756
1.5289,-1.4656290600474766
1.5306,-1.4753348980318501
1.5323,-1.485104758680049
1.534,-1.494939039942623
1.5357,-1.50483814256676
1.5374,-1.514802470118094
1.5391,-1.5248324290027637
1.5408,-1.534928428489769
1.5425,-1.5450908807336028
1.5442,-1.5553202007971731
1.5459,-1.5656168066750347
1.5476,-1.5759811193169182
1.5493,-1.5864135626515918
1.551,-1.5969145636110387
1.5527,-1.6074845521549643
1.5544,-1.6181239612956755
1.5561,-1.6288332271232902
1.5578,-1.6396127888313272
1.5595,-1.6504630887426632
1.5612,-1.6613845723358862
1.5629,-1.6723776882720616
1.5646,-1.68344288842188
1.5663,-1.694580627893256
1.568,-1.7057913650593535
1.5697,-1.7170755615870692
1.5714,-1.7284336824659778
1.5731,-1.7398661960377682
1.5748,-1.7513735740261482
1.5765,-1.7629562915673025
1.5782,-1.7746148272408304
1.5799,-1.7863496631012812
1.5816,-1.7981612847102024
1.5833,-1.810050181168803
1.585,-1.822016845151205
1.5867,-1.8340617729383093
1.5884,-1.8461854644523157
1.5901,-1.8583884232918904
1.5918,-1.8706711567680259
1.5935,-1.8830341759405989
1.5952,-1.8954779956556855
1.5969,-1.908003134583588
1.5986,-1.9206101152576731
1.6003,-1.9332994641140218
1.602,-1.9460717115318895
1.6037,-1.9589273918750525
1.6054,-1.9718670435340555
1.6071,-1.984891208969345
1.6088,-1.9980004347554046
1.6105,-2.011195271625865
1.6122,-2.024476274519636
1.6139000000000001,-2.037844002628097
1.6156,-2.0512990194434213
1.6173,-2.0648418928079875
1.619,-2.0784731949650217
1.6207,-2.0921935026104213
1.6224,-2.1060033969458747
1.6241,-2.1199034637332916
1.6258,-2.1338942933505605
1.6275,-2.147976480848763
1.6292,-2.1621506260108108
1.6309,-2.1764173334116155
1.6326,-2.19077721247982
1.6343,-2.205230877561166
1.6360000000000001,-2.2197789479835284
1.6377,-2.2344220481237222
1.6394,-2.249160807476105
1.6411,-2.263995860723073
1.6428,-2.2789278478074957
1.6445,-2.2939574140071777
1.6461999999999999,-2.3090852100114265
1.6479,-2.3243118919997925
1.6496,-2.3396381217230573
1.6513,-2.355064566586588
1.653,-2.3705918997361004
1.6547,-2.3862208001459644
1.6564,-2.401951952710119
1.6581000000000001,-2.4177860483357088
1.6598,-2.4337237840395325
1.6615,-2.449765863047457
1.6632,-2.4659129948968133
1.6649,-2.4821658955419945
1.6666,-2.4985252874633295
1.6683,-2.5149918997793397
1.67,-2.531566468362532
1.6717,-2.548249735958895
1.6734,-2.565042452311152
1.6751,-2.5819453742860317
1.6768,-2.5989592660055987
1.6785,-2.6160848989828933
1.6802000000000001,-2.6333230522619977
1.6819,-2.6506745125626754
1.6836,-2.668140074429883
1.6853,-2.685720540388155
1.687,-2.7034167211012394
1.6887,-2.721229435537052
1.6904,-2.7391595111382436
1.6921,-2.757207783998558
1.6938,-2.775375099045203
1.6955,-2.793662310227501
1.6972,-2.8120702807120597
1.6989,-2.830599883084676
1.7006000000000001,-2.849251999559291
1.7023,-2.8680275221942924
1.704,-2.8869273531163415
1.7057,-2.9059524047521657
1.7074,-2.9251036000685326
1.7091,-2.9443818728207756
1.7108,-2.963788167810184
1.7125,-2.983323441150649
1.7142,-3.0029886605448812
1.7159,-3.022784805570616
1.7176,-3.0427128679772
1.7193,-3.062773851992968
1.721,-3.08296877464384
1.7227000000000001,-3.103298666083588
1.7244,-3.1237645699362373
1.7261,-3.1443675436510805
1.7278,-3.1651086588708495
1.7295,-3.1859890018134878
1.7312,-3.2070096736681784
1.7329,-3.228171791006094
1.7346,-3.249476486206534
1.7363,-3.2709249078990306
1.738,-3.2925182214220747
1.7397,-3.3142576092991143
1.7414,-3.3361442717325533
1.7431,-3.358179427116461
1.7448000000000001,-3.380364312568689
1.7465,-3.402700184483274
1.7482,-3.4251883191038863
1.7499,-3.4478300131191286
1.7516,-3.470626584280679
1.7533,-3.49357937204507
1.755,-3.5166897382401534
1.7567,-3.53995906775718
1.7584,-3.5633887692695625
1.7601,-3.5869802759793417
1.7618,-3.6107350463925685
1.7635,-3.6346545651246194
1.7652,-3.65874034373679
1.7669000000000001,-3.6829939216053225
1.7686,-3.7074168668241994
1.7703,-3.732010777143078
1.772,-3.756777280941716
1.7737,-3.7817180382424054
1.7754,-3.806834741761886
1.7771,-3.8321291180043464
1.7788,-3.857602928397121
1.7805,-3.883257970470794
1.7822,-3.9090960790854723
1.7839,-3.935119127705069
1.7856,-3.9613290297214454
1.7873,-3.98772773983046
1.7890000000000001,-4.014317255461894
1.7907,-4.041099618265422
1.7924,-4.068076915654814
1.7941,-4.095251282412588
1.7958,-4.122624902357579
1.7975,-4.150200010077803
1.7992,-4.17797889273112
1.8009,-4.205963891916405
1.8026,-4.2341574056178395
1.8043,-4.262561890225218
1.806,-4.291179862633115
1.8077,-4.320013902421943
1.8094000000000001,-4.349066654123979
1.8111000000000002,-4.378340829577583
1.8128,-4.407839210372925
1.8145,-4.437564650392582
1.8162,-4.467520078450604
1.8179,-4.497708501033594
1.8195999999999999,-4.528133005147623
1.8213,-4.558796761274774
1.823,-4.589703026443283
1.8247,-4.620855147415377
1.8264,-4.652256563996998
1.8281,-4.683910812473641
1.8298,-4.715821529176853
1.8315000000000001,-4.747992454185742
1.8332000000000002,-4.780427435168303
1.8349,-4.813130431367144
1.8366,-4.84610551773457
1.8383,-4.879356889221897
1.84,-4.912888865228054
1.8417,-4.9467058942126485
1.8434,-4.980812558478669
1.8451,-5.015213579130097
1.8468,-5.049913821209931
1.8485,-5.084918299023911
1.8502,-5.120232181655552
1.8519,-5.155860798677971
1.8536000000000001,-5.191809646068133
1.8553,-5.228084392329057
1.857,-5.264690884825621
1.8587,-5.301635156339576
1.8604,-5.338923431849296
1.8621,-5.3765621355397695
1.8638,-5.414557898048372
1.8655,-5.452917563951675
1.8672,-5.491648199498536
1.8689,-5.530757100594642
1.8706,-5.570251801043337
1.8723,-5.610140081047492
1.874,-5.650429975976866
1.8757000000000001,-5.691129785405121
1.8774,-5.732248082420415
1.8791,-5.773793723213075
1.8808,-5.81577585694337
1.8825,-5.858203935892191
1.8842,-5.901087725896625
1.8859,-5.944437317072186
1.8876,-5.988263134822588
1.8893,-6.03257595113742
1.891,-6.077386896177369
1.8927,-6.122707470145792
1.8944,-6.1685495554446135
1.8961000000000001,-6.21492542911168
1.8978000000000002,-6.261847775535624
1.8995,-6.309329699443311
1.9012,-6.357384739153944
1.9029,-6.406026880092467
1.9046,-6.45527056855401
1.9063,-6.505130725709613
1.908,-6.555622761842176
1.9097,-6.606762590800286
1.9114,-6.6585666446559575
1.9131,-6.711051888551066
1.9148,-6.764235835715571
1.9165,-6.818136562639214
1.9182000000000001,-6.872772724376851
1.9199000000000002,-6.928163569965945
1.9216,-6.984328957933485
1.9233,-7.041289371867951
1.925,-7.099065936030609
1.9267,-7.1576804309793385
1.9284,-7.2171553091767215
1.9301,-7.2775137105534675
1.9318,-7.338779477997079
1.9335,-7.400977172735471
1.9352,-7.4641320895846075
1.9369,-7.528270272029424
1.9386,-7.59341852710759
1.9403000000000001,-7.659604440066532
1.9420000000000002,-7.726856388765286
1.9437,-7.795203557794693
1.9454,-7.864675952291823
1.9471,-7.935304411427459
1.9488,-8.007120621549614
1.9505,-8.08015712897046
1.9522,-8.154447352389719
1.9539,-8.230025594954048
1.9556,-8.306927055959797
1.9573,-8.385187842214972
1.959,-8.464844979086553
1.9607,-8.545936421270483
1.9624000000000001,-8.628501063334452
1.9641,-8.71257875009799
1.9658,-8.79821028693007
1.9675,-8.885437450061907
1.9692,-8.974302997032213
1.97,-9.016701421879633
1.9709,-9.064850677402806
1.9726,-9.15712524390578
1.9743,-9.251172464208189
1.976,-9.347039133507106
1.9777,-9.44477308819711
1.9794,-9.544423220883214
1.9811,-9.646039497045614
1.9828000000000001,-9.749672973698276
1.9845000000000002,-9.855375820421132
1.9862,-9.963201343186011
1.9879,-10.073204011438953
1.9896,-10.18543948894671
1.9913,-10.299964668963197
1.993,-10.416837714321936
1.9947,-10.53611810311411
1.9964,-10.657866680668455
1.9981,-10.782145718608723
1.9998,-10.909018981828794
2.0015,-11.03855180429246
2.0032,-11.170811174637727
2.0049,-11.305865832642603
2.0066,-11.443786377693241
2.0083,-11.584645390484978
2.01,-11.72851756928545
2.0117000000000003,-11.875479882196199
2.0134,-12.025611736966153
2.0151,-12.178995170043198
2.0168,-12.33571505669117
2.0185,-12.495859344165048
2.0202,-12.659519310116128
2.0219,-12.826789848604195
2.0236,-12.997769786325133
2.0253,-13.172562231924367
2.027,-13.351274961565123
2.0287,-13.534020844261622
2.0304,-13.720918310875618
2.0321,-13.912091871121737
2.0338000000000003,-14.107672683437347
2.0355,-14.307799183158492
2.0372,-14.512617775119823
2.0389,-14.722283597565662
2.0406,-14.936961365153001
2.0423,-15.156826299845147
2.044,-15.382065159668697
2.0457,-15.612877376650893
2.0474,-15.849476316794227
2.0491,-16.092090676705265
2.0508,-16.34096603349956
2.0525,-16.5963665668786
2.0542,-16.85857697483997
2.0559000000000003,-17.127904607350693
2.0576,-17.40468184548221
2.0593,-17.6892687569556
2.061,-17.98205606268826
2.0627,-18.283468452651974
2.0644,-18.59396829286624
2.0661,-18.914059768242343
2.0678,-19.244293507527534
2.0695,-19.585271735605094
2.0712,-19.937653992987837
2.0729,-20.302163449483754
2.0746,-20.679593813897064
2.0763,-21.07081679659498
2.0780000000000003,-21.476790004601213
2.0797,-21.89856502001579
2.0814,-22.337295200623693
2.0831,-22.794242395852876
2.0848,-23.270781209688195
2.0865,-23.76839853102871
2.0882,-24.288684573123945
2.0899,-24.833309260949076
2.0916,-25.403973900030266
2.0933,-26.002321724678986
2.095,-26.629780713790822
2.0967000000000002,-27.287295865547186
2.0984,-27.974883260699876
2.1001000000000003,-28.690902611371914
2.1018,-29.43090137745876
2.1035,-30.185852237292266
2.1052,-30.939654568332422
2.1069,-31.66606691126198
2.1086,-32.326070216426274
2.1103,-32.86819122978439
2.112,-33.23561288674903
2.1137,-33.38188472916778
2.1154,-33.28933375793089
2.1171,-32.97729521300824
2.1188000000000002,-32.493129603536424
2.1205,-31.893668512530287
2.1222000000000003,-31.22985857502812
2.1239,-30.540053830513195
2.1256,-29.84991625349526
2.1273,-29.175116230289856
2.129,-28.524386255750734
2.1307,-27.901984271156532
2.1324,-27.309423373818028
2.1341,-26.746603345183743
2.1358,-26.212521711360473
2.1375,-25.70570917616607
2.1391999999999998,-25.224490790543044
2.1409000000000002,-24.767139108086084
2.1426,-24.331961189077997
2.1443000000000003,-23.91734546196698
2.146,-23.521784468358685
2.1477,-23.143883325805877
2.1494,-22.782359926620607
2.1511,-22.436040543112775
2.1528,-22.10385306456571
2.1545,-21.7848192008943
2.1562,-21.478046439155914
2.1579,-21.182720201294714
2.1596,-20.898096444451816
2.1612999999999998,-20.623494819352388
2.1630000000000003,-20.358292426990815
2.1647,-20.101918169965494
2.1664000000000003,-19.853847670406132
2.1681,-19.6135987140117
2.1698,-19.380727174544887
2.1715,-19.15482337228433
2.1732,-18.935508821540182
2.1749,-18.722433325266206
2.1766,-18.5152723783296
2.1783,-18.313724844710407
2.18,-18.117510877543886
2.1817,-17.926370054355296
2.1834,-17.740059702998746
2.1851000000000003,-17.558353396674082
2.1868,-17.381039598959365
2.1885,-17.207920442069568
2.1902,-17.0388106235664
2.1919,-16.873536408509157
2.1936,-16.71193472559222
2.1953,-16.55385234717437
2.197,-16.399145144297194
2.1987,-16.247677408832576
2.2004,-16.099321235812305
2.2021,-15.953955959791932
2.2038,-15.811467639801409
2.2055,-15.671748588048814
2.2072000000000003,-15.534696938082192
2.2089,-15.400216248588707
2.2106,-15.268215139424505
2.2123,-15.138606956838426
2.214,-15.011309465172804
2.2157,-14.886244562612148
2.2174,-14.763338018801711
2.2191,-14.642519232381773
2.2208,-14.523721006681132
2.2225,-14.406879341989358
2.2242,-14.291933242983339
2.2259,-14.178824540022896
2.2276,-14.067497723154155
2.2293000000000003,-13.957899787769755
2.231,-13.84998009097481
2.2327,-13.743690217794086
2.2344,-13.638983856437918
2.2361,-13.535816681912829
2.2378,-13.4341462473287
2.2395,-13.333931882310907
2.2412,-13.2351345979779
2.2429,-13.137716997991525
2.2446,-13.041643195229364
2.2463,-12.946878733666718
2.248,-12.853390515090215
2.2497,-12.761146730296426
2.2514000000000003,-12.670116794456977
2.2531,-12.580271286358167
2.2548,-12.491581891244985
2.2565,-12.404021347022844
2.2582,-12.31756339358773
2.2599,-12.232182725074574
2.2616,-12.147854944829115
2.2633,-12.064556522923592
2.265,-11.982264756049933
2.2667,-11.90095772963662
2.2684,-11.820614282046694
2.2701000000000002,-11.741213970724662
2.2718,-11.662737040169823
2.2735000000000003,-11.585164391622033
2.2752,-11.5084775543544
2.2769,-11.43265865847403
2.2786,-11.357690409140046
2.2803,-11.283556062113004
2.282,-11.210239400556702
2.2837,-11.13772471301823
2.2854,-11.065996772517199
2.2871,-10.995040816679682
2.2888,-10.924842528856747
2.2905,-10.855388020171073
2.2922000000000002,-10.786663812439226
2.2939,-10.718656821920264
2.2956000000000003,-10.65135434384433
2.2973,-10.584744037678613
2.299,-10.518813913089264
2.3007,-10.453552316562238
2.3024,-10.388947918646727
2.3041,-10.324989701788049
2.3058,-10.261666948718496
2.3075,-10.198969231376527
2.3092,-10.136886400326706
2.3109,-10.075408574654077
2.3126,-10.014526132308518
2.3143000000000002,-9.954229700875867
2.316,-9.8945101487541
2.3177000000000003,-9.83535857671382
2.3194,-9.776766309824108
2.3211,-9.718724889724829
2.3228,-9.661226067228837
2.3245,-9.604261795237344
2.3262,-9.547824221953261
2.3279,-9.491905684378011
2.3296,-9.436498702078058
2.3313,-9.381595971208206
2.333,-9.327190358779374
2.3347,-9.273274897159302
2.3364000000000003,-9.219842778795172
2.3381,-9.166887351147722
2.3398000000000003,-9.114402111827008
2.3415,-9.062380703920711
2.3432,-9.010816911505586
2.3449,-8.959704655334379
2.3466,-8.909037988689736
2.3483,-8.858811093397755
2.35,-8.809018275994033
2.3517,-8.759653964035365
2.3534,-8.710712702550689
2.3551,-8.662189150625068
2.3568,-8.614078078110976
2.3585000000000003,-8.566374362461243
2.3602,-8.519072985678623
2.3619000000000003,-8.472169031376511
2.3636,-8.425657681946742
2.3653,-8.379534215829121
2.367,-8.333794004879177
2.3687,-8.288432511829374
2.3704,-8.24344528784027
2.3721,-8.198827970137737
2.3738,-8.154576279732707
2.3755,-8.110686019220086
2.3772,-8.067153070653571
2.3789,-8.023973393493343
2.3806000000000003,-7.981143022623578
2.3823,-7.938658066437249
2.3840000000000003,-7.896514704985069
2.3857,-7.854709188186646
2.3874,-7.813237834100736
2.3891,-7.772097027252878
2.3908,-7.731283217017751
2.3925,-7.690792916054329
2.3942,-7.650622698791776
2.3959,-7.610769199964094
2.3976,-7.571229113191679
2.3993,-7.531999189608078
2.401,-7.493076236530123
2.4027000000000003,-7.454457116169884
2.4044,-7.416138744386975
2.4061,-7.378118089479448
2.4078,-7.340392171012193
2.4095,-7.302958058681229
2.4112,-7.265812871212638
2.4129,-7.2289537752949435
2.4146,-7.192377984543668
2.4163,-7.156082758496937
2.418,-7.120065401641017
2.4197,-7.08432326246474
2.4214,-7.048853732541791
2.4231,-7.013654245639866
2.4248000000000003,-6.97872227685575
2.4265,-6.944055341775563
2.4282,-6.909650995658981
2.4299,-6.875506832647018
2.4316,-6.8416204849922435
2.4333,-6.807989622310809
2.435,-6.774611950855576
2.4367,-6.741485212809537
2.4384,-6.708607185598948
2.44,-6.677888396063246
2.4401,-6.675975681225463
2.4418,-6.6435885456166535
2.4435000000000002,-6.611443657994334
2.4452,-6.579538930260065
2.4469000000000003,-6.547872306397303
2.4486,-6.516441761889743
2.4503,-6.485245303155068
2.452,-6.454280966994012
2.4537,-6.423546820053864
2.4554,-6.3930409583061945
2.4571,-6.362761506538303
2.4588,-6.332706617857891
2.4605,-6.302874473210625
2.4622,-6.273263280910172
2.4639,-6.243871276180294
2.4656000000000002,-6.214696720708667
2.4673,-6.185737902212056
2.4690000000000003,-6.156993134012454
2.4707,-6.1284607546240055
2.4724,-6.100139127350117
2.4741,-6.072026639890793
2.4758,-6.044121703959595
2.4775,-6.016422754910106
2.4792,-5.9889282513715685
2.4809,-5.961636674893444
2.4826,-5.934546529598602
2.4843,-5.907656341844941
2.486,-5.880964659895133
2.4877000000000002,-5.854470053594323
2.4894,-5.828171114055514
2.4911000000000003,-5.802066453352392
2.4928,-5.776154704219535
2.4945,-5.750434519759516
2.4962,-5.724904573157009
2.4979,-5.699563557399509
2.4996,-5.674410185004533
2.5013,-5.649443187753143
2.503,-5.624661316429599
2.5047,-5.600063340566971
2.5064,-5.5756480481985635
2.5080999999999998,-5.551414245614966
2.5098000000000003,-5.527360757126592
2.5115,-5.503486424831613
2.5132000000000003,-5.4797901083889675
2.5149,-5.456270684796607
2.5166000000000004,-5.432927048174456
2.5183,-5.409758109552377
2.52,-5.386762796662597
2.5217,-5.363940053736851
2.5234,-5.341288841307817
2.5251,-5.318808136014931
2.5268,-5.296496930414359
2.5285,-5.274354232793063
2.5302,-5.252379066986843
2.5319000000000003,-5.230570472202222
2.5336,-5.208927502842196
2.5353000000000003,-5.187449228335485
2.537,-5.166134732969576
2.5387000000000004,-5.144983115727044
2.5404,-5.1239934901254625
2.5421,-5.103164984060423
2.5438,-5.082496739651967
2.5455,-5.061987913094038
2.5472,-5.0416376745070055
2.5489,-5.0214452077932386
2.5506,-5.001409710495484
2.5523,-4.981530393658175
2.5540000000000003,-4.9618064816913865
2.5557,-4.942237212237614
2.5574000000000003,-4.922821836041001
2.5591,-4.903559616819289
2.5608,-4.884449831138095
2.5625,-4.865491768287732
2.5642,-4.8466847301622895
2.5659,-4.828028031141074
2.5676,-4.809520997972248
2.5693,-4.791162969658674
2.571,-4.772953297345831
2.5727,-4.754891344211826
2.5744,-4.736976485359436
2.5761000000000003,-4.719208107710018
2.5778,-4.701585609899456
2.5795000000000003,-4.684108402175788
2.5812,-4.666775906298812
2.5829,-4.649587555441269
2.5846,-4.6325427940918775
2.5863,-4.615641077959921
2.588,-4.598881873881489
2.5897,-4.582264659727259
2.5914,-4.5657889243118195
2.5931,-4.549454167304427
2.5948,-4.533259899141257
2.5965,-4.517205640938956
2.5982000000000003,-4.501290924409596
2.5999,-4.485515291776972
2.6016000000000004,-4.469878295694004
2.6033,-4.4543794991616075
2.605,-4.4390184754484805
2.6067,-4.423794808012265
2.6084,-4.408708090421666
2.6101,-4.393757926279712
2.6118,-4.378943929148029
2.6135,-4.364265722472108
2.6152,-4.349722939507548
2.6169000000000002,-4.335315223247199
2.6186,-4.321042226349227
2.6203000000000003,-4.3069036110659935
2.622,-4.292899049173819
2.6237000000000004,-4.279028221903445
2.6254,-4.265290819871347
2.6271,-4.251686543011678
2.6288,-4.238215100508979
2.6305,-4.224876210731473
2.6322,-4.2116696011650525
2.6339,-4.198595008347783
2.6356,-4.185652177805023
2.6372999999999998,-4.172840863985072
2.6390000000000002,-4.160160830195244
2.6407,-4.147611848538528
2.6424000000000003,-4.135193699850544
2.6441,-4.122906173637037
2.6458000000000004,-4.110749068011633
2.6475,-4.098722189634037
2.6492,-4.086825353648456
2.6509,-4.075058383622368
2.6526,-4.063421111485546
2.6543,-4.051913377469266
2.656,-4.040535030045755
2.6577,-4.029285925867777
2.6593999999999998,-4.018165929708385
2.6611000000000002,-4.0071749144007605
2.6628,-3.996312760778164
2.6645000000000003,-3.98557935761389
2.6662,-3.9749746015613225
2.6679000000000004,-3.964498397093889
2.6696,-3.954150656445108
2.6713,-3.9439312995484372
2.673,-3.9338402539771655
2.6747,-3.9238774548840967
2.6764,-3.9140428449411435
2.6781,-3.904336374278728
2.6798,-3.894758000424989
2.6814999999999998,-3.8853076882447732
2.6832000000000003,-3.8759854098783624
2.6849,-3.86679114467994
2.6866000000000003,-3.8577248791557084
2.6883,-3.8487866069017427
2.6900000000000004,-3.8399763285413973
2.6917,-3.8312940516624088
2.6934,-3.8227397907535177
2.6951,-3.814313567140688
2.6968,-3.806015408922851
2.6985,-3.7978453509071204
2.7002,-3.7898034345435527
2.7019,-3.781889707859288
2.7036,-3.774104225392167
2.7053000000000003,-3.7664470481237067
2.707,-3.758918243411501
2.7087000000000003,-3.7515178849209025
2.7104,-3.7442460525560795
2.7121000000000004,-3.737102832390332
2.7138,-3.730088316595705
2.7155,-3.723202603371804
2.7172,-3.7164457968738795
2.7189,-3.709818007140053
2.7206,-3.7033193500177437
2.7223,-3.6969499470892093
2.724,-3.6907099255962326
2.7257,-3.6845994183638724
2.7274000000000003,-3.678618563723279
2.7291,-3.6727675054335744
2.7308000000000003,-3.667046392602721
2.7325,-3.661455379607417
2.7342000000000004,-3.655994626011902
2.7359,-3.650664296485787
2.7376,-3.645464560720714
2.7393,-3.6403955933459766
2.741,-3.635457573843009
2.7427,-3.630650686458672
2.7444,-3.625975120117454
2.7461,-3.6214310683323667
2.7478,-3.6170187291147284
2.7495000000000003,-3.612738304882642
2.7512,-3.6085900023682282
2.7529000000000003,-3.604574032523572
2.7546,-3.600690610425392
2.7563000000000004,-3.596939955178339
2.758,-3.593322289816979
2.7597,-3.5898378412064016
2.7614,-3.5864868399414513
2.7631,-3.5832695202445377
2.7648,-3.5801861198620437
2.7665,-3.577236879959262
2.7682,-3.5744220450138977
2.7699,-3.5717418627080946
2.7716000000000003,-3.56919658381893
2.7733,-3.566786462107453
2.7750000000000004,-3.5645117542061335
2.7767,-3.5623727195048365
2.7784,-3.5603696200351687
2.7801,-3.5585027203532986
2.7818,-3.556772287421185
2.7835,-3.5551785904861792
2.7852,-3.55372190095905
2.7869,-3.5524024922903563
2.7886,-3.5512206398451953
2.7903000000000002,-3.5501766207763086
2.792,-3.5492707138955164
2.7937000000000003,-3.548503199543511
2.7954,-3.547874359457937
2.7971000000000004,-3.5473844766398526
2.7988,-3.5470338352184267
2.8005,-3.546822720314002
2.8022,-3.546751417899419
2.8039,-3.5468202146596766
2.8056,-3.5470293978498373
2.8073,-3.547379255151263
2.809,-3.54787007452612
2.8107,-3.5485021440701665
2.8124000000000002,-3.5492757518638607
2.8141,-3.550191185821729
2.8158000000000003,-3.5512487335400165
2.8175,-3.5524486821426886
2.8192000000000004,-3.5537913181256804
2.8209,-3.55527692719948
2.8226,-3.5569057941300173
2.8243,-3.5586782025778922
2.826,-3.5605944349359038
2.8277,-3.5626547721649766
2.8294,-3.5648594936283717
2.8311,-3.567208876924351
2.8328,-3.569703197717154
2.8345000000000002,-3.5723427295664294
2.8362,-3.5751277437550417
2.8379000000000003,-3.5780585091153556
2.8396,-3.5811352918539727
2.8413000000000004,-3.5843583553749254
2.843,-3.5877279601014145
2.8447,-3.5912443632960542
2.8464,-3.59490781887968
2.8481,-3.598718577248772
2.8498,-3.6026768850914714
2.8515,-3.60678298520226
2.8532,-3.6110371162953188
2.8548999999999998,-3.615439512816647
2.8566000000000003,-3.61999040475492
2.8583,-3.624690017451111
2.8600000000000003,-3.6295385714070734
2.8617,-3.6345362820929026
2.8634000000000004,-3.639683359753284
2.8651,-3.6449800092128526
2.8668,-3.6504264296805715
2.8685,-3.6560228145531815
2.8702,-3.66176935121786
2.8719,-3.667666220854051
2.8736,-3.6737135982345865
2.8753,-3.6799116515261083
2.877,-3.6862605420889722
2.8787000000000003,-3.6927604242765537
2.8804,-3.699411445234154
2.8821000000000003,-3.706213744697451
2.8838,-3.713167454790762
2.8855000000000004,-3.720272699825027
2.8872,-3.7275295960956507
2.8889,-3.734938251680319
2.8906,-3.7424987662368814
2.8923,-3.7502112308013986
2.894,-3.7580757275863093
2.8957,-3.7660923297791378
2.8974,-3.7742611013414713
2.8991,-3.782582096808642
2.9008000000000003,-3.791055361090022
2.9025,-3.7996809292700595
2.9042000000000003,-3.8084588264103774
2.9059,-3.8173890673528055
2.9076000000000004,-3.8264716565236063
2.9093,-3.835706587739098
2.911,-3.845093844012591
2.9127,-3.8546333973631217
2.9144,-3.8643252086257367
2.9161,-3.8741692272638852
2.9178,-3.884165391183707
2.9195,-3.894313626550749
2.9212,-3.904613847608909
2.9229000000000003,-3.915065956502227
2.9246,-3.9256698430991364
2.9263000000000003,-3.936425384820054
2.928,-3.94733244646787
2.9297000000000004,-3.9583908800620016
2.9314,-3.969600524675911
2.9331,-3.9809612062786077
2.9348,-3.9924727375800466
2.9365,-4.004134917880923
2.9382,-4.015947532926948
2.9399,-4.027910354767935
2.9416,-4.0400231416219095
2.9433,-4.052285637744576
2.9450000000000003,-4.064697573304378
2.9467,-4.077258664263372
2.9484000000000004,-4.0899686122644
2.9501,-4.102827104524666
2.9518000000000004,-4.115833813736198
2.9535,-4.128988397973371
2.9552,-4.142290500607989
2.9569,-4.155739750232127
2.9586,-4.169335760589241
2.9603,-4.183078130513774
2.962,-4.1969664438797825
2.9637000000000002,-4.211000269558852
2.9654,-4.225179161387833
2.9671000000000003,-4.239502658146716
2.9688,-4.253970283547151
2.9705000000000004,-4.2685815462320615
2.9722,-4.283335939786751
2.9739000000000004,-4.298232942762074
2.9756,-4.313272018710063
2.9773,-4.328452616232644
2.979,-4.343774169043819
2.9807,-4.359236096045964
2.9824,-4.3748378014207665
2.9841,-4.390578674735337
2.9858000000000002,-4.406458091064121
2.9875,-4.422475411127181
2.9892000000000003,-4.438629981445515
2.9909,-4.4549211345139685
2.9926000000000004,-4.471348188992477
2.9943,-4.487910449916192
2.996,-4.504607208925358
2.9977,-4.5214377445154
2.9994,-4.538401322308189
3.0011,-4.555497195344962
3.0028,-4.5727246044019
3.0045,-4.590082778328934
3.0062,-4.60757093441273
3.0079000000000002,-4.625188278764335
3.0096,-4.642934006732932
3.0113000000000003,-4.660807303345591
3.013,-4.678807343774875
3.0147000000000004,-4.696933293834355
3.0164,-4.715184310503415
3.0181,-4.733559542481816
3.0198,-4.752058130775389
3.0215,-4.770679209313371
3.0232,-4.789421905598318
3.0249,-4.808285341389857
3.0266,-4.827268633422754
3.0283,-4.846370894160673
3.0300000000000002,-4.865591232586078
3.0317,-4.884928755027703
3.0334000000000003,-4.904382566026076
3.0351,-4.9239517692385
3.0368000000000004,-4.943635468383905
3.0385,-4.963432768228916
3.0402,-4.9833427756158875
3.0419,-5.0033646005336845
3.0436,-5.023497357232087
3.0453,-5.043740165381331
3.047,-5.064092151276082
3.0487,-5.084552449086837
3.0504000000000002,-5.105120202157011
3.0521000000000003,-5.125794564349018
3.0538,-5.146574701437668
3.0555000000000003,-5.1674597925534265
3.0572,-5.188449031674596
3.0589000000000004,-5.2095416291704355
3.0606,-5.230736813394107
3.0623,-5.252033832327319
3.064,-5.273431955275958
3.0657,-5.294930474617149
3.0674,-5.316528707598578
3.0691,-5.338225998188823
3.0708,-5.360021718980098
3.0725,-5.381915273141738
3.0742000000000003,-5.403906096425635
3.0759,-5.4259936592215166
3.0776000000000003,-5.448177468663397
3.0793,-5.470457070784319
3.0810000000000004,-5.492832052720287
3.0827,-5.51530204496154
3.0844,-5.5378667236499375
3.0861,-5.5605258129203605
3.0878,-5.583279087286335
3.0895,-5.606126374065644
3.0912,-5.629067555846015
3.0929,-5.652102572986176
3.0946,-5.675231426152499
3.0963000000000003,-5.69845417888587
3.098,-5.721770960196819
3.0997000000000003,-5.745181967185945
3.1014,-5.7686874676843
3.1031000000000004,-5.792287802912263
3.1048,-5.815983390149551
3.1065,-5.839774725414353
3.1082,-5.863662386145499
3.1099,-5.8876470338821605
3.1116,-5.911729416935536
3.1133,-5.935910373047292
3.115,-5.960190832027528
3.1167,-5.984571818365816
3.1184000000000003,-6.0090544538085275
3.1201,-6.033639959894188
3.1218000000000004,-6.058329660440265
3.1235,-6.083124983972107
3.1252000000000004,-6.108027466086518
3.1269,-6.133038751739102
3.1286,-6.158160597449516
3.1303,-6.183394873411331
3.132,-6.208743565499104
3.1337,-6.234208777161569
3.1354,-6.259792731189976
3.1371,-6.285497771352272
3.1388,-6.311326363879689
3.1405000000000003,-6.337281098797214
3.1422,-6.363364691083704
3.1439000000000004,-6.389579981652841
3.1456,-6.415929938140153
3.1473000000000004,-6.442417655486299
3.149,-6.469046356304945
3.1507,-6.495819391021021
3.1524,-6.522740237769277
3.1541,-6.549812502041914
3.1558,-6.577039916071433
3.1575,-6.604426337938685
3.1592000000000002,-6.63197575039581
3.1609,-6.659692259390447
3.1626000000000003,-6.687580092284123
3.1643,-6.715643595751853
3.1660000000000004,-6.7438872333564595
3.1677,-6.772315582785438
3.1694000000000004,-6.8009333327459025
3.1711,-6.829745279506851
3.1728,-6.85875632308531
3.1745,-6.887971463068224
3.1762,-6.917395794067554
3.1779,-6.947034500803451
3.1796,-6.976892852814689
3.1813000000000002,-7.0069761987937405
3.183,-7.037289960547968
3.1847000000000003,-7.0678396265876255
3.1864,-7.098630745343948
3.1881000000000004,-7.129668918021941
3.1898,-7.160959791093047
3.1915000000000004,-7.192509048436266
3.1932,-7.224322403135855
3.1949,-7.256405588947001
3.1966,-7.288764351441613
3.1983,-7.321404438848118
3.2,-7.35433159260129
