freq_GHz_measured,S11_dB_measured,freq_GHz_sim,S11_dB_sim_freespace,S11_dB_sim_onbody
0.07209700000000001,-0.02474071830511093,1.5,-1.310052792447619,-2.861680505653224
0.09609600000000001,-0.002189667895436287,1.5017,-1.3187285222469192,-2.8831207860149517
0.12009500000000002,-0.025047045201063156,1.5034,-1.3274619174906594,-2.904729248532072
0.144094,-0.07867898046970367,1.5051,-1.3362533316906253,-2.926507399751102
0.16809300000000002,-0.053384341299533844,1.5068,-1.3451031208200486,-2.9484567677008338
0.192092,-0.05244596302509308,1.5085,-1.3540116433317073,-2.970578902408965
0.216091,-0.07127539068460464,1.5102,-1.3629792601762074,-2.9928753764343585
0.24009000000000003,-0.07364276051521301,1.5119,-1.372006334820447,-3.015347785415588
0.264089,-0.05551128089427948,1.5136,-1.3810932332662684,-3.037997748636068
0.288088,-0.08056831359863281,1.5153,-1.3902403240693046,-3.060826909606369
0.312087,-0.07687568664550781,1.517,-1.3994479783580087,-3.0838369366641687
0.33608600000000005,-0.08643293380737305,1.5187,-1.4087165698529076,-3.107029523592393
0.36008500000000004,-0.058962345123291016,1.5204,-1.4180464748860446,-3.13040639025595
0.38408400000000004,-0.0900193452835083,1.5221,-1.4274380724206193,-3.1539692832577466
0.40808300000000003,-0.11590148508548737,1.5238,-1.4368917440708826,-3.1777199766143935
0.432082,-0.11051025986671448,1.5255,-1.4464078741222244,-3.2016602724522043
0.45608100000000007,-0.14093033969402313,1.5272000000000001,-1.4559868495514756,-3.2257920017240105
0.48008000000000006,-0.15006829798221588,1.5289,-1.4656290600474766,-3.2501170249474276
0.504079,-0.19152072072029114,1.5306,-1.4753348980318501,-3.274637232965048
0.528078,-0.18328028917312622,1.5323,-1.485104758680049,-3.2993545477271717
0.552077,-0.21466359496116638,1.534,-1.494939039942623,-3.3242709230977203
0.576076,-0.21584871411323547,1.5357,-1.50483814256676,-3.349388345683856
0.600075,-0.2673038840293884,1.5374,-1.514802470118094,-3.3747088356899066
0.624074,-0.3400682210922241,1.5391,-1.5248324290027637,-3.400234447796255
0.6480730000000001,-0.32368171215057373,1.5408,-1.534928428489769,-3.4259672720637497
0.6720720000000001,-0.37731102108955383,1.5425,-1.5450908807336028,-3.451909434864235
0.6960710000000001,-0.4346503019332886,1.5442,-1.5553202007971731,-3.478063099837878
0.7200700000000001,-0.4964205026626587,1.5459,-1.5656168066750347,-3.504430468877833
0.7440690000000001,-0.5357043743133545,1.5476,-1.5759811193169182,-3.531013783142902
0.7680680000000001,-0.5437114238739014,1.5493,-1.5864135626515918,-3.557815324098751
0.7920670000000001,-0.5382041931152344,1.551,-1.5969145636110387,-3.5848374145883906
0.8160660000000001,-0.5427743196487427,1.5527,-1.6074845521549643,-3.612082419932313
0.8400650000000001,-0.5171263217926025,1.5544,-1.6181239612956755,-3.63955274905917
0.864064,-0.5369210243225098,1.5561,-1.6288332271232902,-3.667250855667274
0.888063,-0.5900197625160217,1.5578,-1.6396127888313272,-3.69517923941772
0.9120620000000002,-0.6964079141616821,1.5595,-1.6504630887426632,-3.723340447159556
0.9360610000000001,-0.8214988708496094,1.5612,-1.6613845723358862,-3.751737074187571
0.9600600000000001,-0.9557634592056274,1.5629,-1.6723776882720616,-3.7803717655332862
0.9840590000000001,-1.0363600254058838,1.5646,-1.68344288842188,-3.8092472172894802
1.0080580000000001,-1.07906174659729,1.5663,-1.694580627893256,-3.838366177968939
1.0320570000000002,-1.1845837831497192,1.568,-1.7057913650593535,-3.867731449897673
1.056056,-1.2085189819335938,1.5697,-1.7170755615870692,-3.8973458906431215
1.0800550000000002,-1.2602715492248535,1.5714,-1.7284336824659778,-3.927212414477694
1.104054,-1.2681363821029663,1.5731,-1.7398661960377682,-3.957333993877964
1.1280530000000002,-1.4266465902328491,1.5748,-1.7513735740261482,-3.9877136610597574
1.152052,-1.6122193336486816,1.5765,-1.7629562915673025,-4.018354509549465
1.1760510000000002,-1.8522330522537231,1.5782,-1.7746148272408304,-4.049259695791675
1.20005,-2.0000312328338623,1.5799,-1.7863496631012812,-4.08043244079323
1.2240490000000002,-2.006455183029175,1.5816,-1.7981612847102024,-4.111876031803835
1.248048,-1.8169726133346558,1.5833,-1.810050181168803,-4.14359382403312
1.2720470000000001,-1.5982820987701416,1.585,-1.822016845151205,-4.175589242403999
1.2960460000000003,-1.3995838165283203,1.5867,-1.8340617729383093,-4.2078657833423065
1.3200450000000001,-1.453180193901062,1.5884,-1.8461854644523157,-4.240427016602205
1.3440440000000002,-1.539090633392334,1.5901,-1.8583884232918904,-4.27327658712712
1.3680430000000001,-1.7888081073760986,1.5918,-1.8706711567680259,-4.306418216945634
1.3920420000000002,-1.8956166505813599,1.5935,-1.8830341759405989,-4.339855707101706
1.416041,-1.946958303451538,1.5952,-1.8954779956556855,-4.373592939618534
1.4400400000000002,-1.9120582342147827,1.5969,-1.908003134583588,-4.407633879495039
1.464039,-1.9776809215545654,1.5986,-1.9206101152576731,-4.441982576734083
1.4880380000000002,-2.2176854610443115,1.6003,-1.9332994641140218,-4.476643168401107
1.512037,-2.0165367126464844,1.602,-1.9460717115318895,-4.511619880711844
1.5360360000000002,-1.7929966449737549,1.6037,-1.9589273918750525,-4.546917031147671
1.5600350000000003,-1.8185760974884033,1.6054,-1.9718670435340555,-4.582539030596621
1.5840340000000002,-1.8219720125198364,1.6071,-1.984891208969345,-4.6184903855184025
1.6080330000000003,-1.9008054733276367,1.6088,-1.9980004347554046,-4.654775700131001
1.6320320000000001,-1.9749391078948975,1.6105,-2.011195271625865,-4.691399678616666
1.6560310000000003,-2.2467031478881836,1.6122,-2.024476274519636,-4.728367127344532
1.6800300000000001,-2.5924036502838135,1.6139000000000001,-2.037844002628097,-4.765682957107032
1.7040290000000002,-2.6279356479644775,1.6156,-2.0512990194434213,-4.803352185366909
1.7280280000000001,-2.676297426223755,1.6173,-2.0648418928079875,-4.841379938511471
1.7520270000000002,-2.7627005577087402,1.619,-2.0784731949650217,-4.87977145411011
1.776026,-2.8427882194519043,1.6207,-2.0921935026104213,-4.9185320831713435
1.8000250000000002,-2.9078409671783447,1.6224,-2.1060033969458747,-4.957667292394696
1.8240240000000003,-3.0337443351745605,1.6241,-2.1199034637332916,-4.997182666412846
1.8480230000000002,-3.0419528484344482,1.6258,-2.1338942933505605,-5.037083910018846
1.8720220000000003,-3.0968706607818604,1.6275,-2.147976480848763,-5.077376850373032
1.8960210000000002,-3.1063969135284424,1.6292,-2.1621506260108108,-5.118067439183599
1.9200200000000003,-3.2872328758239746,1.6309,-2.1764173334116155,-5.15916175485473
1.9440190000000002,-3.6190805435180664,1.6326,-2.19077721247982,-5.200666004595459
1.9680180000000003,-3.984806537628174,1.6343,-2.205230877561166,-5.242586526482151
1.9920170000000001,-4.468845844268799,1.6360000000000001,-2.2197789479835284,-5.284929791467112
2.0160160000000005,-5.148562431335449,1.6377,-2.2344220481237222,-5.327702405325045
2.0400150000000004,-5.818622589111328,1.6394,-2.249160807476105,-5.370911110529112
2.0640140000000007,-6.309737682342529,1.6411,-2.263995860723073,-5.4145627880473315
2.0880130000000006,-6.6144208908081055,1.6428,-2.2789278478074957,-5.4586644590499525
2.1120120000000004,-6.781859397888184,1.6445,-2.2939574140071777,-5.503223286517684
2.1360110000000003,-6.856503009796143,1.6461999999999999,-2.3090852100114265,-5.54824657674033
2.1600100000000007,-6.6368255615234375,1.6479,-2.3243118919997925,-5.593741780694696
2.1840090000000005,-6.346080780029297,1.6496,-2.3396381217230573,-5.639716495290102
2.2080080000000004,-6.317236423492432,1.6513,-2.355064566586588,-5.686178464469609
2.2320070000000003,-6.23723030090332,1.653,-2.3705918997361004,-5.733135580154026
2.2560060000000006,-6.4521379470825195,1.6547,-2.3862208001459644,-5.780595883015744
2.2800050000000005,-6.891233444213867,1.6564,-2.401951952710119,-5.828567563068519
2.3040040000000004,-7.422070503234863,1.6581000000000001,-2.4177860483357088,-5.877058960059026
2.3280030000000007,-7.943320274353027,1.6598,-2.4337237840395325,-5.926078563645563
2.3520020000000006,-8.37222957611084,1.6615,-2.449765863047457,-5.975635013348491
2.3760010000000005,-8.723393440246582,1.6632,-2.4659129948968133,-6.025737098256792
2.4000000000000004,-8.877113342285156,1.6649,-2.4821658955419945,-6.076393756474579
2.4239990000000007,-8.956032752990723,1.6666,-2.4985252874633295,-6.127614074291
2.4479980000000006,-9.146135330200195,1.6683,-2.5149918997793397,-6.179407285056408
2.4719970000000004,-9.403817176818848,1.67,-2.531566468362532,-6.231782767747558
2.4959960000000003,-9.500351905822754,1.6717,-2.548249735958895,-6.284750045203976
2.5199950000000007,-9.366326332092285,1.6734,-2.565042452311152,-6.338318782017632
2.5439940000000005,-9.290948867797852,1.6751,-2.5819453742860317,-6.392498782057531
2.5679930000000004,-9.300427436828613,1.6768,-2.5989592660055987,-6.447299985610783
2.5919920000000007,-9.562568664550781,1.6785,-2.6160848989828933,-6.502732466121566
2.6159910000000006,-10.2337007522583,1.6802000000000001,-2.6333230522619977,-6.558806426509214
2.6399900000000005,-10.284858703613281,1.6819,-2.6506745125626754,-6.615532195046642
2.6639890000000004,-9.511054039001465,1.6836,-2.668140074429883,-6.672920220780498
2.6879880000000007,-8.450185775756836,1.6853,-2.685720540388155,-6.730981068474221
2.7119870000000006,-7.354770183563232,1.687,-2.7034167211012394,-6.7897254130556925
2.7359860000000005,-6.62800931930542,1.6887,-2.721229435537052,-6.849164033551136
2.7599850000000004,-6.200567722320557,1.6904,-2.7391595111382436,-6.909307806487361
2.7839840000000007,-6.007497787475586,1.6921,-2.757207783998558,-6.970167698744792
2.8079830000000006,-5.905091285705566,1.6938,-2.775375099045203,-7.031754759844083
2.8319820000000004,-5.990614414215088,1.6955,-2.793662310227501,-7.094080113649902
2.8559810000000008,-6.027805805206299,1.6972,-2.8120702807120597,-7.157154949475685
2.8799800000000007,-6.285165786743164,1.6989,-2.830599883084676,-7.220990512574103
2.9039790000000005,-6.475725173950195,1.7006000000000001,-2.849251999559291,-7.285598093998619
2.9279780000000004,-6.48536491394043,1.7023,-2.8680275221942924,-7.350989019822177
2.9519770000000007,-6.28840446472168,1.704,-2.8869273531163415,-7.4171746397000735
2.9759760000000006,-5.932793617248535,1.7057,-2.9059524047521657,-7.4841663147646065
2.9999750000000005,-5.68361759185791,1.7074,-2.9251036000685326,-7.551975404840371
3.0239740000000004,-5.361821174621582,1.7091,-2.9443818728207756,-7.620613254969508
3.0479730000000007,-5.0874342918396,1.7108,-2.963788167810184,-7.690091181237442
3.0719720000000006,-4.787224769592285,1.7125,-2.983323441150649,-7.760420455890222
3.0959710000000005,-4.626302242279053,1.7142,-3.0029886605448812,-7.8316122917355635
3.119970000000001,-4.545439720153809,1.7159,-3.022784805570616,-7.903677825820213
3.1439690000000007,-4.454554557800293,1.7176,-3.0427128679772,-7.976628102377158
3.1679680000000006,-4.423036098480225,1.7193,-3.062773851992968,-8.050474055036442
3.1919670000000004,-4.492486476898193,1.721,-3.08296877464384,-8.125226488293823
3.2159660000000008,-4.640255451202393,1.7227000000000001,-3.103298666083588,-8.200896058231752
3.2399650000000007,-4.7145795822143555,1.7244,-3.1237645699362373,-8.277493252486943
3.2639640000000005,-4.757925033569336,1.7261,-3.1443675436510805,-8.35502836945868
3.2879630000000004,-4.741762161254883,1.7278,-3.1651086588708495,-8.433511496751166
3.3119620000000007,-4.580728054046631,1.7295,-3.1859890018134878,-8.512952488842735
3.3359610000000006,-4.473052501678467,1.7312,-3.2070096736681784,-8.593360943972923
3.3599600000000005,-4.399079322814941,1.7329,-3.228171791006094,-8.674746180237069
3.383959000000001,-4.31859016418457,1.7346,-3.249476486206534,-8.75711721087583
3.4079580000000007,-4.335395336151123,1.7363,-3.2709249078990306,-8.840482718744394
3.4319570000000006,-4.305399417877197,1.738,-3.2925182214220747,-8.924851029942646
3.4559560000000005,-4.301078796386719,1.7397,-3.3142576092991143,-9.010230086584448
3.479955000000001,-4.110036849975586,1.7414,-3.3361442717325533,-9.096627418678992
3.5039540000000007,-3.7683799266815186,1.7431,-3.358179427116461,-9.184050115092644
3.5279530000000006,-3.5836408138275146,1.7448000000000001,-3.380364312568689,-9.272504793553697
3.5519520000000004,-3.463974714279175,1.7465,-3.402700184483274,-9.361997569655978
3.5759510000000008,-3.399339199066162,1.7482,-3.4251883191038863,-9.452534024810008
3.5999500000000006,-3.191826820373535,1.7499,-3.4478300131191286,-9.544119173082183
3.6239490000000005,-3.090118408203125,1.7516,-3.470626584280679,-9.636757426853862
3.647948000000001,-2.9154415130615234,1.7533,-3.49357937204507,-9.73045256122219
3.6719470000000007,-2.828360080718994,1.755,-3.5166897382401534,-9.825207677054165
3.6959460000000006,-2.6583826541900635,1.7567,-3.53995906775718,-9.921025162594125
3.7199450000000005,-2.531740427017212,1.7584,-3.5633887692695625,-10.017906653512284
3.743944000000001,-2.426964282989502,1.7601,-3.5869802759793417,-10.115852991269579
3.7679430000000007,-2.298999309539795,1.7618,-3.6107350463925685,-10.21486417965983
3.7919420000000006,-2.1875336170196533,1.7635,-3.6346545651246194,-10.31493933937603
3.8159410000000005,-2.0705862045288086,1.7652,-3.65874034373679,-10.416076660432566
3.839940000000001,-1.9563531875610352,1.7669000000000001,-3.6829939216053225,-10.51827335225951
3.8639390000000007,-1.8564188480377197,1.7686,-3.7074168668241994,-10.621525591269132
3.8879380000000006,-1.7815791368484497,1.7703,-3.732010777143078,-10.725828465678573
3.911937000000001,-1.732374668121338,1.772,-3.756777280941716,-10.831175917355967
3.9359360000000008,-1.661035418510437,1.7737,-3.7817180382424054,-10.937560680441285
3.9599350000000006,-1.6214618682861328,1.7754,-3.806834741761886,-11.044974216476875
3.9839340000000005,-1.586488962173462,1.7771,-3.8321291180043464,-11.153406645767213
4.007933,-1.5563699007034302,1.7788,-3.857602928397121,-11.262846674673025
4.031932,-1.596039891242981,1.7805,-3.883257970470794,-11.373281518531185
4.055931,-1.5938730239868164,1.7822,-3.9090960790854723,-11.484696819880726
4.07993,-1.595597505569458,1.7839,-3.935119127705069,-11.597076561665418
4.103929,-1.5862746238708496,1.7856,-3.9613290297214454,-11.710402975076805
4.127928000000001,-1.5999629497528076,1.7873,-3.98772773983046,-11.824656441698433
4.151927000000001,-1.6284641027450562,1.7890000000000001,-4.014317255461894,-11.939815389612685
4.1759260000000005,-1.6295866966247559,1.7907,-4.041099618265422,-12.055856183137642
4.199925,-1.631728172302246,1.7924,-4.068076915654814,-12.17275300587312
4.223924,-1.6679412126541138,1.7941,-4.095251282412588,-12.290477736753685
4.247923,-1.6888935565948486,1.7958,-4.122624902357579,-12.408999818833912
4.271922,-1.7044177055358887,1.7975,-4.150200010077803,-12.528286120567333
4.295921,-1.6763834953308105,1.7992,-4.17797889273112,-12.648300789388331
4.319920000000001,-1.6641957759857178,1.8009,-4.205963891916405,-12.705019387549221
4.3439190000000005,-1.8285530805587769,1.8026,-4.2341574056178395,-12.769005097466792
4.367918,-1.8100273609161377,1.8043,-4.262561890225218,-12.890357279579732
4.391917,-1.820741891860962,1.806,-4.291179862633115,-13.012312363135978
4.415916,-1.9388197660446167,1.8077,-4.320013902421943,-13.134821990499262
4.439915,-1.9930572509765625,1.8094000000000001,-4.349066654123979,-13.25783423388579
4.463914,-2.0720205307006836,1.8111000000000002,-4.378340829577583,-13.381293403265849
4.487913000000001,-2.111360788345337,1.8128,-4.407839210372925,-13.505139847877492
4.511912000000001,-2.2219905853271484,1.8145,-4.437564650392582,-13.629309752166968
4.5359110000000005,-2.2525382041931152,1.8162,-4.467520078450604,-13.753734927206583
4.55991,-2.2850146293640137,1.8179,-4.497708501033594,-13.878342598908342
4.583909,-2.356276512145996,1.8195999999999999,-4.528133005147623,-14.003055194653806
4.607908,-2.3902852535247803,1.8213,-4.558796761274774,-14.127790130295985
4.631907,-2.38183331489563,1.823,-4.589703026443283,-14.252459599861016
4.655906000000001,-2.419049024581909,1.8247,-4.620855147415377,-14.376970370682852
4.679905000000001,-2.4697089195251465,1.8264,-4.652256563996998,-14.501223587144175
4.7039040000000005,-2.531291961669922,1.8281,-4.683910812473641,-14.625114586665454
4.727903,-2.602165937423706,1.8298,-4.715821529176853,-14.748532732079202
4.751902,-2.639878034591675,1.8315000000000001,-4.747992454185742,-14.871361265038841
4.775901,-2.6405296325683594,1.8332000000000002,-4.780427435168303,-14.993477185633292
4.7999,-2.691016674041748,1.8349,-4.813130431367144,-15.114751163895516
,,1.8366,-4.84610551773457,-15.235047489390727
,,1.8383,-4.879356889221897,-15.354224065528992
,,1.84,-4.912888865228054,-15.472132455642704
,,1.8417,-4.9467058942126485,-15.588617988178164
,,1.8434,-4.980812558478669,-15.703519928538789
,,1.8451,-5.015213579130097,-15.816671725155063
,,1.8468,-5.049913821209931,-15.927901337205359
,,1.8485,-5.084918299023911,-16.037031651038273
,,1.8502,-5.120232181655552,-16.14388099171236
,,1.8519,-5.155860798677971,-16.248263735142768
,,1.8536000000000001,-5.191809646068133,-16.349991025095697
,,1.8553,-5.228084392329057,-16.448871597682913
,,1.857,-5.264690884825621,-16.54471271406906
,,1.8587,-5.301635156339576,-16.63732119982118
,,1.8604,-5.338923431849296,-16.72650458672537
,,1.8621,-5.3765621355397695,-16.812072350013352
,,1.8638,-5.414557898048372,-16.893837230848085
,,1.8655,-5.452917563951675,-16.97161663070011
,,1.8672,-5.491648199498536,-17.04523406101728
,,1.8689,-5.530757100594642,-17.11452062847805
,,1.8706,-5.570251801043337,-17.179316533269958
,,1.8723,-5.610140081047492,-17.239472555400617
,,1.874,-5.650429975976866,-17.294851502183977
,,1.8757000000000001,-5.691129785405121,-17.345329588889587
,,1.8774,-5.732248082420415,-17.390797724219933
,,1.8791,-5.773793723213075,-17.431162672879672
,,1.8808,-5.81577585694337,-17.46634806906902
,,1.8825,-5.858203935892191,-17.496295257272468
,,1.8842,-5.901087725896625,-17.52096394017104
,,1.8859,-5.944437317072186,-17.540332617775974
,,1.8876,-5.988263134822588,-17.554398806810898
,,1.8893,-6.03257595113742,-17.563179034761962
,,1.891,-6.077386896177369,-17.566708608647605
,,1.8927,-6.122707470145792,-17.56504116418997
,,1.8944,-6.1685495554446135,-17.558248006459326
,,1.8961000000000001,-6.21492542911168,-17.546417257986352
,,1.8978000000000002,-6.261847775535624,-17.529652834599563
,,1.8995,-6.309329699443311,-17.50807327269365
,,1.9012,-6.357384739153944,-17.481810434163698
,,1.9029,-6.406026880092467,-17.473215433946546
,,1.9046,-6.45527056855401,-17.451008116799137
,,1.9063,-6.505130725709613,-17.415820598520188
,,1.908,-6.555622761842176,-17.37641114350732
,,1.9097,-6.606762590800286,-17.33295049711138
,,1.9114,-6.6585666446559575,-17.285615394559485
,,1.9131,-6.711051888551066,-17.23458710603173
,,1.9148,-6.764235835715571,-17.18005003783008
,,1.9165,-6.818136562639214,-17.12219040624467
,,1.9182000000000001,-6.872772724376851,-17.061194997491025
,,1.9199000000000002,-6.928163569965945,-16.997250023872507
,,1.9216,-6.984328957933485,-16.930540083227775
,,1.9233,-7.041289371867951,-16.86124722584032
,,1.925,-7.099065936030609,-16.789550130382473
,,1.9267,-7.1576804309793385,-16.71562338818273
,,1.9284,-7.2171553091767215,-16.639636893166195
,,1.9301,-7.2775137105534675,-16.5617553332279
,,1.9318,-7.338779477997079,-16.482137777550705
,,1.9335,-7.400977172735471,-16.400937353450907
,,1.9352,-7.4641320895846075,-16.318301005699556
,,1.9369,-7.528270272029424,-16.23436933089096
,,1.9386,-7.59341852710759,-16.149276479277376
,,1.9403000000000001,-7.659604440066532,-16.0631501165229
,,1.9420000000000002,-7.726856388765286,-15.976111438015279
,,1.9437,-7.795203557794693,-15.888275228678886
,,1.9454,-7.864675952291823,-15.799749961624432
,,1.9471,-7.935304411427459,-15.710637929425681
,,1.9488,-8.007120621549614,-15.621035402306486
,,1.9505,-8.08015712897046,-15.531032808034684
,,1.9522,-8.154447352389719,-15.44071492883586
,,1.9539,-8.230025594954048,-15.350161111148905
,,1.9556,-8.306927055959797,-15.259445484535021
,,1.9573,-8.385187842214972,-15.168637186517554
,,1.959,-8.464844979086553,-15.077800590564932
,,1.9607,-8.545936421270483,-14.986995534831586
,,1.9624000000000001,-8.628501063334452,-14.896277549639489
,,1.9641,-8.71257875009799,-14.805698082016093
,,1.9658,-8.79821028693007,-14.715304715902999
,,1.9675,-8.885437450061907,-14.62514138691548
,,1.9692,-8.974302997032213,-14.535248590767173
,,1.97,-9.016701421879633,-14.445663584679249
,,1.9709,-9.064850677402806,-14.356420581271074
,,1.9726,-9.15712524390578,-14.267550934582571
,,1.9743,-9.251172464208189,-14.179083318008907
,,1.976,-9.347039133507106,-14.091043894038695
,,1.9777,-9.44477308819711,-14.003456475779245
,,1.9794,-9.544423220883214,-13.916342680328864
,,1.9811,-9.646039497045614,-13.829722074118827
,,1.9828000000000001,-9.749672973698276,-13.743612310398035
,,1.9845000000000002,-9.855375820421132,-13.65802925907284
,,1.9862,-9.963201343186011,-13.57298712914551
,,1.9879,-10.073204011438953,-13.488498584017318
,,1.9896,-10.18543948894671,-13.404574849938516
,,1.9913,-10.299964668963197,-13.321225817898219
,,1.993,-10.416837714321936,-13.238460139252759
,,1.9947,-10.53611810311411,-13.156285315393369
,,1.9964,-10.657866680668455,-13.07470778175288
,,1.9981,-10.782145718608723,-12.993732986447073
,,1.9998,-10.909018981828794,-12.91336546384093
,,2.0015,-11.03855180429246,-12.833608903322114
,,2.0032,-11.170811174637727,-12.824266088197692
,,2.0049,-11.305865832642603,-12.7544662135555
,,2.0066,-11.443786377693241,-12.67593958248307
,,2.0083,-11.584645390484978,-12.598030533322696
,,2.01,-11.72851756928545,-12.520739976809011
,,2.0117000000000003,-11.875479882196199,-12.444068259908093
,,2.0134,-12.025611736966153,-12.368015211226641
,,2.0151,-12.178995170043198,-12.292580183324883
,,2.0168,-12.33571505669117,-12.217762092131668
,,2.0185,-12.495859344165048,-12.143559453647832
,,2.0202,-12.659519310116128,-12.069970418114746
,,2.0219,-12.826789848604195,-11.996992801812151
,,2.0236,-12.997769786325133,-11.924624116639936
,,2.0253,-13.172562231924367,-11.852861597627234
,,2.027,-13.351274961565123,-11.78170222850186
,,2.0287,-13.534020844261622,-11.711142765442645
,,2.0304,-13.720918310875618,-11.64117975912667
,,2.0321,-13.912091871121737,-11.571809575173209
,,2.0338000000000003,-14.107672683437347,-11.503028413075791
,,2.0355,-14.307799183158492,-11.434832323703732
,,2.0372,-14.512617775119823,-11.3672172254444
,,2.0389,-14.722283597565662,-11.300178919048722
,,2.0406,-14.936961365153001,-11.23371310123259
,,2.0423,-15.156826299845147,-11.167815377081126
,,2.044,-15.382065159668697,-11.102481271295355
,,2.0457,-15.612877376650893,-11.037706238318663
,,2.0474,-15.849476316794227,-10.973485671379546
,,2.0491,-16.092090676705265,-10.909814910490805
,,2.0508,-16.34096603349956,-10.846689249453071
,,2.0525,-16.5963665668786,-10.78410394192324
,,2.0542,-16.85857697483997,-10.722054206625486
,,2.0559000000000003,-17.127904607350693,-10.660535231804095
,,2.0576,-17.40468184548221,-10.599542179041068
,,2.0593,-17.6892687569556,-10.53907018658569
,,2.061,-17.98205606268826,-10.479114372365324
,,2.0627,-18.283468452651974,-10.419669836860548
,,2.0644,-18.59396829286624,-10.360731666033871
,,2.0661,-18.914059768242343,-10.302294934490794
,,2.0678,-19.244293507527534,-10.244354709027965
,,2.0695,-19.585271735605094,-10.186906052681339
,,2.0712,-19.937653992987837,-10.129944029332576
,,2.0729,-20.302163449483754,-10.073463708867065
,,2.0746,-20.679593813897064,-10.017460172810305
,,2.0763,-21.07081679659498,-9.961928520307326
,,2.0780000000000003,-21.476790004601213,-9.90686387426149
,,2.0797,-21.89856502001579,-9.852261387418807
,,2.0814,-22.337295200623693,-9.79811624817698
,,2.0831,-22.794242395852876,-9.744423685913617
,,2.0848,-23.270781209688195,-9.69117897566231
,,2.0865,-23.76839853102871,-9.638377442014802
,,2.0882,-24.288684573123945,-9.586014462182353
,,2.0899,-24.833309260949076,-9.534085468205607
,,2.0916,-25.403973900030266,-9.482585948351828
,,2.0933,-26.002321724678986,-9.43151144777802
,,2.095,-26.629780713790822,-9.380857568565435
,,2.0967000000000002,-27.287295865547186,-9.330619969245538
,,2.0984,-27.974883260699876,-9.280794363940261
,,2.1001000000000003,-28.690902611371914,-9.231376521233546
,,2.1018,-29.43090137745876,-9.182362262878126
,,2.1035,-30.185852237292266,-9.136596172154851
,,2.1052,-30.939654568332422,-9.133747462425019
,,2.1069,-31.66606691126198,-9.08552804384567
,,2.1086,-32.326070216426274,-9.037699980197884
,,2.1103,-32.86819122978439,-8.990259292371762
,,2.112,-33.23561288674903,-8.943202047937039
,,2.1137,-33.38188472916778,-8.896524360102353
,,2.1154,-33.28933375793089,-8.850222386788376
,,2.1171,-32.97729521300824,-8.80429232981039
,,2.1188000000000002,-32.493129603536424,-8.758730434161707
,,2.1205,-31.893668512530287,-8.713532987386987
,,2.1222000000000003,-31.22985857502812,-8.668696319033213
,,2.1239,-30.540053830513195,-8.624216800165957
,,2.1256,-29.84991625349526,-8.580090842939075
,,2.1273,-29.175116230289856,-8.536314900206705
,,2.129,-28.524386255750734,-8.492885465168076
,,2.1307,-27.901984271156532,-8.449799071035995
,,2.1324,-27.309423373818028,-8.40705229072247
,,2.1341,-26.746603345183743,-8.364641736534784
,,2.1358,-26.212521711360473,-8.32256405987746
,,2.1375,-25.70570917616607,-8.280815950956082
,,2.1391999999999998,-25.224490790543044,-8.239394138479957
,,2.1409000000000002,-24.767139108086084,-8.19829538936133
,,2.1426,-24.331961189077997,-8.157516508409545
,,2.1443000000000003,-23.91734546196698,-8.117054338018981
,,2.146,-23.521784468358685,-8.076905757850056
,,2.1477,-23.143883325805877,-8.037067684503183
,,2.1494,-22.782359926620607,-7.997537071185118
,,2.1511,-22.436040543112775,-7.958310907368446
,,2.1528,-22.10385306456571,-7.919386218443942
,,2.1545,-21.7848192008943,-7.880760065366603
,,2.1562,-21.478046439155914,-7.842429544295664
,,2.1579,-21.182720201294714,-7.804391786229158
,,2.1596,-20.898096444451816,-7.76664395663368
,,2.1612999999999998,-20.623494819352388,-7.729183255069874
,,2.1630000000000003,-20.358292426990815,-7.692006914814291
,,2.1647,-20.101918169965494,-7.6551122024782785
,,2.1664000000000003,-19.853847670406132,-7.618496417624465
,,2.1681,-19.6135987140117,-7.582156892381361
,,2.1698,-19.380727174544887,-7.546090991056957
,,2.1715,-19.15482337228433,-7.510296109751497
,,2.1732,-18.935508821540182,-7.474769675970521
,,2.1749,-18.722433325266206,-7.439509148238256
,,2.1766,-18.5152723783296,-7.404512015712529
,,2.1783,-18.313724844710407,-7.369775797801389
,,2.18,-18.117510877543886,-7.335298043782422
,,2.1817,-17.926370054355296,-7.301076332425405
,,2.1834,-17.740059702998746,-7.267108271619092
,,2.1851000000000003,-17.558353396674082,-7.23339149800306
,,2.1868,-17.381039598959365,-7.199923676605602
,,2.1885,-17.207920442069568,-7.166702500488782
,,2.1902,-17.0388106235664,-7.133725690401805
,,2.1919,-16.873536408509157,-7.100990994444372
,,2.1936,-16.71193472559222,-7.068496187741181
,,2.1953,-16.55385234717437,-7.036239072129797
,,2.197,-16.399145144297194,-7.004217475863559
,,2.1987,-16.247677408832576,-6.972429253331798
,,2.2004,-16.099321235812305,-6.940872284799847
,,2.2021,-15.953955959791932,-6.909544476171298
,,2.2038,-15.811467639801409,-6.878443758775324
,,2.2055,-15.671748588048814,-6.85481281332171
,,2.2072000000000003,-15.534696938082192,-6.84756808918189
,,2.2089,-15.400216248588707,-6.816915449047628
,,2.2106,-15.268215139424505,-6.786483844995155
,,2.2123,-15.138606956838426,-6.75627130852814
,,2.214,-15.011309465172804,-6.726275895984023
,,2.2157,-14.886244562612148,-6.696495688525458
,,2.2174,-14.763338018801711,-6.666928792170123
,,2.2191,-14.642519232381773,-6.637573337857505
,,2.2208,-14.523721006681132,-6.608427481548517
,,2.2225,-14.406879341989358,-6.579489404351937
,,2.2242,-14.291933242983339,-6.550757312668218
,,2.2259,-14.178824540022896,-6.522229438338125
,,2.2276,-14.067497723154155,-6.493904038779725
,,2.2293000000000003,-13.957899787769755,-6.465779397093821
,,2.231,-13.84998009097481,-6.43785382211402
,,2.2327,-13.743690217794086,-6.410125648375262
,,2.2344,-13.638983856437918,-6.382593235972354
,,2.2361,-13.535816681912829,-6.355254970280406
,,2.2378,-13.4341462473287,-6.328109261510981
,,2.2395,-13.333931882310907,-6.3011545440821255
,,2.2412,-13.2351345979779,-6.274389275788689
,,2.2429,-13.137716997991525,-6.247811936768791
,,2.2446,-13.041643195229364,-6.2214210282757385
,,2.2463,-12.946878733666718,-6.195215071278558
,,2.248,-12.853390515090215,-6.169192604929402
,,2.2497,-12.761146730296426,-6.143352184949469
,,2.2514000000000003,-12.670116794456977,-6.117692381996172
,,2.2531,-12.580271286358167,-6.0922117800810005
,,2.2548,-12.491581891244985,-6.066908975108766
,,2.2565,-12.404021347022844,-6.041782573604437
,,2.2582,-12.31756339358773,-6.0168311916830515
,,2.2599,-12.232182725074574,-5.992053454303415
,,2.2616,-12.147854944829115,-5.967447994826797
,,2.2633,-12.064556522923592,-5.943013454882895
,,2.265,-11.982264756049933,-5.918748484525049
,,2.2667,-11.90095772963662,-5.894651742640677
,,2.2684,-11.820614282046694,-5.87072189757005
,,2.2701000000000002,-11.741213970724662,-5.846957627878734
,,2.2718,-11.662737040169823,-5.823357623226321
,,2.2735000000000003,-11.585164391622033,-5.799920585275916
,,2.2752,-11.5084775543544,-5.776645228594468
,,2.2769,-11.43265865847403,-5.753530281502045
,,2.2786,-11.357690409140046,-5.7305744868379636
,,2.2803,-11.283556062113004,-5.707776602621472
,,2.282,-11.210239400556702,-5.6851354025943435
,,2.2837,-11.13772471301823,-5.662649676640737
,,2.2854,-11.065996772517199,-5.640318231086871
,,2.2871,-10.995040816679682,-5.618139888887798
,,2.2888,-10.924842528856747,-5.59611348971244
,,2.2905,-10.855388020171073,-5.574237889939906
,,2.2922000000000002,-10.786663812439226,-5.55251196258113
,,2.2939,-10.718656821920264,-5.530934597139811
,,2.2956000000000003,-10.65135434384433,-5.509504699425754
,,2.2973,-10.584744037678613,-5.488221191332805
,,2.299,-10.518813913089264,-5.467083010591817
,,2.3007,-10.453552316562238,-5.446089110507714
,,2.3024,-10.388947918646727,-5.425238459688218
,,2.3041,-10.324989701788049,-5.404530041770226
,,2.3058,-10.261666948718496,-5.383962855148477
,,2.3075,-10.198969231376527,-5.371930084761543
,,2.3092,-10.136886400326706,-5.363535912710339
,,2.3109,-10.075408574654077,-5.34324824157898
,,2.3126,-10.014526132308518,-5.323098882866962
,,2.3143000000000002,-9.954229700875867,-5.303086891441198
,,2.316,-9.8945101487541,-5.283211335699857
,,2.3177000000000003,-9.83535857671382,-5.263471297361387
,,2.3194,-9.776766309824108,-5.243865871265534
,,2.3211,-9.718724889724829,-5.224394165185843
,,2.3228,-9.661226067228837,-5.205055299653162
,,2.3245,-9.604261795237344,-5.185848407789498
,,2.3262,-9.547824221953261,-5.166772635151416
,,2.3279,-9.491905684378011,-5.147827139582299
,,2.3296,-9.436498702078058,-5.129011091072588
,,2.3313,-9.381595971208206,-5.110323671627431
,,2.333,-9.327190358779374,-5.091764075140709
,,2.3347,-9.273274897159302,-5.073331507274986
,,2.3364000000000003,-9.219842778795172,-5.055025185346608
,,2.3381,-9.166887351147722,-5.036844338215194
,,2.3398000000000003,-9.114402111827008,-5.018788206177166
,,2.3415,-9.062380703920711,-5.000856040862464
,,2.3432,-9.010816911505586,-4.983047105134148
,,2.3449,-8.959704655334379,-4.965360672990228
,,2.3466,-8.909037988689736,-4.947796029467387
,,2.3483,-8.858811093397755,-4.930352470546006
,,2.35,-8.809018275994033,-4.9130293030562875
,,2.3517,-8.759653964035365,-4.895825844584869
,,2.3534,-8.710712702550689,-4.8787414233817525
,,2.3551,-8.662189150625068,-4.861775378267126
,,2.3568,-8.614078078110976,-4.844927058537774
,,2.3585000000000003,-8.566374362461243,-4.828195823872789
,,2.3602,-8.519072985678623,-4.811581044238288
,,2.3619000000000003,-8.472169031376511,-4.795082099790929
,,2.3636,-8.425657681946742,-4.778698380779918
,,2.3653,-8.379534215829121,-4.762429287447293
,,2.367,-8.333794004879177,-4.74627422992632
,,2.3687,-8.288432511829374,-4.730232628137799
,,2.3704,-8.24344528784027,-4.714303911683995
,,2.3721,-8.198827970137737,-4.69848751974026
,,2.3738,-8.154576279732707,-4.682782900943946
,,2.3755,-8.110686019220086,-4.667189513280726
,,2.3772,-8.067153070653571,-4.65170682396804
,,2.3789,-8.023973393493343,-4.636334309335694
,,2.3806000000000003,-7.981143022623578,-4.621071454703547
,,2.3823,-7.938658066437249,-4.605917754256195
,,2.3840000000000003,-7.896514704985069,-4.5908727109147
,,2.3857,-7.854709188186646,-4.575935836205356
,,2.3874,-7.813237834100736,-4.5611066501255495
,,2.3891,-7.772097027252878,-4.546384681006757
,,2.3908,-7.731283217017751,-4.531769465374834
,,2.3925,-7.690792916054329,-4.517260547807603
,,2.3942,-7.650622698791776,-4.502857480790089
,,2.3959,-7.610769199964094,-4.488559824567372
,,2.3976,-7.571229113191679,-4.474367146995448
,,2.3993,-7.531999189608078,-4.460279023390216
,,2.401,-7.493076236530123,-4.446295036374991
,,2.4027000000000003,-7.454457116169884,-4.432414775726705
,,2.4044,-7.416138744386975,-4.418637838221246
,,2.4061,-7.378118089479448,-4.404963827478258
,,2.4078,-7.340392171012193,-4.391392353805739
,,2.4095,-7.302958058681229,-4.385833813350974
,,2.4112,-7.265812871212638,-4.377923034044938
,,2.4129,-7.2289537752949435,-4.364555491415906
,,2.4146,-7.192377984543668,-4.351289355364203
,,2.4163,-7.156082758496937,-4.338124261409198
,,2.418,-7.120065401641017,-4.3250598509944735
,,2.4197,-7.08432326246474,-4.312095771340823
,,2.4214,-7.048853732541791,-4.299231675302349
,,2.4231,-7.013654245639866,-4.286467221226127
,,2.4248000000000003,-6.97872227685575,-4.273802072816086
,,2.4265,-6.944055341775563,-4.261235899001398
,,2.4282,-6.909650995658981,-4.248768373810101
,,2.4299,-6.875506832647018,-4.236399176248275
,,2.4316,-6.8416204849922435,-4.224127990185344
,,2.4333,-6.807989622310809,-4.211954504245944
,,2.435,-6.774611950855576,-4.199878411708701
,,2.4367,-6.741485212809537,-4.187899410412536
,,2.4384,-6.708607185598948,-4.17601720267057
,,2.44,-6.677888396063246,-4.164231495192256
,,2.4401,-6.675975681225463,-4.152541999013838
,,2.4418,-6.6435885456166535,-4.1409484294374925
,,2.4435000000000002,-6.611443657994334,-4.129450505979321
,,2.4452,-6.579538930260065,-4.118047952326414
,,2.4469000000000003,-6.547872306397303,-4.106740496303012
,,2.4486,-6.516441761889743,-4.096184815815689
,,2.4503,-6.485245303155068,-4.0955278698459345
,,2.452,-6.454280966994012,-4.0844098089892045
,,2.4537,-6.423546820053864,-4.07338605385791
,,2.4554,-6.3930409583061945,-4.062456348671117
,,2.4571,-6.362761506538303,-4.051620441753808
,,2.4588,-6.332706617857891,-4.040878085557584
,,2.4605,-6.302874473210625,-4.0302290366898665
,,2.4622,-6.273263280910172,-4.019673055951404
,,2.4639,-6.243871276180294,-4.009209908381656
,,2.4656000000000002,-6.214696720708667,-3.998839363311757
,,2.4673,-6.185737902212056,-3.988561194424581
,,2.4690000000000003,-6.156993134012454,-3.978375179821515
,,2.4707,-6.1284607546240055,-3.968281102095412
,,2.4724,-6.100139127350117,-3.958278748409266
,,2.4741,-6.072026639890793,-3.9483679105800444
,,2.4758,-6.044121703959595,-3.9385483851671195
,,2.4775,-6.016422754910106,-3.9288199735647606
,,2.4792,-5.9889282513715685,-3.9191824820981336
,,2.4809,-5.961636674893444,-3.9096357221221467
,,2.4826,-5.934546529598602,-3.900179510122629
,,2.4843,-5.907656341844941,-3.8908136678192813
,,2.486,-5.880964659895133,-3.88153802226973
,,2.4877000000000002,-5.854470053594323,-3.872352405974259
,,2.4894,-5.828171114055514,-3.86325665698054
,,2.4911000000000003,-5.802066453352392,-3.8542506189879413
,,2.4928,-5.776154704219535,-3.845334141450861
,,2.4945,-5.750434519759516,-3.8365070796806027
,,2.4962,-5.724904573157009,-3.8277692949453437
,,2.4979,-5.699563557399509,-3.819120654567805
,,2.4996,-5.674410185004533,-3.810561032020185
,,2.5013,-5.649443187753143,-3.802090307015967
,,2.503,-5.624661316429599,-3.793708365598426
,,2.5047,-5.600063340566971,-3.7854151002252863
,,2.5064,-5.5756480481985635,-3.7772104098495225
,,2.5080999999999998,-5.551414245614966,-3.7690941999959255
,,2.5098000000000003,-5.527360757126592,-3.761066382833251
,,2.5115,-5.503486424831613,-3.75919032175016
,,2.5132000000000003,-5.4797901083889675,-3.7531268772418724
,,2.5149,-5.456270684796607,-3.7452756088767285
,,2.5166000000000004,-5.432927048174456,-3.737512510225498
,,2.5183,-5.409758109552377,-3.729837520661955
,,2.52,-5.386762796662597,-3.722250586494449
,,2.5217,-5.363940053736851,-3.714751661009483
,,2.5234,-5.341288841307817,-3.7073407045104916
,,2.5251,-5.318808136014931,-3.7000176843517134
,,2.5268,-5.296496930414359,-3.6927825749673877
,,2.5285,-5.274354232793063,-3.6856353578962215
,,2.5302,-5.252379066986843,-3.6785760218013412
,,2.5319000000000003,-5.230570472202222,-3.671604562485735
,,2.5336,-5.208927502842196,-3.6647209829034324
,,2.5353000000000003,-5.187449228335485,-3.6579252931664934
,,2.537,-5.166134732969576,-3.6512175105479736
,,2.5387000000000004,-5.144983115727044,-3.644597659481061
,,2.5404,-5.1239934901254625,-3.638065771554536
,,2.5421,-5.103164984060423,-3.6316218855047233
,,2.5438,-5.082496739651967,-3.625266047204141
,,2.5455,-5.061987913094038,-3.6189983096470417
,,2.5472,-5.0416376745070055,-3.612818732931963
,,2.5489,-5.0214452077932386,-3.606727384241564
,,2.5506,-5.001409710495484,-3.6007243378198748
,,2.5523,-4.981530393658175,-3.59480967494715
,,2.5540000000000003,-4.9618064816913865,-3.588983483912522
,,2.5557,-4.942237212237614,-3.583245859984594
,,2.5574000000000003,-4.922821836041001,-3.5775969053801933
,,2.5591,-4.903559616819289,-3.5720367292313737
,,2.5608,-4.884449831138095,-3.566565447550902
,,2.5625,-4.865491768287732,-3.5611831831963103
,,2.5642,-4.8466847301622895,-3.555890065832718
,,2.5659,-4.828028031141074,-3.550686231894456
,,2.5676,-4.809520997972248,-3.545571824545766
,,2.5693,-4.791162969658674,-3.540546993640552
,,2.571,-4.772953297345831,-3.535611895681352
,,2.5727,-4.754891344211826,-3.53076669377764
,,2.5744,-4.736976485359436,-3.526011557603515
,,2.5761000000000003,-4.719208107710018,-3.5213466633548887
,,2.5778,-4.701585609899456,-3.5167721937061898
,,2.5795000000000003,-4.684108402175788,-3.5122883377667327
,,2.5812,-4.666775906298812,-3.5078952910366996
,,2.5829,-4.649587555441269,-3.5035932553628992
,,2.5846,-4.6325427940918775,-3.4993824388941883
,,2.5863,-4.615641077959921,-3.4952630560367344
,,2.588,-4.598881873881489,-3.491235327409047
,,2.5897,-4.582264659727259,-3.4872994797967927
,,2.5914,-4.5657889243118195,-3.483455746107417
,,2.5931,-4.549454167304427,-3.479704365324563
,,2.5948,-4.533259899141257,-3.4760455824622682
,,2.5965,-4.517205640938956,-3.4724796485188865
,,2.5982000000000003,-4.501290924409596,-3.46900682043076
,,2.5999,-4.485515291776972,-3.465627361025527
,,2.6016000000000004,-4.469878295694004,-3.4623415389751093
,,2.6033,-4.4543794991616075,-3.4591496287482277
,,2.605,-4.4390184754484805,-3.4560519105624437
,,2.6067,-4.423794808012265,-3.4530486703356362
,,2.6084,-4.408708090421666,-3.4501401996368264
,,2.6101,-4.393757926279712,-3.4473267956362985
,,2.6118,-4.378943929148029,-3.4446087610548615
,,2.6135,-4.364265722472108,-3.444451853209369
,,2.6152,-4.349722939507548,-3.4419864041122046
,,2.6169000000000002,-4.335315223247199,-3.439460038474214
,,2.6186,-4.321042226349227,-3.437029983199131
,,2.6203000000000003,-4.3069036110659935,-3.434696562682462
,,2.622,-4.292899049173819,-3.4324601066004146
,,2.6237000000000004,-4.279028221903445,-3.430320949851879
,,2.6254,-4.265290819871347,-3.4282794324986208
,,2.6271,-4.251686543011678,-3.426335899703701
,,2.6288,-4.238215100508979,-3.424490701667844
,,2.6305,-4.224876210731473,-3.422744193563677
,,2.6322,-4.2116696011650525,-3.4210967354675503
,,2.6339,-4.198595008347783,-3.4195486922889002
,,2.6356,-4.185652177805023,-3.418100433696879
,,2.6372999999999998,-4.172840863985072,-3.4167523340440322
,,2.6390000000000002,-4.160160830195244,-3.415504772286957
,,2.6407,-4.147611848538528,-3.414358131903543
,,2.6424000000000003,-4.135193699850544,-3.4133128008068074
,,2.6441,-4.122906173637037,-3.412369171254927
,,2.6458000000000004,-4.110749068011633,-3.4115276397573613
,,2.6475,-4.098722189634037,-3.4107886069768063
,,2.6492,-4.086825353648456,-3.410152477626767
,,2.6509,-4.075058383622368,-3.409619660364571
,,2.6526,-4.063421111485546,-3.409190567679507
,,2.6543,-4.051913377469266,-3.4088656157759933
,,2.656,-4.040535030045755,-3.4086452244514924
,,2.6577,-4.029285925867777,-3.408529816968962
,,2.6593999999999998,-4.018165929708385,-3.408519819923717
,,2.6611000000000002,-4.0071749144007605,-3.408615663104406
,,2.6628,-3.996312760778164,-3.40881777934806
,,2.6645000000000003,-3.98557935761389,-3.4091266043889377
,,2.6662,-3.9749746015613225,-3.409542576701068
,,2.6679000000000004,-3.964498397093889,-3.41006613733445
,,2.6696,-3.954150656445108,-3.4106977297446424
,,2.6713,-3.9439312995484372,-3.411437799615888
,,2.673,-3.9338402539771655,-3.41228679467752
,,2.6747,-3.9238774548840967,-3.413245164513852
,,2.6764,-3.9140428449411435,-3.4143133603674465
,,2.6781,-3.904336374278728,-3.415491834935933
,,2.6798,-3.894758000424989,-3.4167810421624734
,,2.6814999999999998,-3.8853076882447732,-3.4181814370200536
,,2.6832000000000003,-3.8759854098783624,-3.4196934752898924
,,2.6849,-3.86679114467994,-3.4213176133342453
,,2.6866000000000003,-3.8577248791557084,-3.423054307863988
,,2.6883,-3.8487866069017427,-3.4249040157014017
,,2.6900000000000004,-3.8399763285413973,-3.426867193538774
,,2.6917,-3.8312940516624088,-3.4289442976933175
,,2.6934,-3.8227397907535177,-3.4311357838591574
,,2.6951,-3.814313567140688,-3.4334421068572016
,,2.6968,-3.806015408922851,-3.4358637203836655
,,2.6985,-3.7978453509071204,-3.4384010767583466
,,2.7002,-3.7898034345435527,-3.4410546266735946
,,2.7019,-3.781889707859288,-3.4438248189452274
,,2.7036,-3.774104225392167,-3.446712100266603
,,2.7053000000000003,-3.7664470481237067,-3.4497169149671594
,,2.707,-3.758918243411501,-3.452839704776969
,,2.7087000000000003,-3.7515178849209025,-3.456080908598697
,,2.7104,-3.7442460525560795,-3.4594409622886784
,,2.7121000000000004,-3.737102832390332,-3.4629202984486946
,,2.7138,-3.730088316595705,-3.466089701546522
,,2.7155,-3.723202603371804,-3.466519346230257
,,2.7172,-3.7164457968738795,-3.47023853115316
,,2.7189,-3.709818007140053,-3.474078274940085
,,2.7206,-3.7033193500177437,-3.478038995369172
,,2.7223,-3.6969499470892093,-3.4821211061463444
,,2.724,-3.6907099255962326,-3.486325016799257
,,2.7257,-3.6845994183638724,-3.490651132594624
,,2.7274000000000003,-3.678618563723279,-3.4950998544807326
,,2.7291,-3.6727675054335744,-3.499671579056719
,,2.7308000000000003,-3.667046392602721,-3.504366698570223
,,2.7325,-3.661455379607417,-3.509185600944768
,,2.7342000000000004,-3.655994626011902,-3.5141286698381817
,,2.7359,-3.650664296485787,-3.519196284733097
,,2.7376,-3.645464560720714,-3.524388821060379
,,2.7393,-3.6403955933459766,-3.5297066503561063
,,2.741,-3.635457573843009,-3.5351501404524694
,,2.7427,-3.630650686458672,-3.5407196557026044
,,2.7444,-3.625975120117454,-3.5464155572392135
,,2.7461,-3.6214310683323667,-3.5522382032663242
,,2.7478,-3.6170187291147284,-3.5581879493833397
,,2.7495000000000003,-3.612738304882642,-3.5642651489401596
,,2.7512,-3.6085900023682282,-3.5704701534217387
,,2.7529000000000003,-3.604574032523572,-3.576803312860207
,,2.7546,-3.600690610425392,-3.583264976272242
,,2.7563000000000004,-3.596939955178339,-3.5898554921190993
,,2.758,-3.593322289816979,-3.596575208786396
,,2.7597,-3.5898378412064016,-3.603424475080444
,,2.7614,-3.5864868399414513,-3.6104036407376054
,,2.7631,-3.5832695202445377,-3.6175130569430767
,,2.7648,-3.5801861198620437,-3.624753076855107
,,2.7665,-3.577236879959262,-3.6321240561306354
,,2.7682,-3.5744220450138977,-3.639626353448262
,,2.7699,-3.5717418627080946,-3.6472603310242264
,,2.7716000000000003,-3.56919658381893,-3.655026355117373
,,2.7733,-3.566786462107453,-3.6629247965187033
,,2.7750000000000004,-3.5645117542061335,-3.6709560310217055
,,2.7767,-3.5623727195048365,-3.6791204398693784
,,2.7784,-3.5603696200351687,-3.6874184101743968
,,2.7801,-3.5585027203532986,-3.695850335308803
,,2.7818,-3.556772287421185,-3.704416615260272
,,2.7835,-3.5551785904861792,-3.713117656951963
,,2.7852,-3.55372190095905,-3.721953874523622
,,2.7869,-3.5524024922903563,-3.7309256895718574
,,2.7886,-3.5512206398451953,-3.7400335313479154
,,2.7903000000000002,-3.5501766207763086,-3.7492778369118684
,,2.792,-3.5492707138955164,-3.758659051242319
,,2.7937000000000003,-3.548503199543511,-3.7681776273015606
,,2.7954,-3.547874359457937,-3.777834026056021
,,2.7971000000000004,-3.5473844766398526,-3.7876287164528537
,,2.7988,-3.5470338352184267,-3.7975621753535167
,,2.8005,-3.546822720314002,-3.8076348874257215
,,2.8022,-3.546751417899419,-3.8178473449955694
,,2.8039,-3.5468202146596766,-3.8282000478618534
,,2.8056,-3.5470293978498373,-3.8386935030749725
,,2.8073,-3.547379255151263,-3.849328224683022
,,2.809,-3.54787007452612,-3.8601047334479395
,,2.8107,-3.5485021440701665,-3.8710235565346593
,,2.8124000000000002,-3.5492757518638607,-3.882085227176529
,,2.8141,-3.550191185821729,-3.8932902843200607
,,2.8158000000000003,-3.5512487335400165,-3.9012863613833852
,,2.8175,-3.5524486821426886,-3.9046392722524708
,,2.8192000000000004,-3.5537913181256804,-3.916132740215123
,,2.8209,-3.55527692719948,-3.927771242006335
,,2.8226,-3.5569057941300173,-3.9395553355765878
,,2.8243,-3.5586782025778922,-3.951485582619418
,,2.826,-3.5605944349359038,-3.9635625481608177
,,2.8277,-3.5626547721649766,-3.975786800150181
,,2.8294,-3.5648594936283717,-3.9881589090554224
,,2.8311,-3.567208876924351,-4.0006794474647664
,,2.8328,-3.569703197717154,-4.01334898969769
,,2.8345000000000002,-3.5723427295664294,-4.026168111426912
,,2.8362,-3.5751277437550417,-4.0391373893137414
,,2.8379000000000003,-3.5780585091153556,-4.052257400658107
,,2.8396,-3.5811352918539727,-4.065528723065141
,,2.8413000000000004,-3.5843583553749254,-4.078951934129471
,,2.843,-3.5877279601014145,-4.092527611138362
,,2.8447,-3.5912443632960542,-4.10625633079472
,,2.8464,-3.59490781887968,-4.1201386689606325
,,2.8481,-3.598718577248772,-4.134175200422118
,,2.8498,-3.6026768850914714,-4.148366498675407
,,2.8515,-3.60678298520226,-4.1627131357350855
,,2.8532,-3.6110371162953188,-4.17721568196428
,,2.8548999999999998,-3.615439512816647,-4.191874705926773
,,2.8566000000000003,-3.61999040475492,-4.206690774261059
,,2.8583,-3.624690017451111,-4.2216644515761175
,,2.8600000000000003,-3.6295385714070734,-4.2367963003685505
,,2.8617,-3.6345362820929026,-4.252086880960814
,,2.8634000000000004,-3.639683359753284,-4.267536751460065
,,2.8651,-3.6449800092128526,-4.283146467737146
,,2.8668,-3.6504264296805715,-4.298916583425236
,,2.8685,-3.6560228145531815,-4.314847649937559
,,2.8702,-3.66176935121786,-4.330940216503613
,,2.8719,-3.667666220854051,-4.347194830223313
,,2.8736,-3.6737135982345865,-4.363612036138516
,,2.8753,-3.6799116515261083,-4.380192377321174
,,2.877,-3.6862605420889722,-4.396936394977759
,,2.8787000000000003,-3.6927604242765537,-4.4138446285691355
,,2.8804,-3.699411445234154,-4.4309176159455435
,,2.8821000000000003,-3.706213744697451,-4.448155893495884
,,2.8838,-3.713167454790762,-4.465559996311098
,,2.8855000000000004,-3.720272699825027,-4.483130458360848
,,2.8872,-3.7275295960956507,-4.500867812683168
,,2.8889,-3.734938251680319,-4.518772591586673
,,2.8906,-3.7424987662368814,-4.536845326864793
,,2.8923,-3.7502112308013986,-4.555086550021738
,,2.894,-3.7580757275863093,-4.5734967925097845
,,2.8957,-3.7660923297791378,-4.592076585977644
,,2.8974,-3.7742611013414713,-4.610826462529397
,,2.8991,-3.782582096808642,-4.6297469549941574
,,2.9008000000000003,-3.791055361090022,-4.648838597205667
,,2.9025,-3.7996809292700595,-4.668101924292122
,,2.9042000000000003,-3.8084588264103774,-4.687537472975775
,,2.9059,-3.8173890673528055,-4.707145781882236
,,2.9076000000000004,-3.8264716565236063,-4.726927391859372
,,2.9093,-3.835706587739098,-4.746882846305665
,,2.911,-3.845093844012591,-4.767012691508014
,,2.9127,-3.8546333973631217,-4.787317476988888
,,2.9144,-3.8643252086257367,-4.807797755862795
,,2.9161,-3.8741692272638852,-4.82845408520215
,,2.9178,-3.884165391183707,-4.839461253440762
,,2.9195,-3.894313626550749,-4.849287026412425
,,2.9212,-3.904613847608909,-4.870297145616661
,,2.9229000000000003,-3.915065956502227,-4.891485014049565
,,2.9246,-3.9256698430991364,-4.912851208460854
,,2.9263000000000003,-3.936425384820054,-4.93439631152847
,,2.928,-3.94733244646787,-4.956120912281178
,,2.9297000000000004,-3.9583908800620016,-4.978025606531189
,,2.9314,-3.969600524675911,-5.000110997316546
,,2.9331,-3.9809612062786077,-5.022377695353571
,,2.9348,-3.9924727375800466,-5.044826319499548
,,2.9365,-4.004134917880923,-5.0674574972256705
,,2.9382,-4.015947532926948,-5.090271865100478
,,2.9399,-4.027910354767935,-5.113270069283985
,,2.9416,-4.0400231416219095,-5.136452766032649
,,2.9433,-4.052285637744576,-5.159820622215246
,,2.9450000000000003,-4.064697573304378,-5.18337431584011
,,2.9467,-4.077258664263372,-5.207114536593556
,,2.9484000000000004,-4.0899686122644,-5.231041986390092
,,2.9501,-4.102827104524666,-5.255157379934204
,,2.9518000000000004,-4.115833813736198,-5.279461445294312
,,2.9535,-4.128988397973371,-5.303954924488746
,,2.9552,-4.142290500607989,-5.328638574084218
,,2.9569,-4.155739750232127,-5.353513165806826
,,2.9586,-4.169335760589241,-5.378579487165894
,,2.9603,-4.183078130513774,-5.403838342090793
,,2.962,-4.1969664438797825,-5.4292905515810155
,,2.9637000000000002,-4.211000269558852,-5.454936954369626
,,2.9654,-4.225179161387833,-5.480778407600345
,,2.9671000000000003,-4.239502658146716,-5.506815787518516
,,2.9688,-4.253970283547151,-5.5330499901760035
,,2.9705000000000004,-4.2685815462320615,-5.559481932150449
,,2.9722,-4.283335939786751,-5.5861125512787835
,,2.9739000000000004,-4.298232942762074,-5.612942807405513
,,2.9756,-4.313272018710063,-5.639973683145687
,,2.9773,-4.328452616232644,-5.667206184662864
,,2.979,-4.343774169043819,-5.694641342462282
,,2.9807,-4.359236096045964,-5.722280212199236
,,2.9824,-4.3748378014207665,-5.750123875503038
,,2.9841,-4.390578674735337,-5.778173440816512
,,2.9858000000000002,-4.406458091064121,-5.806430044251332
,,2.9875,-4.422475411127181,-5.834894850459113
,,2.9892000000000003,-4.438629981445515,-5.863569053518755
,,2.9909,-4.4549211345139685,-5.892453877839614
,,2.9926000000000004,-4.471348188992477,-5.921550579081185
,,2.9943,-4.487910449916192,-5.950860445088829
,,2.996,-4.504607208925358,-5.980384796846083
,,2.9977,-4.5214377445154,-6.010124989443223
,,2.9994,-4.538401322308189,-6.040082413062359
,,3.0011,-4.555497195344962,-6.070258493979006
,,3.0028,-4.5727246044019,-6.1006546955800705
,,3.0045,-4.590082778328934,-6.131272519398282
,,3.0062,-4.60757093441273,-6.162113506163024
,,3.0079000000000002,-4.625188278764335,-6.1931792368674765
,,3.0096,-4.642934006732932,-6.224471333851871
,,3.0113000000000003,-4.660807303345591,-6.255991461902984
,,3.013,-4.678807343774875,-6.287741329369325
,,3.0147000000000004,-4.696933293834355,-6.319722689292286
,,3.0164,-4.715184310503415,-6.351937340552521
,,3.0181,-4.733559542481816,-6.384387129031724
,,3.0198,-4.752058130775389,-6.395896488776672
,,3.0215,-4.770679209313371,-6.417073948789246
,,3.0232,-4.789421905598318,-6.449999743253265
,,3.0249,-4.808285341389857,-6.483166506426152
,,3.0266,-4.827268633422754,-6.516576284103542
,,3.0283,-4.846370894160673,-6.550231175106629
,,3.0300000000000002,-4.865591232586078,-6.584133332527154
,,3.0317,-4.884928755027703,-6.618284964984507
,,3.0334000000000003,-4.904382566026076,-6.652688337894105
,,3.0351,-4.9239517692385,-6.687345774746678
,,3.0368000000000004,-4.943635468383905,-6.722259658397164
,,3.0385,-4.963432768228916,-6.757432432362876
,,3.0402,-4.9833427756158875,-6.792866602129497
,,3.0419,-5.0033646005336845,-6.82856473646425
,,3.0436,-5.023497357232087,-6.864529468734917
,,3.0453,-5.043740165381331,-6.900763498233545
,,3.047,-5.064092151276082,-6.9372695915035685
,,3.0487,-5.084552449086837,-6.974050583668896
,,3.0504000000000002,-5.105120202157011,-7.011109379763454
,,3.0521000000000003,-5.125794564349018,-7.048448956059565
,,3.0538,-5.146574701437668,-7.0860723613934775
,,3.0555000000000003,-5.1674597925534265,-7.123982718485902
,,3.0572,-5.188449031674596,-7.162183225256039
,,3.0589000000000004,-5.2095416291704355,-7.20067715612635
,,3.0606,-5.230736813394107,-7.239467863316298
,,3.0623,-5.252033832327319,-7.2785587781222425
,,3.064,-5.273431955275958,-7.317953412181034
,,3.0657,-5.294930474617149,-7.3576553587145535
,,3.0674,-5.316528707598578,-7.397668293752059
,,3.0691,-5.338225998188823,-7.437995977327333
,,3.0708,-5.360021718980098,-7.478642254647224
,,3.0725,-5.381915273141738,-7.5196110572279675
,,3.0742000000000003,-5.403906096425635,-7.560906403995521
,,3.0759,-5.4259936592215166,-7.602532402346018
,,3.0776000000000003,-5.448177468663397,-7.644493249161737
,,3.0793,-5.470457070784319,-7.686793231778614
,,3.0810000000000004,-5.492832052720287,-7.729436728899853
,,3.0827,-5.51530204496154,-7.772428211451325
,,3.0844,-5.5378667236499375,-7.815772243372697
,,3.0861,-5.5605258129203605,-7.859473482339175
,,3.0878,-5.583279087286335,-7.903536680407658
,,3.0895,-5.606126374065644,-7.947966684581079
,,3.0912,-5.629067555846015,-7.992768437284282
,,3.0929,-5.652102572986176,-8.037946976744482
,,3.0946,-5.675231426152499,-8.083507437269015
,,3.0963000000000003,-5.69845417888587,-8.129455049412295
,,3.098,-5.721770960196819,-8.175795140024501
,,3.0997000000000003,-5.745181967185945,-8.222533132172572
,,3.1014,-5.7686874676843,-8.269674544925346
,,3.1031000000000004,-5.792287802912263,-8.317224992992656
,,3.1048,-5.815983390149551,-8.36519018620908
,,3.1065,-5.839774725414353,-8.413575928851403
,,3.1082,-5.863662386145499,-8.462388118779248
,,3.1099,-5.8876470338821605,-8.511632746387235
,,3.1116,-5.911729416935536,-8.561315893356765
,,3.1133,-5.935910373047292,-8.611443731194793
,,3.115,-5.960190832027528,-8.66202251954657
,,3.1167,-5.984571818365816,-8.713058604268548
,,3.1184000000000003,-6.0090544538085275,-8.764558415246984
,,3.1201,-6.033639959894188,-8.816528463947662
,,3.1218000000000004,-6.058329660440265,-8.825748957742235
,,3.1235,-6.083124983972107,-8.868975340680414
,,3.1252000000000004,-6.108027466086518,-8.921905711562877
,,3.1269,-6.133038751739102,-8.975326315165663
,,3.1286,-6.158160597449516,-9.029243958822018
,,3.1303,-6.183394873411331,-9.083665514582663
,,3.132,-6.208743565499104,-9.138597914797218
,,3.1337,-6.234208777161569,-9.194048147301855
,,3.1354,-6.259792731189976,-9.250023250192406
,,3.1371,-6.285497771352272,-9.306530306161376
,,3.1388,-6.311326363879689,-9.36357643637631
,,3.1405000000000003,-6.337281098797214,-9.421168793876344
,,3.1422,-6.363364691083704,-9.479314556462393
,,3.1439000000000004,-6.389579981652841,-9.538020919056668
,,3.1456,-6.415929938140153,-9.597295085504538
,,3.1473000000000004,-6.442417655486299,-9.657144259793071
,,3.149,-6.469046356304945,-9.717575636657344
,,3.1507,-6.495819391021021,-9.778596391546872
,,3.1524,-6.522740237769277,-9.840213669921816
,,3.1541,-6.549812502041914,-9.902434575848861
,,3.1558,-6.577039916071433,-9.965266159865134
,,3.1575,-6.604426337938685,-10.02871540607795
,,3.1592000000000002,-6.63197575039581,-10.092789218467
,,3.1609,-6.659692259390447,-10.157494406354783
,,3.1626000000000003,-6.687580092284123,-10.222837669010579
,,3.1643,-6.715643595751853,-10.288825579351268
,,3.1660000000000004,-6.7438872333564595,-10.355464566703652
,,3.1677,-6.772315582785438,-10.422760898589154
,,3.1694000000000004,-6.8009333327459025,-10.49072066149433
,,3.1711,-6.829745279506851,-10.559349740586958
,,3.1728,-6.85875632308531,-10.628653798339458
,,3.1745,-6.887971463068224,-10.698638252018648
,,3.1762,-6.917395794067554,-10.769308250002556
,,3.1779,-6.947034500803451,-10.84066864688298
,,3.1796,-6.976892852814689,-10.912723977313306
,,3.1813000000000002,-7.0069761987937405,-10.985478428561155
,,3.183,-7.037289960547968,-11.058935811725195
,,3.1847000000000003,-7.0678396265876255,-11.133099531576175
,,3.1864,-7.098630745343948,-11.207972554982927
,,3.1881000000000004,-7.129668918021941,-11.283557377885087
,,3.1898,-7.160959791093047,-11.35985599077517
,,3.1915000000000004,-7.192509048436266,-11.436869842655513
,,3.1932,-7.224322403135855,-11.514599803435342
,,3.1949,-7.256405588947001,-11.593046124738951
,,3.1966,-7.288764351441613,-11.672208399095654
,,3.1983,-7.321404438848118,-11.75208551748879
,,3.2,-7.35433159260129,-11.832675625243034
