freq_GHz_serpentine,Sdd11_dB_serpentine,freq_GHz_zwave,Sdd11_dB_zwave
1.8,-2.585344357467436,1.5,-1.8577107586365855
1.8014000000000001,-2.593993201798765,1.5017,-1.866926284313276
1.8028,-2.6027020572773534,1.5034,-1.8761885796284758
1.8042,-2.611471107573251,1.5051,-1.885497681411338
1.8056,-2.6203005350098447,1.5068,-1.8948536234878512
1.807,-2.6291905205380357,1.5085,-1.9042564366149461
1.8084,-2.638141243710277,1.5102,-1.9137061484140916
1.8098,-2.647152882654513,1.5119,-1.923202783304347
1.8112000000000001,-2.656225614048039,1.5136,-1.9327463624349273
1.8126,-2.6653596130912467,1.5153,-1.9423369036172444
1.814,-2.6745550534812903,1.517,-1.9519744212564456
1.8154000000000001,-2.683812107385653,1.5187,-1.9616589262824593
1.8168,-2.693130945415617,1.5204,-1.9713904260805188
1.8182,-2.702511736599668,1.5221,-1.9811689244212314
1.8196,-2.7119546483567984,1.5238,-1.9909944213901278
1.821,-2.7214598464697253,1.5255,-2.000866913316738
1.8224,-2.731027495058041,1.5272000000000001,-2.0107863927031975
1.8238,-2.740657756551274,1.5289,-2.0207528481523758
1.8252000000000002,-2.750350791661871,1.5306,-2.0307662642955417
1.8266,-2.7601067593581203,1.5323,-2.0408266217195496
1.828,-2.769925816836984,1.534,-2.0509338968936017
1.8294000000000001,-2.779808119496871,1.5357,-2.061088062095523
1.8308,-2.7897538209103367,1.5374,-2.071289085337617
1.8322,-2.79976307279672,1.5391,-2.0815369302920956
1.8336000000000001,-2.8098360249947065,1.5408,-2.0918315562160363
1.835,-2.819972825434836,1.5425,-2.1021729178759445
1.8364,-2.8301736201119674,1.5442,-2.1125609654719044
1.8378,-2.840438553057637,1.5459,-2.122995644561297
1.8392,-2.850767766312405,1.5476,-2.133476895982117
1.8406,-2.8611613998981285,1.5493,-2.1440046557759307
1.842,-2.8716195917901888,1.551,-2.154578855110381
1.8434000000000001,-2.882142477889648,1.5527,-2.1651994202013918
1.8448,-2.892730191995372,1.5544,-2.1758662722349267
1.8462,-2.903382865776125,1.5561,-2.18657932728844
1.8476000000000001,-2.91410062874256,1.5578,-2.1973384962519567
1.849,-2.9248836082192127,1.5595,-2.2081436847488174
1.8504,-2.9357319293164474,1.5612,-2.2189947930560736
1.8518000000000001,-2.946645714902343,1.5629,-2.229891716024607
1.8532,-2.9576250855745476,1.5646,-2.2408343429988946
1.8546,-2.968670159632101,1.5663,-2.2518225577365145
1.856,-2.979781053047188,1.568,-2.262856238327354
1.8574000000000002,-2.990957879436911,1.5697,-2.2739352571125675
1.8588,-3.0022007500349774,1.5714,-2.2850594806032793
1.8602,-3.01350977366337,1.5731,-2.296228769399049
1.8616000000000001,-3.0248850567039947,1.5748,-2.3074429781061427
1.863,-3.0363267030702854,1.5765,-2.3187019552555963
1.8644,-3.0478348141787777,1.5782,-2.330005543221111
1.8658000000000001,-3.059409488920652,1.5799,-2.341353578136813
1.8672,-3.07105082363326,1.5816,-2.352745889814867
1.8686,-3.0827589120716143,1.5833,-2.364182301663042
1.87,-3.0945338453798388,1.585,-2.375662630602144
1.8714,-3.106375712062613,1.5867,-2.387186686983502
1.8728,-3.118284597956591,1.5884,-2.3987542745063752
1.8742,-3.130260586201758,1.5901,-2.410365190135461
1.8756000000000002,-3.1423037572128365,1.5918,-2.4220192240184617
1.877,-3.154414188650559,1.5935,-2.4337161594037924
1.8784,-3.1665919553930486,1.5952,-2.4454557725584505
1.8798000000000001,-3.1788371295070394,1.5969,-2.4572378326861375
1.8812,-3.1911497802191873,1.5986,-2.469062101845647
1.8826,-3.203529973887291,1.6003,-2.480928334869654
1.8840000000000001,-3.2159777739715008,1.602,-2.4928362792838494
1.8854,-3.2284932410055305,1.6037,-2.5047856752266497
1.8868,-3.2410764325678025,1.6054,-2.516776255369434
1.8882,-3.2537274032526127,1.6071,-2.5288077448374544
1.8896000000000002,-3.2664462046412273,1.6088,-2.5408798611315078
1.891,-3.2792328852730006,1.6105,-2.5529923140504613
1.8924,-3.2920874906164315,1.6122,-2.5651448056147608
1.8938000000000001,-3.305010063040208,1.6139000000000001,-2.577337029990994
1.8952,-3.3180006417842165,1.6156,-2.589568673417682
1.8966,-3.331059262930554,1.6173,-2.6018394141324364
1.8980000000000001,-3.3441859593744674,1.619,-2.6141489223005694
1.8994,-3.3573807607952766,1.6207,-2.6264968599453846
1.9008,-3.3706436936273287,1.6224,-2.6388828808802858
1.9022000000000001,-3.3839747810308074,1.6241,-2.6513066306428468
1.9036,-3.3973740428625825,1.6258,-2.6637677464311165
1.905,-3.4108414956470763,1.6275,-2.6762658570422864
1.9064,-3.424377152546931,1.6292,-2.6888005828139416
1.9078000000000002,-3.437981023333838,1.6309,-2.7013715355682026
1.9092,-3.4516531143591718,1.6326,-2.7139783185588935
1.9106,-3.4653934285246706,1.6343,-2.7266205264220496
1.9120000000000001,-3.4792019652530537,1.6360000000000001,-2.7392977451300657
1.9134,-3.4930787204585716,1.6377,-2.7520095519496652
1.9148,-3.5070236865175657,1.6394,-2.7647555154041097
1.9162000000000001,-3.521036852238905,1.6411,-2.777535195239885
1.9176,-3.5351182028344668,1.6428,-2.790348142398175
1.919,-3.5492677198894618,1.6445,-2.8031938989915717
1.9204,-3.563485381332816,1.6461999999999999,-2.816071998286201
1.9218000000000002,-3.577771161407391,1.6479,-2.8289819646898224
1.9232,-3.5921250306402355,1.6496,-2.8419233137461006
1.9246,-3.60654695581273,1.6513,-2.8548955521355768
1.9260000000000002,-3.6210368999306346,1.653,-2.8678981776836237
1.9274,-3.635594822194175,1.6547,-2.880930679375895
1.9288,-3.6502206779679818,1.6564,-2.8939925373815867
1.9302000000000001,-3.6649144187509264,1.6581000000000001,-2.9070832230849546
1.9316,-3.6796759921460103,1.6598,-2.920202199125565
1.933,-3.694505341830043,1.6615,-2.9333489194475844
1.9344000000000001,-3.709402407523324,1.6632,-2.9465228293585985
1.9358,-3.724367124959212,1.6649,-2.959723365598364
1.9372,-3.7393994258536107,1.6666,-2.9729499564178354
1.9386,-3.75449923787437,1.6683,-2.986202021668924
1.94,-3.7696664846106094,1.67,-2.9994789729052713
1.9414,-3.7849010855418994,1.6717,-3.012780213494467
1.9428,-3.8002029560074186,1.6734,-3.0261051387419298
1.9442000000000002,-3.815572007174949,1.6751,-3.039453136026826
1.9456,-3.831008146009782,1.6768,-3.0528235849502035
1.947,-3.846511275243521,1.6785,-3.066215857495588
1.9484000000000001,-3.862081293342821,1.6802000000000001,-3.0796293182021506
1.9498,-3.877718094477891,1.6819,-3.0930633243505885
1.9512,-3.893421568491011,1.6836,-3.1065172261617233
1.9526000000000001,-3.9091916008648586,1.6853,-3.11999036700781
1.9540000000000002,-3.925028072690722,1.687,-3.1334820836364297
1.9554,-3.9409308606365894,1.6887,-3.1469917064068005
1.9568,-3.956899836915106,1.6904,-3.16051855953822
1.9582000000000002,-3.972934869251406,1.6921,-3.1740619613703136
1.9596,-3.9890358208507566,1.6938,-3.18762122463456
1.961,-4.00520255036618,1.6955,-3.201195656736612
1.9624000000000001,-4.021434911865777,1.6972,-3.214784560048698
1.9638,-4.0377327548,1.6989,-3.228387232211328
1.9652,-4.054095923968778,1.7006000000000001,-3.242002966443442
1.9666000000000001,-4.070524259488435,1.7023,-3.2556310518599316
1.968,-4.087017596758489,1.704,-3.2692707737955056
1.9694,-4.103575766428263,1.7057,-3.2829214141335443
1.9708,-4.120198594363363,1.7074,-3.2965822516386876
1.9722,-4.13688590161199,1.7091,-3.310252562291632
1.9736,-4.15363750437102,1.7108,-3.3239316196245525
1.975,-4.170453213951994,1.7125,-3.337618695055513
1.9764000000000002,-4.187332836746898,1.7142,-3.3513130582200708
1.9778,-4.204276174193721,1.7159,-3.3650139772981995
1.9792,-4.221283022741938,1.7176,-3.378720719334618
1.9806000000000001,-4.23835317381769,1.7193,-3.3924325505505366
1.982,-4.255486413788857,1.721,-3.406148736644767
1.9834,-4.272682523929934,1.7227000000000001,-3.4198685430821696
1.9848000000000001,-4.289941280386671,1.7244,-3.4335912353672793
1.9862000000000002,-4.307262454140585,1.7261,-3.4473160793011437
1.9876,-4.324645810973219,1.7278,-3.4610423412192692
1.989,-4.342091111430275,1.7295,-3.474769288208728
1.9904000000000002,-4.359598110785462,1.7312,-3.488496188302469
1.9918,-4.377166559004217,1.7329,-3.502222310649133
1.9932,-4.394796200707204,1.7346,-3.5159469256565807
1.9946000000000002,-4.412486775133627,1.7363,-3.529669305107677
1.996,-4.430238016104278,1.738,-3.543388722246958
1.9974,-4.448049651984491,1.7397,-3.5571044518370485
1.9988000000000001,-4.465921405646803,1.7414,-3.570815770183887
2.0002,-4.483852994433449,1.7431,-3.584521955130065
2.0016000000000003,-4.501844130118675,1.7448000000000001,-3.5982222860159285
2.003,-4.519894518870807,1.7465,-3.61191604360819
2.0044,-4.538003861214138,1.7482,-3.625602509996338
2.0058000000000002,-4.556171851990667,1.7499,-3.6392809684572223
2.0072,-4.5743981803215235,1.7516,-3.652950703288624
2.0086,-4.592682529568323,1.7533,-3.6666109996129608
2.0100000000000002,-4.611024577294232,1.755,-3.680261143152456
2.0114,-4.629423995224932,1.7567,-3.693900419977644
2.0128,-4.64788044920925,1.7584,-3.7075281162311517
2.0142,-4.666393599179812,1.7601,-3.7211435178291863
2.0156,-4.684963099113282,1.7618,-3.7347459101433382
2.017,-4.70358859699063,1.7635,-3.748334577665631
2.0184,-4.722269734757074,1.7652,-3.7619088036598844
2.0198,-4.741006148281907,1.7669000000000001,-3.7754678698028536
2.0212,-4.759797467318171,1.7686,-3.789011055818569
2.0226,-4.778643315462167,1.7703,-3.8025376391096053
2.024,-4.797543310112749,1.772,-3.8160468943890584
2.0254000000000003,-4.81649706243058,1.7737,-3.8295380933170398
2.0268,-4.835504177297121,1.7754,-3.843010504145638
2.0282,-4.854564253273578,1.7771,-3.8564633913761126
2.0296000000000003,-4.873676882559695,1.7788,-3.869896015432222
2.031,-4.892841650952352,1.7805,-3.883307632353314
2.0324,-4.9120581378041965,1.7822,-3.8966974935108105
2.0338000000000003,-4.931325915982044,1.7839,-3.9100648453514557
2.0352,-4.950644551825204,1.7856,-3.9234089291704817
2.0366,-4.9700136051038095,1.7873,-3.9367289809176937
2.0380000000000003,-4.9894326289769655,1.7890000000000001,-3.9500242310390754
2.0394,-5.008901169950865,1.7907,-3.9632939043562887
2.0408,-5.028418767836907,1.7924,-3.9765372199860978
2.0422000000000002,-5.047984955709724,1.7941,-3.989753391301391
2.0436,-5.067599259865142,1.7958,-4.002941625935143
2.045,-5.087261199778257,1.7975,-4.0161011258282215
2.0464,-5.106970288061376,1.7992,-4.02923108732172
2.0478,-5.126726030422038,1.8009,-4.042330701293874
2.0492,-5.146527925621084,1.8026,-4.0553991533415745
2.0506,-5.166375465430732,1.8043,-4.068435624005796
2.052,-5.186268134592704,1.806,-4.081439289040228
2.0534,-5.206205410776493,1.8077,-4.094409319721785
2.0548,-5.226186764537703,1.8094000000000001,-4.1073448832015895
2.0562,-5.246211659276446,1.8111000000000002,-4.120245142894568
2.0576,-5.266279551195959,1.8128,-4.133109258905715
2.059,-5.286389889261373,1.8145,-4.145936388490628
2.0604,-5.3065421151585355,1.8162,-4.158725686547922
2.0618,-5.326735663253231,1.8179,-4.171476306140866
2.0632,-5.346969960550445,1.8195999999999999,-4.184187399045395
2.0646,-5.3672444266539525,1.8213,-4.19685811632171
2.066,-5.387558473726183,1.823,-4.209487608906347
2.0674,-5.407911506448334,1.8247,-4.222075028221851
2.0688,-5.428302921980831,1.8264,-4.234619526800884
2.0702000000000003,-5.448732109924121,1.8281,-4.247120258921825
2.0716,-5.469198452279816,1.8298,-4.259576381252817
2.073,-5.489701323412296,1.8315000000000001,-4.2719870535014
2.0744000000000002,-5.510240090010658,1.8332000000000002,-4.284351439066744
2.0758,-5.530814111051168,1.8349,-4.296668705691929
2.0772,-5.551422737760188,1.8366,-4.308938026113474
2.0786000000000002,-5.5720653135776335,1.8383,-4.321158578705708
2.08,-5.592741174120914,1.84,-4.333329548117635
2.0814,-5.61344964714959,1.8417,-4.3454501259000935
2.0828,-5.634190052530467,1.8434,-4.357519511121194
2.0842,-5.6549617022034635,1.8451,-4.369536910968199
2.0856,-5.675763900148181,1.8468,-4.381501541334149
2.087,-5.69659594235104,1.8485,-4.39341262738777
2.0884,-5.717457116773364,1.8502,-4.405269404125341
2.0898000000000003,-5.738346703320113,1.8519,-4.41707111690333
2.0912,-5.759263973809522,1.8536000000000001,-4.42881702195089
2.0926,-5.780208191943607,1.8553,-4.440506386861357
2.0940000000000003,-5.8011786132795615,1.857,-4.4521384910621435
2.0954,-5.822174485202092,1.8587,-4.46371262626245
2.0968,-5.8431950468968346,1.8604,-4.475228096878544
2.0982000000000003,-5.864239529324711,1.8621,-4.4866842204363095
2.0996,-5.8853071551974,1.8638,-4.498080327950997
2.101,-5.906397138953986,1.8655,-4.509415764284185
2.1024000000000003,-5.927508686738722,1.8672,-4.520689888478121
2.1038,-5.9486409963800195,1.8689,-4.531902074067597
2.1052,-5.96979325737073,1.8706,-4.543051709369732
2.1066000000000003,-5.990964650849745,1.8723,-4.554138197752025
2.108,-6.012154349584921,1.874,-4.565160957879116
2.1094,-6.033361517957442,1.8757000000000001,-4.576119423938806
2.1108000000000002,-6.054585311947685,1.8774,-4.587013045847867
2.1122,-6.075824879122481,1.8791,-4.597841289438276
2.1136,-6.097079358624135,1.8808,-4.60860363662446
2.115,-6.1183478811608545,1.8825,-4.6192995855523
2.1164,-6.139629568999002,1.8842,-4.629928650730454
2.1178,-6.160923535957023,1.8859,-4.640490363144859
2.1192,-6.182228887401142,1.8876,-4.650984270356923
2.1206,-6.203544720242903,1.8893,-4.661409936586311
2.122,-6.22487012293865,1.891,-4.671766942778821
2.1234,-6.246204175490883,1.8927,-4.682054886660261
2.1248,-6.267545949451662,1.8944,-4.692273382776804
2.1262,-6.2888945079281156,1.8961000000000001,-4.702422062522648
2.1276,-6.310248905589964,1.8978000000000002,-4.712500574155554
2.129,-6.331608188679337,1.8995,-4.7225085828009155
2.1304,-6.352971395022782,1.9012,-4.732445770444982
2.1318,-6.374337554045578,1.9029,-4.74231183591781
2.1332,-6.395705686788402,1.9046,-4.7521064948665215
2.1346000000000003,-6.417074805926464,1.9063,-4.761829479719444
2.136,-6.438443915791056,1.908,-4.771480539641555
2.1374,-6.459812012393709,1.9097,-4.781059440481844
2.1388000000000003,-6.481178083452932,1.9114,-4.7905659647129815
2.1402,-6.502541108423584,1.9131,-4.799999911363759
2.1416,-6.523900058529071,1.9148,-4.809361095944729
2.1430000000000002,-6.545253896796214,1.9165,-4.8186493503674175
2.1444,-6.566601578093073,1.9182000000000001,-4.827864522857498
2.1458,-6.587942049169625,1.9199000000000002,-4.83700647786227
2.1472,-6.609274248701461,1.9216,-4.846075095952751
2.1486,-6.630597107336461,1.9233,-4.8550702737207105
2.15,-6.651909547744671,1.925,-4.8639919236709
2.1514,-6.673210484671257,1.9267,-4.872839974108782
2.1528,-6.694498824992676,1.9284,-4.881614369023954
2.1542000000000003,-6.715773467776255,1.9301,-4.8903150679695475
2.1556,-6.737033304342926,1.9318,-4.898942045937775
2.157,-6.758277218333548,1.9335,-4.907495293231816
2.1584000000000003,-6.7795040857785995,1.9352,-4.915974815334283
2.1598,-6.800712775171363,1.9369,-4.9243806327723645
2.1612,-6.8219021475448125,1.9386,-4.9327127809798625
2.1626000000000003,-6.843071056552042,1.9403000000000001,-4.940971310156204
2.164,-6.864218348550379,1.9420000000000002,-4.949156285122658
2.1654,-6.88534286268935,1.9437,-4.957267785175766
2.1668000000000003,-6.906443431002371,1.9454,-4.965305903938219
2.1682,-6.927518878502284,1.9471,-4.973270749207224
2.1696,-6.948568023280913,1.9488,-4.981162442800452
2.1710000000000003,-6.9695896766124665,1.9505,-4.988981120399746
2.1724,-6.990582643061001,1.9522,-4.996726931392581
2.1738,-7.011545720591977,1.9539,-5.004400038711455
2.1752000000000002,-7.032477700687898,1.9556,-5.012000618671195
2.1766,-7.053377368468067,1.9573,-5.019528860804392
2.178,-7.074243502812631,1.959,-5.026984967694884
2.1794000000000002,-7.095074876490795,1.9607,-5.034369154809503
2.1808,-7.115870256293334,1.9624000000000001,-5.041681650328064
2.1822,-7.136628403169456,1.9641,-5.048922694971729
2.1836,-7.157348072367988,1.9658,-5.05609254182973
2.185,-7.17802801358294,1.9675,-5.063191456184662
2.1864,-7.198666971103566,1.9692,-5.070219715336233
2.1878,-7.219263683968796,1.97,-5.073502765191079
2.1892,-7.239816886126162,1.9709,-5.077177608423709
2.1906,-7.260325306595286,1.9726,-5.084065436246971
2.192,-7.280787669635831,1.9743,-5.090883511086401
2.1934,-7.301202694920005,1.976,-5.097632156521495
2.1948,-7.32156909770967,1.9777,-5.104311707248435
2.1962,-7.341885589037993,1.9794,-5.11092250889654
2.1976,-7.362150875895646,1.9811,-5.117464917843799
2.1990000000000003,-7.382363661421708,1.9828000000000001,-5.123939301031432
2.2004,-7.402522645099037,1.9845000000000002,-5.130346035777603
2.2018,-7.4226265229543245,1.9862,-5.136685509590398
2.2032000000000003,-7.442673987762742,1.9879,-5.142958119980021
2.2046,-7.462663729257098,1.9896,-5.149164274270404
2.206,-7.4825944343416975,1.9913,-5.155304389410187
2.2074000000000003,-7.50246478731067,1.993,-5.161378891783247
2.2088,-7.522273470070867,1.9947,-5.167388217018736
2.2102,-7.542019162369341,1.9964,-5.173332809800806
2.2116000000000002,-7.56170054202527,1.9981,-5.179213123677995
2.213,-7.581316285166365,1.9998,-5.185029620872411
2.2144,-7.600865066469749,2.0015,-5.190782772088795
2.2158,-7.620345559407226,2.0032,-5.196473056323443
2.2172,-7.639756436494888,2.0049,-5.202100960673177
2.2186000000000003,-7.659096369547105,2.0066,-5.207666980144351
2.22,-7.678364029934681,2.0083,-5.21317161746202
2.2214,-7.697558088847357,2.01,-5.218615382879293
2.2228000000000003,-7.716677217560353,2.0117000000000003,-5.223998793986997
2.2242,-7.7357200877050225,2.0134,-5.229322375523657
2.2256,-7.7546853715436175,2.0151,-5.2345866591859505
2.2270000000000003,-7.77357174224789,2.0168,-5.23979218343961
2.2284,-7.792377874181612,2.0185,-5.244939493330939
2.2298,-7.8111024431869165,2.0202,-5.250029140298906
2.2312000000000003,-7.829744126874317,2.0219,-5.255061681988006
2.2326,-7.8483016049162835,2.0236,-5.260037682061841
2.234,-7.866773559344457,2.0253,-5.264957710017589
2.2354000000000003,-7.88515867485017,2.027,-5.269822341001323
2.2368,-7.903455639088287,2.0287,-5.274632155624381
2.2382,-7.921663142984347,2.0304,-5.279387739780668
2.2396000000000003,-7.939779881044634,2.0321,-5.2840896844651635
2.241,-7.957804551669298,2.0338000000000003,-5.288738585593534
2.2424,-7.975735857468335,2.0355,-5.293335043822951
2.2438000000000002,-7.993572505580188,2.0372,-5.297879664374241
2.2452,-8.011313207992966,2.0389,-5.302373056855344
2.2466,-8.028956681868127,2.0406,-5.306815835086178
2.248,-8.046501649866382,2.0423,-5.311208616924948
2.2494,-8.063946840475742,2.044,-5.315552024095966
2.2508,-8.081290988341637,2.0457,-5.3198466820190475
2.2522,-8.098532834598748,2.0474,-5.324093219640459
2.2536,-8.115671127204552,2.0491,-5.3282922692655985
2.255,-8.1327046212744,2.0508,-5.332444466393326
2.2564,-8.149632079417866,2.0525,-5.336550449552066
2.2578,-8.166452272076267,2.0542,-5.340610860137684
2.2592,-8.183163977861167,2.0559000000000003,-5.344626342253239
2.2606,-8.19976598389368,2.0576,-5.348597542550564
2.262,-8.216257086144338,2.0593,-5.352525110073813
2.2634000000000003,-8.232636089773443,2.061,-5.356409696104908
2.2648,-8.248901809471537,2.0627,-5.360251954010997
2.2662,-8.265053069800025,2.0644,-5.364052539093955
2.2676000000000003,-8.281088705531536,2.0661,-5.367812108441903
2.269,-8.297007561989894,2.0678,-5.371531320782815
2.2704,-8.312808495389598,2.0695,-5.375210836340246
2.2718000000000003,-8.328490373174427,2.0712,-5.37885131669119
2.2732,-8.344052074355055,2.0729,-5.382453424626106
2.2746,-8.359492489845495,2.0746,-5.386017824011101
2.2760000000000002,-8.374810522798079,2.0763,-5.389545179652362
2.2774,-8.39000508893678,2.0780000000000003,-5.393036157162749
2.2788,-8.405075116888703,2.0797,-5.396491422830686
2.2802000000000002,-8.420019548513478,2.0814,-5.399911643491267
2.2816,-8.434837339230315,2.0831,-5.403297486399676
2.2830000000000004,-8.44952745834259,2.0848,-5.4066496191068225
2.2844,-8.464088889359626,2.0865,-5.409968709337343
2.2858,-8.478520630315538,2.0882,-5.4132554248698295
2.2872000000000003,-8.492821694084858,2.0899,-5.416510433419434
2.2886,-8.506991108694729,2.0916,-5.419734402522758
2.29,-8.521027917633496,2.0933,-5.422927999425033
2.2914000000000003,-8.534931180155391,2.095,-5.426091890969685
2.2928,-8.548699971581128,2.0967000000000002,-5.429226743490157
2.2942,-8.562333383594233,2.0984,-5.43233322270409
2.2956000000000003,-8.575830524532783,2.1001000000000003,-5.435411993609835
2.297,-8.589190519676443,2.1018,-5.438463720385231
2.2984,-8.60241251152852,2.1035,-5.44148906628876
2.2998000000000003,-8.61549566009285,2.1052,-5.444488693562962
2.3012,-8.628439143145282,2.1069,-5.447463263340167
2.3026,-8.641242156499576,2.1086,-5.450413435550524
2.3040000000000003,-8.6539039142675,2.1103,-5.453339868832293
2.3054,-8.6664236491129,2.112,-5.456243220444453
2.3068,-8.678800612499597,2.1137,-5.459124146181482
2.3082000000000003,-8.691034074932858,2.1154,-5.461983300290507
2.3096,-8.70312332619427,2.1171,-5.464821335390569
2.311,-8.715067675569873,2.1188000000000002,-5.467638902394178
2.3124000000000002,-8.726866452071283,2.1205,-5.470436650431041
2.3138,-8.7385190046497,2.1222000000000003,-5.47321522677398
2.3152,-8.750024702402598,2.1239,-5.475975276767012
2.3166,-8.761382934772953,2.1256,-5.478717443755597
2.318,-8.772593111740774,2.1273,-5.481442369018986
2.3194,-8.783654664006898,2.129,-5.48415069170467
2.3208,-8.794567043168804,2.1307,-5.486843048764971
2.3222,-8.805329721888311,2.1324,-5.489520074895622
2.3236,-8.81594219405111,2.1341,-5.492182402476421
2.325,-8.82640397491784,2.1358,-5.49483066151395
2.3264,-8.836714601266754,2.1375,-5.497465479586174
2.3278,-8.846873631527737,2.1391999999999998,-5.500087481789128
2.3292,-8.856880645907632,2.1409000000000002,-5.50269729068546
2.3306,-8.866735246506696,2.1426,-5.505295526254935
2.332,-8.8764370574262,2.1443000000000003,-5.507882805846819
2.3334,-8.885985724866986,2.146,-5.510459744134116
2.3348,-8.895380917218938,2.1477,-5.5130269530696605
2.3362000000000003,-8.904622325141313,2.1494,-5.515585041844001
2.3376,-8.913709661633805,2.1511,-5.5181346168450665
2.339,-8.922642662098394,2.1528,-5.5206762816195765
2.3404000000000003,-8.931421084391788,2.1545,-5.5232106368362235
2.3418,-8.94004470886854,2.1562,-5.525738280250451
2.3432000000000004,-8.948513338414749,2.1579,-5.5282598066710005
2.3446000000000002,-8.95682679847231,2.1596,-5.5307758079280145
2.346,-8.964984937053757,2.1612999999999998,-5.533286872842781
2.3474000000000004,-8.972987624747606,2.1630000000000003,-5.535793587199045
2.3488,-8.980834754714271,2.1647,-5.538296533715872
2.3502,-8.988526242672533,2.1664000000000003,-5.540796292021978
2.3516000000000004,-8.996062026876574,2.1681,-5.543293438631617
2.353,-9.003442068083588,2.1698,-5.545788546921843
2.3544,-9.010666349512073,2.1715,-5.5482821871112495
2.3558000000000003,-9.017734876790735,2.1732,-5.550774926240072
2.3572,-9.024647677898148,2.1749,-5.55326732815164
2.3586,-9.03140480309319,2.1766,-5.555759953475185
2.3600000000000003,-9.038006324836319,2.1783,-5.5582533596099095
2.3614,-9.044452337701747,2.18,-5.560748100710344
2.3628,-9.05074295828066,2.1817,-5.56324472767293
2.3642000000000003,-9.056878325075484,2.1834,-5.565743788123823
2.3656,-9.062858598385349,2.1851000000000003,-5.568245826407821
2.367,-9.068683960182852,2.1868,-5.570751383578493
2.3684000000000003,-9.074354613982216,2.1885,-5.5732609973893465
2.3698,-9.07987078469894,2.1902,-5.575775202286159
2.3712,-9.085232718501146,2.1919,-5.5782945294002895
2.3726000000000003,-9.090440682652648,2.1936,-5.580819506543034
2.374,-9.095494965347962,2.1953,-5.583350658200969
2.3754,-9.10039587553937,2.197,-5.5858885055322265
2.3768000000000002,-9.105143742756173,2.1987,-5.5884335663637525
2.3782,-9.109738916916342,2.2004,-5.590986355189407
2.3796,-9.114181768130656,2.2021,-5.593547383168939
2.3810000000000002,-9.118472686499564,2.2038,-5.59611715812784
2.3824,-9.122612081902883,2.2055,-5.598696184557937
2.3838,-9.12660038378258,2.2072000000000003,-5.601284963618855
2.3852,-9.130438040918722,2.2089,-5.603883993140109
2.3866,-9.134125521198904,2.2106,-5.606493767624059
2.388,-9.137663311381207,2.2123,-5.60911477824942
2.3894,-9.141051916851021,2.214,-5.611747512875528
2.3908,-9.144291861371812,2.2157,-5.614392456047201
2.3922,-9.14738368683011,2.2174,-5.617050089000234
2.3936,-9.1503279529749,2.2191,-5.619720889667436
2.395,-9.153125237151597,2.2208,-5.6224053326852435
2.3964,-9.15577613403088,2.2225,-5.625103889400863
2.3978,-9.158281255332517,2.2242,-5.627817027879916
2.3992,-9.160641229544472,2.2259,-5.630545212914494
2.4006000000000003,-9.162856701637446,2.2276,-5.633288906031759
2.402,-9.164928332775109,2.2293000000000003,-5.63604856550289
2.4034,-9.166856800020252,2.231,-5.638824646352424
2.4048000000000003,-9.168642796037016,2.2327,-5.641617600367997
2.4062,-9.170287028789508,2.2344,-5.644427876110408
2.4076000000000004,-9.171790221236947,2.2361,-5.647255918923979
2.4090000000000003,-9.173153111025607,2.2378,-5.650102170947249
2.4104,-9.174376450177771,2.2395,-5.652967071123877
2.4118000000000004,-9.175461004777898,2.2412,-5.655851055213848
2.4132000000000002,-9.176407554656246,2.2429,-5.658754555804824
2.4146,-9.17721689307016,2.2446,-5.661678002323764
2.4160000000000004,-9.177889826383264,2.2463,-5.66462182104864
2.4174,-9.178427173742715,2.248,-5.667586435120341
2.4188,-9.178829766754829,2.2497,-5.670572264554702
2.4202000000000004,-9.179098449159206,2.2514000000000003,-5.673579726254573
2.4216,-9.179234076501618,2.2531,-5.676609234022046
2.423,-9.179237515805863,2.2548,-5.67966119857066
2.4244000000000003,-9.179109645244754,2.2565,-5.682736027537681
2.4258,-9.178851353810542,2.2582,-5.685834125496357
2.4272,-9.178463540984847,2.2599,-5.6889558939681955
2.4286000000000003,-9.17794711640841,2.2616,-5.692101731435152
2.43,-9.177302999550822,2.2633,-5.695272033351799
2.4314,-9.17653211938038,2.265,-5.6984671921574055
2.4328000000000003,-9.175635414034366,2.2667,-5.701687597287898
2.4342,-9.174613830489822,2.2684,-5.704933635187715
2.4356,-9.173468324235074,2.2701000000000002,-5.708205689321508
2.4370000000000003,-9.172199858942188,2.2718,-5.711504140185667
2.4384,-9.170809406140489,2.2735000000000003,-5.7148293653196935
2.4398,-9.169297944891344,2.2752,-5.718181739317321
2.44,-9.16907220103605,2.2769,-5.721561633837437
2.4412000000000003,-9.167666461464403,2.2786,-5.724969417614752
2.4426,-9.165915949015387,2.2803,-5.728405456470197
2.444,-9.16404740726569,2.282,-5.731870113321012
2.4454000000000002,-9.162061842183826,2.2837,-5.735363748190595
2.4468,-9.159960265669016,2.2854,-5.7388867182179215
2.4482,-9.157743695236888,2.2871,-5.742439377666704
2.4496,-9.155413153707627,2.2888,-5.7460220779341515
2.451,-9.152969668896539,2.2905,-5.749635167559325
2.4524,-9.150414273307284,2.2922000000000002,-5.75327899223111
2.4538,-9.147748003827832,2.2939,-5.756953894795779
2.4552,-9.14497190142931,2.2956000000000003,-5.760660215264059
2.4566,-9.142087010867838,2.2973,-5.764398290817781
2.458,-9.13909438038948,2.299,-5.768168455816043
2.4594,-9.135995061438397,2.3007,-5.77197104180085
2.4608,-9.132790108368336,2.3024,-5.775806377502244
2.4622,-9.12948057815756,2.3041,-5.7796747888429065
2.4636,-9.126067530127251,2.3058,-5.783576598942198
2.4650000000000003,-9.122552025663564,2.3075,-5.787512128119602
2.4664,-9.11893512794338,2.3092,-5.79148169389761
2.4678,-9.115217901663799,2.3109,-5.795485611003959
2.4692000000000003,-9.111401412775507,2.3126,-5.799524191373264
2.4706,-9.1074867282201,2.3143000000000002,-5.803597744147975
2.4720000000000004,-9.103474915671356,2.316,-5.807706575678685
2.4734000000000003,-9.099367043280598,2.3177000000000003,-5.811850989523741
2.4748,-9.095164179426146,2.3194,-5.816031286448161
2.4762000000000004,-9.09086739246697,2.3211,-5.820247764421781
2.4776000000000002,-9.08647775050055,2.3228,-5.8245007186167275
2.479,-9.081996321124999,2.3245,-5.828790441404076
2.4804000000000004,-9.077424171205505,2.3262,-5.833117222349743
2.4818000000000002,-9.072762366645117,2.3279,-5.837481348209584
2.4832,-9.068011972159885,2.3296,-5.841883102923661
2.4846000000000004,-9.063174051058475,2.3313,-5.846322767609681
2.486,-9.058249665026146,2.333,-5.850800620555573
2.4874,-9.053239873913226,2.3347,-5.855316937211193
2.4888000000000003,-9.048145735528037,2.3364000000000003,-5.859871990179146
2.4902,-9.042968305434346,2.3381,-5.864466049204636
2.4916,-9.03770863675328,2.3398000000000003,-5.869099381164498
2.4930000000000003,-9.032367779969743,2.3415,-5.873772250055121
2.4944,-9.026946782743408,2.3432,-5.878484916979568
2.4958,-9.021446689724117,2.3449,-5.883237640133558
2.4972000000000003,-9.015868542371884,2.3466,-5.888030674790531
2.4986,-9.01021337878134,2.3483,-5.892864273285642
2.5,-9.004482233510721,2.35,-5.897738684998721
2.5014000000000003,-8.99867613741528,2.3517,-5.902654156336134
2.5028,-8.992796117485222,2.3534,-5.9076109307115985
2.5042,-8.986843196688062,2.3551,-5.912609248525833
2.5056000000000003,-8.980818393815394,2.3568,-5.917649347145132
2.507,-8.974722723334132,2.3585000000000003,-5.922731460878734
2.5084,-8.968557195242068,2.3602,-5.927855820955097
2.5098000000000003,-8.962322814927818,2.3619000000000003,-5.933022655496845
2.5112,-8.956020583035084,2.3636,-5.938232189494639
2.5126,-8.949651495331224,2.3653,-5.943484644779752
2.5140000000000002,-8.943216542580071,2.367,-5.948780239995356
2.5154,-8.936716710418978,2.3687,-5.954119190566605
2.5168,-8.930152979240061,2.3704,-5.959501708669342
2.5182,-8.923526324075578,2.3721,-5.964928003197559
2.5196,-8.916837714487421,2.3738,-5.970398279729414
2.521,-8.910088114460676,2.3755,-5.975912740491988
2.5224,-8.90327848230119,2.3772,-5.9814715843246
2.5238,-8.896409770537142,2.3789,-5.98707500664069
2.5252,-8.889482925824492,2.3806000000000003,-5.992723199388314
2.5266,-8.882498888856375,2.3823,-5.998416351009165
2.528,-8.87545859427626,2.3840000000000003,-6.004154646396099
2.5294000000000003,-8.868362970594934,2.3857,-6.00993826684917
2.5308,-8.861212940111187,2.3874,-6.015767390030166
2.5322,-8.854009418836192,2.3891,-6.021642189915514
2.5336000000000003,-8.846753316421482,2.3908,-6.027562836747718
2.535,-8.839445536090535,2.3925,-6.033529496985114
2.5364,-8.832086974573809,2.3942,-6.0395423332500435
2.5378000000000003,-8.824678522047295,2.3959,-6.045601504275361
2.5392,-8.817221062074442,2.3976,-6.051707164849293
2.5406000000000004,-8.809715471551407,2.3993,-6.057859465758573
2.5420000000000003,-8.80216262065565,2.401,-6.064058553729882
2.5434,-8.79456337279767,2.4027000000000003,-6.070304571369533
2.5448000000000004,-8.786918584576002,2.4044,-6.076597657101352
2.5462000000000002,-8.779229105735265,2.4061,-6.082937945102833
2.5476,-8.771495779127275,2.4078,-6.089325565239406
2.5490000000000004,-8.763719440675175,2.4095,-6.09576064299688
2.5504000000000002,-8.755900919340476,2.4112,-6.102243299412033
2.5518,-8.748041037092994,2.4129,-6.108773651001242
2.5532000000000004,-8.740140608883568,2.4146,-6.1153518096872785
2.5546,-8.732200442619604,2.4163,-6.121977882724065
2.556,-8.724221339143238,2.418,-6.128651972619496
2.5574000000000003,-8.716204092212209,2.4197,-6.135374177056247
2.5588,-8.708149488483272,2.4214,-6.1421445888105595
2.5602,-8.70005830749816,2.4231,-6.148963295668946
2.5616000000000003,-8.69193132167198,2.4248000000000003,-6.155830380342845
2.563,-8.683769296284073,2.4265,-6.162745920381102
2.5644,-8.675572989471153,2.4282,-6.169709988080402
2.5658000000000003,-8.667343152222807,2.4299,-6.1767226503934625
2.5672,-8.659080528379189,2.4316,-6.183783968835058
2.5686,-8.6507858546309,2.4333,-6.190893999385837
2.5700000000000003,-8.642459860521011,2.435,-6.198052792393886
2.5714,-8.634103268449145,2.4367,-6.205260392474003
2.5728,-8.625716793677562,2.4384,-6.212516838404709
2.5742000000000003,-8.6173011443392,2.44,-6.21939108449331
2.5756,-8.608857021447673,2.4401,-6.219822163022899
2.577,-8.600385118909031,2.4418,-6.227176393116174
2.5784000000000002,-8.591886123535408,2.4435000000000002,-6.2345795493127465
2.5798,-8.583360715060364,2.4452,-6.242031645969
2.5812,-8.57480956615593,2.4469000000000003,-6.24953269105458
2.5826000000000002,-8.566233342451305,2.4486,-6.257082686035028
2.584,-8.557632702553162,2.4503,-6.264681625751965
2.5854,-8.549008298067454,2.452,-6.2723294983007305
2.5868,-8.540360773622762,2.4537,-6.280026284905507
2.5882,-8.531690766895064,2.4554,-6.287771959791901
2.5896,-8.522998908633909,2.4571,-6.295566490056917
2.591,-8.514285822689944,2.4588,-6.303409835536345
2.5924,-8.505552126043748,2.4605,-6.311301948669525
2.5938,-8.496798428835923,2.4622,-6.3192427743614346
2.5952,-8.488025334398412,2.4639,-6.327232249842116
2.5966,-8.479233439286967,2.4656000000000002,-6.335270304523445
2.5980000000000003,-8.470423333314763,2.4673,-6.34335685985312
2.5994,-8.461595599587117,2.4690000000000003,-6.351491829165965
2.6008,-8.45275081453718,2.4707,-6.359675117532437
2.6022000000000003,-8.443889547962737,2.4724,-6.367906621604412
2.6036,-8.435012363063871,2.4741,-6.376186229458117
2.6050000000000004,-8.426119816481615,2.4758,-6.384513820434293
2.6064000000000003,-8.417212458337467,2.4775,-6.392889264975526
2.6078,-8.408290832273742,2.4792,-6.401312424460714
2.6092000000000004,-8.399355475494744,2.4809,-6.409783151036698
2.6106000000000003,-8.390406918808727,2.4826,-6.418301287447033
2.612,-8.381445686670562,2.4843,-6.426866666857849
2.6134000000000004,-8.372472297225112,2.486,-6.435479112680843
2.6148000000000002,-8.363487262351315,2.4877000000000002,-6.444138438393367
2.6162,-8.354491087706835,2.4894,-6.452844447355592
2.6176000000000004,-8.345484272773358,2.4911000000000003,-6.461596932624799
2.619,-8.336467310902476,2.4928,-6.47039567676667
2.6204,-8.327440689362042,2.4945,-6.479240451663769
2.6218000000000004,-8.318404889383086,2.4962,-6.488131018320997
2.6232,-8.309360386207203,2.4979,-6.497067126668174
2.6246,-8.300307649134375,2.4996,-6.506048515359709
2.6260000000000003,-8.291247141571198,2.5013,-6.515074911571311
2.6274,-8.28217932107955,2.503,-6.524146030793841
2.6288,-8.273104639425572,2.5047,-6.533261576624225
2.6302000000000003,-8.264023542629005,2.5064,-6.542421240553508
2.6316,-8.254936471012853,2.5080999999999998,-6.551624701751994
2.633,-8.24584385925332,2.5098000000000003,-6.560871626851588
2.6344000000000003,-8.236746136429991,2.5115,-6.570161669725229
2.6358,-8.227643726076298,2.5132000000000003,-6.579494471263558
2.6372,-8.218537046230152,2.5149,-6.588869659148773
2.6386000000000003,-8.209426509484787,2.5166000000000004,-6.598286847625716
2.64,-8.2003125230398,2.5183,-6.607745637270233
2.6414,-8.191195488752278,2.52,-6.617245614754838
2.6428000000000003,-8.182075803188116,2.5217,-6.626786352611708
2.6442,-8.17295385767342,2.5234,-6.636367408993059
2.6456,-8.163830038345957,2.5251,-6.645988327428956
2.6470000000000002,-8.154704726206765,2.5268,-6.655648636582584
2.6484,-8.145578297171719,2.5285,-6.66534785000307
2.6498,-8.136451122123185,2.5302,-6.675085465875857
2.6512000000000002,-8.127323566961667,2.5319000000000003,-6.684860966770765
2.6526,-8.118195992657478,2.5336,-6.694673819387713
2.654,-8.109068755302346,2.5353000000000003,-6.7045234743003075
2.6554,-8.099942206161026,2.537,-6.714409365697182
2.6568,-8.09081669172286,2.5387000000000004,-6.724330911121391
2.6582,-8.081692553753243,2.5404,-6.73428751120774
2.6596,-8.072570129345031,2.5421,-6.744278549418307
2.661,-8.063449750969877,2.5438,-6.754303391776112
2.6624000000000003,-8.054331746529407,2.5455,-6.764361386597169
2.6638,-8.045216439406323,2.5472,-6.774451864220925
2.6652,-8.036104148515356,2.5489,-6.7845741367392565
2.6666000000000003,-8.026995188354075,2.5506,-6.794727497724122
2.668,-8.017889869053553,2.5523,-6.804911221954023
2.6694000000000004,-8.008788496428824,2.5540000000000003,-6.815124565139387
2.6708000000000003,-7.99969137202924,2.5557,-6.825366763646981
2.6722,-7.99059879318855,2.5574000000000003,-6.835637034223611
2.6736000000000004,-7.981511053074845,2.5591,-6.845934573719114
2.6750000000000003,-7.972428440740278,2.5608,-6.8562585588089755
2.6764,-7.9633512411705425,2.5625,-6.866608145716542
2.6778000000000004,-7.954279735334153,2.5642,-6.876982469935227
2.6792000000000002,-7.945214200231492,2.5659,-6.887380645950715
2.6806,-7.936154908943585,2.5676,-6.897801766963463
2.6820000000000004,-7.927102130680649,2.5693,-6.908244904611647
2.6834000000000002,-7.918056130830382,2.571,-6.918709108694846
2.6848,-7.909017171005966,2.5727,-6.929193406898549
2.6862000000000004,-7.899985509093828,2.5744,-6.939696804519869
2.6876,-7.890961399301089,2.5761000000000003,-6.950218284194586
2.689,-7.881945092202742,2.5778,-6.960756805625806
2.6904000000000003,-7.872936834788549,2.5795000000000003,-6.971311305314564
2.6918,-7.863936870509632,2.5812,-6.981880696292472
2.6932,-7.854945439324733,2.5829,-6.992463867856897
2.6946000000000003,-7.845962777746215,2.5846,-7.0030596853087825
2.696,-7.83698911888572,2.5863,-7.013666989693514
2.6974,-7.828024692499506,2.588,-7.024284597545087
2.6988000000000003,-7.819069725033473,2.5897,-7.0349113006339525
2.7002,-7.810124439667864,2.5914,-7.0455458657187915
2.7016,-7.801189056361623,2.5931,-7.056187034302632
2.7030000000000003,-7.792263791896422,2.5948,-7.066833522393603
2.7044,-7.783348859920372,2.5965,-7.0774840202707505
2.7058,-7.774444470991345,2.5982000000000003,-7.088137192255233
2.7072000000000003,-7.765550832620005,2.5999,-7.098791676487282
2.7086,-7.756668149312448,2.6016000000000004,-7.109446084709402
2.71,-7.74779662261254,2.6033,-7.120099002056102
2.7114000000000003,-7.738936451143822,2.605,-7.130748986850666
2.7128,-7.73008783065117,2.6067,-7.141394570409366
2.7142,-7.721250954042001,2.6084,-7.1520342568535185
2.7156000000000002,-7.712426011427166,2.6101,-7.1626665229299205
2.717,-7.7036131901614855,2.6118,-7.173289817840037
2.7184,-7.694812674883894,2.6135,-7.183902563078496
2.7198,-7.686024647557254,2.6152,-7.194503152281304
2.7212,-7.677249287507776,2.6169000000000002,-7.205089951084325
2.7226,-7.668486771464097,2.6186,-7.215661296992532
2.724,-7.65973727359596,2.6203000000000003,-7.22621549926051
2.7254,-7.65100096555257,2.622,-7.236750838784748
2.7268000000000003,-7.642278016500528,2.6237000000000004,-7.2472655680083236
2.7282,-7.633568593161442,2.6254,-7.257757910838384
2.7296,-7.624872859849131,2.6271,-7.268226062577173
2.7310000000000003,-7.616190978506485,2.6288,-7.278668189866959
2.7324,-7.6075231087419475,2.6305,-7.289082430649605
2.7338000000000005,-7.598869407865605,2.6322,-7.29946689414127
2.7352000000000003,-7.590230030924937,2.6339,-7.3098196608228525
2.7366,-7.5816051307401775,2.6356,-7.320138782446815
2.7380000000000004,-7.5729948579393,2.6372999999999998,-7.3304222820608675
2.7394000000000003,-7.564399360992651,2.6390000000000002,-7.340668154049292
2.7408,-7.555818786247194,2.6407,-7.350874364192366
2.7422000000000004,-7.547253277960388,2.6424000000000003,-7.361038849744602
2.7436000000000003,-7.538702978333703,2.6441,-7.371159519532347
2.745,-7.5301680275457645,2.6458000000000004,-7.381234254071455
2.7464000000000004,-7.521648563785119,2.6475,-7.39126090570554
2.7478000000000002,-7.513144723282644,2.6492,-7.401237298765585
2.7492,-7.504656640343584,2.6509,-7.411161229751362
2.7506000000000004,-7.496184447379223,2.6526,-7.421030467535449
2.7520000000000002,-7.487728274938198,2.6543,-7.430842753590323
2.7534,-7.479288251737426,2.656,-7.440595802239315
2.7548000000000004,-7.4708645046926945,2.6577,-7.450287300931823
2.7562,-7.4624571589488875,2.6593999999999998,-7.459914910543627
2.7576,-7.454066337909815,2.6611000000000002,-7.469476265702734
2.7590000000000003,-7.445692163267738,2.6628,-7.478968975141433
2.7604,-7.437334755032489,2.6645000000000003,-7.488390622075116
2.7618,-7.428994231560258,2.6662,-7.497738764608432
2.7632000000000003,-7.42067070958202,2.6679000000000004,-7.507010936169385
2.7646,-7.412364304231605,2.6696,-7.516204645971833
2.766,-7.4040751290734255,2.6713,-7.525317379507034
2.7674000000000003,-7.39580329612981,2.673,-7.534346599064619
2.7688,-7.387548915908072,2.6747,-7.543289744283614
2.7702,-7.379312097427132,2.6764,-7.5521442327339
2.7716000000000003,-7.371092948243872,2.6781,-7.560907460528584
2.773,-7.362891574479099,2.6798,-7.569576802967729
2.7744,-7.354708080843174,2.6814999999999998,-7.578149615213822
2.7758000000000003,-7.346542570661319,2.6832000000000003,-7.586623232999358
2.7772,-7.338395145898566,2.6849,-7.594994973366837
2.7786,-7.33026590718436,2.6866000000000003,-7.603262135441616
2.7800000000000002,-7.322154953836851,2.6883,-7.611422001237692
2.7814,-7.314062383886839,2.6900000000000004,-7.619471836496885
2.7828,-7.30598829410137,2.6917,-7.6274088915613625
2.7842000000000002,-7.297932780007031,2.6934,-7.635230402279948
2.7856,-7.2898959359129005,2.6951,-7.642933590948095
2.787,-7.281877854933167,2.6968,-7.650515667281757
2.7884,-7.273878629009426,2.6985,-7.657973829425089
2.7898,-7.265898348932671,2.7002,-7.665305264992024
2.7912000000000003,-7.257937104364931,2.7019,-7.67250715214164
2.7926,-7.249994983860615,2.7036,-7.67957666068718
2.794,-7.24207207488753,2.7053000000000003,-7.686510953238589
2.7954000000000003,-7.234168463847573,2.707,-7.693307186378272
2.7968,-7.226284236097142,2.7087000000000003,-7.699962511869922
2.7982000000000005,-7.2184194759671865,2.7104,-7.706474077899901
2.7996000000000003,-7.210574266782997,2.7121000000000004,-7.712839030350946
2.801,-7.202748690883652,2.7138,-7.719054514107574
2.8024000000000004,-7.194942829641175,2.7155,-7.725117674392823
2.8038000000000003,-7.187156763479395,2.7172,-7.731025658135586
2.8052,-7.179390571892489,2.7189,-7.736775615367991
2.8066000000000004,-7.171644333463227,2.7206,-7.742364700652069
2.8080000000000003,-7.163918125880936,2.7223,-7.7477900745348895
2.8094,-7.156212025959152,2.724,-7.753048905031372
2.8108000000000004,-7.148526109652979,2.7257,-7.758138369133773
2.8122000000000003,-7.140860452076179,2.7274000000000003,-7.76305565434694
2.8136,-7.133215127517936,2.7291,-7.767797960248167
2.8150000000000004,-7.125590209459359,2.7308000000000003,-7.772362500070603
2.8164000000000002,-7.1179857705897085,2.7325,-7.776746502308986
2.8178,-7.110401882822302,2.7342000000000004,-7.780947212346366
2.8192000000000004,-7.102838617310168,2.7359,-7.784961894100608
2.82,-7.0985260374011006,2.7376,-7.7887878316891035
2.8206,-7.095296044461432,2.7393,-7.79242233111038
2.822,-7.087774233954383,2.741,-7.795862721940873
2.8234000000000004,-7.080273254752301,2.7427,-7.799106359045452
2.8248,-7.072793175118007,2.7444,-7.802150624299875
2.8262,-7.065334062628127,2.7461,-7.804992928323518
2.8276000000000003,-7.057895984187093,2.7478,-7.807630712220515
2.829,-7.0504790060409,2.7495000000000003,-7.810061449327548
2.8304,-7.04308319379056,2.7512,-7.812282646966263
2.8318000000000003,-7.0357086124053145,2.7529000000000003,-7.814291848198474
2.8332,-7.028355326235596,2.7546,-7.816086633581998
2.8346,-7.021023399025713,2.7563000000000004,-7.817664622925219
2.8360000000000003,-7.013712893926276,2.758,-7.819023477038125
2.8374,-7.006423873506401,2.7597,-7.820160899477784
2.8388,-6.999156399765617,2.7614,-7.821074638286011
2.8402000000000003,-6.991910534145554,2.7631,-7.821762487717038
2.8416,-6.984686337541374,2.7648,-7.8222222899529665
2.843,-6.977483870312956,2.7665,-7.822451936804647
2.8444000000000003,-6.9703031922958205,2.7682,-7.822449371395813
2.8458,-6.963144362811863,2.7699,-7.822212589828062
2.8472,-6.956007440679767,2.7716000000000003,-7.821739642824463
2.8486000000000002,-6.948892484225258,2.7733,-7.821028637349368
2.85,-6.94179955129108,2.7750000000000004,-7.820077738202195
2.8514,-6.9347286992467305,2.7767,-7.81888516958281
2.8528000000000002,-6.927679984998,2.7784,-7.8174492166262475
2.8542000000000005,-6.920653464996242,2.7801,-7.815768226904419
2.8556,-6.913649195247457,2.7818,-7.813840611892592
2.857,-6.906667231321091,2.7835,-7.81166484839837
2.8584000000000005,-6.8997076283586845,2.7852,-7.80923947995097
2.8598,-6.892770441082247,2.7869,-7.806563118148599
2.8612,-6.885855723802404,2.7886,-7.803634443961842
2.8626000000000005,-6.8789635304263905,2.7903000000000002,-7.80045220899091
2.864,-6.87209391446577,2.792,-7.797015236674793
2.8654,-6.865246929043928,2.7937000000000003,-7.793322423450293
2.8668000000000005,-6.858422626903429,2.7954,-7.789372739859029
2.8682000000000003,-6.851621060413098,2.7971000000000004,-7.785165231600603
2.8696,-6.844842281574905,2.7988,-7.780699020530148
2.8710000000000004,-6.838086342030661,2.8005,-7.77597330559857
2.8724000000000003,-6.831353293068517,2.8022,-7.77098736373389
2.8738,-6.824643185629224,2.8039,-7.7657405506621515
2.8752000000000004,-6.817956070312223,2.8056,-7.760232301666495
2.8766000000000003,-6.811291997381549,2.8073,-7.754462132283098
2.878,-6.804651016771502,2.809,-7.748429638932684
2.8794000000000004,-6.798033178092147,2.8107,-7.74213449948655
2.8808000000000002,-6.791438530634634,2.8124000000000002,-7.735576473766076
2.8822,-6.784867123376306,2.8141,-7.728755403974798
2.8836000000000004,-6.778319004985621,2.8158000000000003,-7.721671215062286
2.8850000000000002,-6.771794223826909,2.8175,-7.714323915019133
2.8864,-6.765292827964937,2.8192000000000004,-7.706713595102492
2.8878000000000004,-6.758814865169268,2.8209,-7.698840429991755
2.8892,-6.752360382918493,2.8226,-7.690704677873984
2.8906,-6.745929428404224,2.8243,-7.682306680459025
2.8920000000000003,-6.739522048534967,2.826,-7.673646862924067
2.8934,-6.733138289939788,2.8277,-7.664725733787811
2.8948,-6.726778198971816,2.8294,-7.655543884714407
2.8962000000000003,-6.720441821711591,2.8311,-7.646101990247355
2.8976,-6.714129203970223,2.8328,-7.636400807473894
2.899,-6.7078403912924,2.8345000000000002,-7.626441175620355
2.9004000000000003,-6.701575428959236,2.8362,-7.616224015579104
2.9018,-6.695334361990949,2.8379000000000003,-7.605750329367863
2.9032,-6.689117235149386,2.8396,-7.5950211995223125
2.9046000000000003,-6.682924092940378,2.8413000000000004,-7.584037788422878
2.906,-6.676754979615982,2.843,-7.572801337556888
2.9074,-6.6706099391765195,2.8447,-7.561313166717239
2.9088000000000003,-6.664489015372482,2.8464,-7.549574673138892
2.9102,-6.658392251706319,2.8481,-7.537587330574601
2.9116,-6.652319691434032,2.8498,-7.525352688311344
2.9130000000000003,-6.646271377566654,2.8515,-7.512872370129077
2.9144,-6.64024735287159,2.8532,-7.50014807320342
2.9158,-6.634247659873789,2.8548999999999998,-7.487181566954098
2.9172000000000002,-6.628272340856829,2.8566000000000003,-7.473974691840856
2.9186000000000005,-6.6223214378638,2.8583,-7.460529358108862
2.92,-6.616394992698119,2.8600000000000003,-7.44684754448544
2.9214,-6.610493046924172,2.8617,-7.432931296830258
2.9228000000000005,-6.604615641867829,2.8634000000000004,-7.418782726740906
2.9242,-6.598762818616879,2.8651,-7.404404010116173
2.9256,-6.592934618021252,2.8668,-7.389797385678989
2.9270000000000005,-6.587131080693217,2.8685,-7.374965153461407
2.9284,-6.5813522470074,2.8702,-7.359909673253716
2.9298,-6.575598157100673,2.8719,-7.344633363020089
2.9312000000000005,-6.569868850871993,2.8736,-7.329138697282901
2.9326000000000003,-6.564164367982053,2.8753,-7.313428205478154
2.934,-6.558484747852864,2.877,-7.297504470284243
2.9354000000000005,-6.552830029667217,2.8787000000000003,-7.281370125926365
2.9368000000000003,-6.547200252368052,2.8804,-7.265027856458993
2.9382,-6.541595454657678,2.8821000000000003,-7.248480394028542
2.9396000000000004,-6.536015674996937,2.8838,-7.231730517118759
2.9410000000000003,-6.530460951604267,2.8855000000000004,-7.214781048780847
2.9424,-6.524931322454613,2.8872,-7.197634854850921
2.9438000000000004,-6.519426825278311,2.8889,-7.180294842156648
2.9452000000000003,-6.513947497559816,2.8906,-7.162763956715661
2.9466,-6.5084933765364,2.8923,-7.145045181927605
2.9480000000000004,-6.503064499196696,2.894,-7.127141536762202
2.9494000000000002,-6.497660902279207,2.8957,-7.109056073945239
2.9508,-6.492282622270695,2.8974,-7.090791878144666
2.9522000000000004,-6.486929695404511,2.8991,-7.072352064158739
2.9536000000000002,-6.481602157658824,2.9008000000000003,-7.0537397751081565
2.955,-6.47630004475479,2.9025,-7.034958180634159
2.9564000000000004,-6.471023392154629,2.9042000000000003,-7.016010475104299
2.9578,-6.46577223505963,2.9059,-6.996899875827848
2.9592,-6.460546608408104,2.9076000000000004,-6.977629621282301
2.9606000000000003,-6.455346546873234,2.9093,-6.9582029693529535
2.962,-6.450172084860881,2.911,-6.938623195586793
2.9634,-6.44502325650733,2.9127,-6.9188935914625365
2.9648000000000003,-6.439900095676929,2.9144,-6.899017462678016
2.9662,-6.434802635959741,2.9161,-6.8789981274564616
2.9676,-6.429730910669073,2.9178,-6.858838914872891
2.9690000000000003,-6.424684952838961,2.9195,-6.83854316320189
2.9704,-6.4196647952216415,2.9212,-6.8181142182879375
2.9718,-6.414670470284907,2.9229000000000003,-6.797555431939321
2.9732000000000003,-6.409702010209484,2.9246,-6.776870160346791
2.9746,-6.404759446886274,2.9263000000000003,-6.756061762527676
2.976,-6.399842811913655,2.928,-6.735133598796633
2.9774000000000003,-6.394952136594646,2.9297000000000004,-6.714089029263467
2.9788,-6.390087451934087,2.9314,-6.692931412359158
2.9802,-6.38524878863575,2.9331,-6.671664103390355
2.9816000000000003,-6.380436177099443,2.9348,-6.650290453123251
2.9830000000000005,-6.375649647418048,2.9365,-6.628813806397153
2.9844,-6.370889229374565,2.9382,-6.607237500768285
2.9858000000000002,-6.366154952439059,2.9399,-6.5855648651841925
2.9872000000000005,-6.3614468457656725,2.9416,-6.563799218689094
2.9886,-6.356764938189531,2.9433,-6.541943869160374
2.99,-6.352109258223667,2.9450000000000003,-6.520002112076478
2.9914000000000005,-6.347479834055915,2.9467,-6.497977229316372
2.9928,-6.342876693545785,2.9484000000000004,-6.4758724879904825
2.9942,-6.338299864221305,2.9501,-6.453691139303405
2.9956000000000005,-6.333749373275895,2.9518000000000004,-6.431436417448064
2.997,-6.329225247565155,2.9535,-6.409111538531497
2.9984,-6.324727513603716,2.9552,-6.386719699531916
2.9998000000000005,-6.320256197562035,2.9569,-6.364264077287045
3.0012000000000003,-6.3158113252632075,2.9586,-6.3417478275133945
3.0026,-6.311392922179743,2.9603,-6.319174083856224
3.0040000000000004,-6.307001013430393,2.962,-6.296545956969943
3.0054000000000003,-6.302635623776942,2.9637000000000002,-6.273866533628527
3.0068,-6.29829677762097,2.9654,-6.251138875865616
3.0082000000000004,-6.293984499000702,2.9671000000000003,-6.228366020143844
3.0096000000000003,-6.289698811587799,2.9688,-6.2055509765530426
3.011,-6.285439738684162,2.9705000000000004,-6.182696728036659
3.0124000000000004,-6.281207303218753,2.9722,-6.159806229646132
3.0138000000000003,-6.277001527744478,2.9739000000000004,-6.1368824078224415
3.0152,-6.272822434434971,2.9756,-6.113928159704567
3.0166000000000004,-6.268670045081523,2.9773,-6.090946352463975
3.0180000000000002,-6.264544381089926,2.979,-6.067939822664863
3.0194,-6.260445463477383,2.9807,-6.044911375649356
3.0208000000000004,-6.256373312869457,2.9824,-6.0218637849471275
3.0222,-6.252327949496992,2.9841,-5.998799791708849
3.0236,-6.248309393193082,2.9858000000000002,-5.975722104162805
3.0250000000000004,-6.244317663390122,2.9875,-5.95263339709411
3.0264,-6.240352779116778,2.9892000000000003,-5.929536311345817
3.0278,-6.236414758995056,2.9909,-5.9064334533414655
3.0292000000000003,-6.2325036212374405,2.9926000000000004,-5.883327394628174
3.0306,-6.228619383643976,2.9943,-5.860220671440066
3.032,-6.2247620635994325,2.996,-5.837115784280991
3.0334000000000003,-6.220931678070513,2.9977,-5.814015197526334
3.0348,-6.217128243603106,2.9994,-5.79092133904314
3.0362,-6.21335177631953,3.0011,-5.767836599828024
3.0376000000000003,-6.209602291915896,3.0028,-5.744763333662426
3.039,-6.205879805659443,3.0045,-5.721703856784615
3.0404,-6.202184332385945,3.0062,-5.698660447577987
3.0418000000000003,-6.198515886497196,3.0079000000000002,-5.675635346275277
3.0432,-6.194874481958501,3.0096,-5.652630754678139
3.0446,-6.191260132296237,3.0113000000000003,-5.6296488358918095
3.0460000000000003,-6.187672850595441,3.013,-5.606691714074553
3.0474000000000006,-6.184112649497501,3.0147000000000004,-5.583761474201351
3.0488,-6.180579541197865,3.0164,-5.560860161841918
3.0502000000000002,-6.1770735374437935,3.0181,-5.537989782952496
3.0516000000000005,-6.173594649532211,3.0198,-5.515152303681518
3.053,-6.170142888307568,3.0215,-5.492349650188832
3.0544000000000002,-6.1667182641598295,3.0232,-5.469583708478556
3.0558000000000005,-6.163320787022437,3.0249,-5.446856324245503
3.0572,-6.159950466370411,3.0266,-5.4241693027351845
3.0586,-6.156607311218457,3.0283,-5.401524408617638
3.0600000000000005,-6.153291330119197,3.0300000000000002,-5.3789233658751225
3.0614,-6.150002531161416,3.0317,-5.356367857704014
3.0628,-6.146740921968391,3.0334000000000003,-5.333859526431148
3.0642000000000005,-6.143506509696293,3.0351,-5.311399973445167
3.0656000000000003,-6.14029930103266,3.0368000000000004,-5.288990759143045
3.067,-6.1371193021949395,3.0385,-5.266633402892688
3.0684000000000005,-6.133966518929083,3.0402,-5.244329383011874
3.0698000000000003,-6.130840956508246,3.0419,-5.222080136764589
3.0712,-6.127742619731521,3.0436,-5.199887060375218
3.0726000000000004,-6.1246715129228,3.0453,-5.177751509061707
3.0740000000000003,-6.121627639929641,3.047,-5.155674797088512
3.0754,-6.118611004122265,3.0487,-5.13365819784044
3.0768000000000004,-6.115621608392617,3.0504000000000002,-5.111702943918479
3.0782000000000003,-6.1126594551534925,3.0521000000000003,-5.089810227258838
3.0796,-6.109724546337743,3.0538,-5.0679811992765575
3.0810000000000004,-6.106816883397559,3.0555000000000003,-5.046216971034919
3.0824000000000003,-6.103936467303859,3.0572,-5.024518613442403
3.0838,-6.101083298545722,3.0589000000000004,-5.002887157478418
3.0852000000000004,-6.098257377129913,3.0606,-4.981323594449746
3.0866000000000002,-6.095458702580505,3.0623,-4.959828876279208
3.088,-6.092687273938545,3.064,-4.9384039158285225
3.0894000000000004,-6.089943089761851,3.0657,-4.917049587257029
3.0908,-6.087226148124852,3.0674,-4.8957667264184295
3.0922,-6.084536446618523,3.0691,-4.874556131297375
3.0936000000000003,-6.081873982350418,3.0708,-4.853418562488036
3.095,-6.079238751944741,3.0725,-4.832354743716741
3.0964,-6.076630751542577,3.0742000000000003,-4.811365362410817
3.0978000000000003,-6.074049976802125,3.0759,-4.790451070315859
3.0992,-6.071496422899058,3.0776000000000003,-4.769612484163471
3.1006,-6.0689700845269865,3.0793,-4.748850186391945
3.1020000000000003,-6.066470955897943,3.0810000000000004,-4.728164725921725
3.1034,-6.0639990307430125,3.0827,-4.707556618988239
3.1048,-6.061554302313027,3.0844,-4.687026350033808
3.1062000000000003,-6.059136763379312,3.0861,-4.666574372661167
3.1076,-6.0567464062345895,3.0878,-4.646201110650278
3.109,-6.054383222693895,3.0895,-4.625906959040582
3.1104000000000003,-6.05204720409559,3.0912,-4.605692285280437
3.1118000000000006,-6.049738341302527,3.0929,-4.585557430445523
3.1132,-6.047456624703215,3.0946,-4.565502710527691
3.1146000000000003,-6.0452020442130845,3.0963000000000003,-4.5455284177957225
3.1160000000000005,-6.042974589275892,3.098,-4.525634822229154
3.1174,-6.040774248865143,3.0997000000000003,-4.505822173026075
3.1188000000000002,-6.0386010114856346,3.1014,-4.4860907001857555
3.1202000000000005,-6.0364548651750605,3.1031000000000004,-4.466440616166335
3.1216,-6.0343357975057454,3.1048,-4.446872117617875
3.123,-6.032243795586361,3.1065,-4.427385387190403
3.1244000000000005,-6.030178846063857,3.1082,-4.40798059541646
3.1258,-6.028140935125351,3.1099,-4.388657902667096
3.1272,-6.026130048500191,3.1116,-4.369417461179913
3.1286000000000005,-6.024146171462045,3.1133,-4.350259417157234
3.1300000000000003,-6.022189288831093,3.115,-4.331183912932065
3.1314,-6.020259384976281,3.1167,-4.312191089198896
3.1328000000000005,-6.01835644381767,3.1184000000000003,-4.293281087305875
3.1342000000000003,-6.016480448828862,3.1201,-4.274454051604413
3.1356,-6.014631383039505,3.1218000000000004,-4.255710131851388
3.1370000000000005,-6.0128092290378525,3.1235,-4.237049485658915
3.1384000000000003,-6.011013968973437,3.1252000000000004,-4.218472280985507
3.1398,-6.009245584559782,3.1269,-4.19997869866228
3.1412000000000004,-6.007504057077195,3.1286,-4.181568934946667
3.1426000000000003,-6.00578936737569,3.1303,-4.163243204095935
3.144,-6.004101495877889,3.132,-4.145001740951577
3.1454000000000004,-6.002440422582059,3.1337,-4.126844803525374
3.1468000000000003,-6.000806127065218,3.1354,-4.108772675576915
3.1482,-5.99919858848629,3.1371,-4.090785669171867
3.1496000000000004,-5.997617785589325,3.1388,-4.072884127209457
3.1510000000000002,-5.996063696706825,3.1405000000000003,-4.0550684259070575
3.1524,-5.994536299763107,3.1422,-4.037338977229111
3.1538000000000004,-5.9930355722777175,3.1439000000000004,-4.019696231246913
3.1552000000000002,-5.991561491368975,3.1456,-4.002140678415471
3.1566,-5.990114033757487,3.1473,-3.9846728517527503
3.1580000000000004,-5.988693175769822,3.149,-3.967293328906607
3.1594,-5.987298893342189,3.1507,-3.950002734093891
3.1608,-5.985931162024176,3.1524,-3.9328017398961763
3.1622000000000003,-5.984589956982585,3.1541,-3.915691068896175
3.1636,-5.983275253005294,3.1558,-3.8986714951388053
3.165,-5.981987024505182,3.1575,-3.8817438454007718
3.1664000000000003,-5.980725245524136,3.1592000000000002,-3.8649090002526143
3.1678,-5.979489889737072,3.1609,-3.8481678948972493
3.1692,-5.978280930456056,3.1626000000000003,-3.8315215197694203
3.1706000000000003,-5.977098340634427,3.1643,-3.8149709208807483
3.172,-5.9759420928710245,3.1660000000000004,-3.798517199895601
3.1734,-5.974812159414422,3.1677,-3.7821615139238185
3.1748000000000003,-5.973708512167248,3.1694000000000004,-3.7659050750167817
3.1762,-5.972631122690521,3.1711,-3.7497491493546695
3.1776,-5.971579962208047,3.1728,-3.7336950561133824
3.1790000000000003,-5.970555001610874,3.1745,-3.7177441660011534
3.1804000000000006,-5.969556211461773,3.1762,-3.7018978994560054
3.1818,-5.968583561999764,3.1779,-3.6861577244967663
3.1832000000000003,-5.967637023144686,3.1796,-3.6705251542219504
3.1846000000000005,-5.966716564501809,3.1813000000000002,-3.655001743952559
3.186,-5.9658221553664905,3.183,-3.6395890880166863
3.1874000000000002,-5.964953764728854,3.1847000000000003,-3.624288816175726
3.1888000000000005,-5.964111361278518,3.1864,-3.609102589694238
3.1902,-5.963294913409341,3.1881000000000004,-3.5940320970573163
3.1916,-5.9625043892242315,3.1898,-3.5790790493419813
3.1930000000000005,-5.961739756539947,3.1915000000000004,-3.564245175250909
3.1944000000000004,-5.96100098289197,3.1932,-3.5495322158196263
3.1958,-5.960288035539369,3.1949,-3.5349419188101825
3.1972000000000005,-5.9596008814697266,3.1966,-3.52047603280708
3.1986000000000003,-5.958939487404049,3.1983,-3.5061363010332562
3.2,-5.958303819801754,3.2,-3.4919244549064836
