freq_GHz,S11_dB
1.5,-0.35893388049301816
1.502,-0.3610033773782603
1.504,-0.3630800636734944
1.506,-0.3651641062938477
1.508,-0.36725567318907826
1.51,-0.3693549333552192
1.512,-0.37146205684649797
1.514,-0.37357721478737366
1.516,-0.3757005793848723
1.518,-0.37783232394116456
1.52,-0.3799726228661024
1.522,-0.38212165169046797
1.524,-0.3842795870788669
1.526,-0.38644660684325804
1.528,-0.38862288995655736
1.53,-0.3908086165665382
1.532,-0.39300396800974535
1.534,-0.3952091268259721
1.536,-0.39742427677266773
1.538,-0.39964960283982176
1.54,-0.4018852912648485
1.542,-0.40413152954787873
1.544,-0.40638850646739244
1.546,-0.40865641209565073
1.548,-0.4109354378149566
1.55,-0.41322577633378677
1.552,-0.4155276217030779
1.554,-0.41784116933330473
1.556,-0.4201666160113129
1.558,-0.42250415991740486
1.56,-0.4248540006430218
1.562,-0.4272163392085375
1.564,-0.42959137808122416
1.566,-0.4319793211935211
1.568,-0.4343803739618313
1.57,-0.43679474330492046
1.572,-0.43922263766369596
1.574,-0.4416642670200397
1.576,-0.4441198429167885
1.578,-0.4465895784778156
1.58,-0.44907368842807965
1.582,-0.45157238911422026
1.584,-0.45408589852566883
1.586,-0.4566144363155231
1.588,-0.4591582238223752
1.59,-0.4617174840917721
1.592,-0.4642924418983157
1.594,-0.4668833237683407
1.596,-0.46949035800258254
1.598,-0.4721137746989093
1.6,-0.4747538057761172
1.602,-0.4774106849974692
1.604,-0.4800846479947868
1.606,-0.48277593229258814
1.608,-0.48548477733323636
1.61,-0.4882114245016742
1.612,-0.4909561171510005
1.614,-0.493719100628377
1.616,-0.4965006223006494
1.618,-0.4993009315816592
1.62,-0.5021202799583262
1.6219999999999999,-0.504958921018392
1.624,-0.5078171104778398
1.626,-0.5106951062089438
1.6280000000000001,-0.5135931682686382
1.63,-0.5165115589275823
1.6320000000000001,-0.5194505426985653
1.634,-0.5224103863672006
1.6360000000000001,-0.5253913590208076
1.638,-0.5283937320797573
1.6400000000000001,-0.5314177793276565
1.642,-0.5344637769427597
1.6440000000000001,-0.5375320035298605
1.646,-0.5406227401522333
1.648,-0.5437362703640604
1.65,-0.5468728802435412
1.652,-0.5500328584265426
1.654,-0.553216496140111
1.656,-0.5564240872372532
1.658,-0.5596559282312055
1.66,-0.562912318331616
1.662,-0.5661935594794747
1.664,-0.5694999563838614
1.666,-0.5728318165586259
1.668,-0.5761894503598496
1.67,-0.579573171023371
1.672,-0.5829832947030268
1.674,-0.5864201405099625
1.676,-0.5898840305516735
1.678,-0.5933752899717092
1.68,-0.5968942469906655
1.682,-0.6004412329465495
1.684,-0.6040165823371585
1.686,-0.6076206328611836
1.688,-0.611253725461961
1.69,-0.6149162043698455
1.692,-0.6186084171468607
1.694,-0.6223307147305687
1.696,-0.6260834514796648
1.698,-0.6298669852193094
1.7,-0.6336816772875385
1.702,-0.6375278925825522
1.704,-0.6414059996099228
1.706,-0.6453163705308083
1.708,-0.6492593812115982
1.71,-0.6532354112724585
1.712,-0.6572448441383572
1.714,-0.6612880670899713
1.716,-0.6653654713149891
1.718,-0.6694774519607981
1.72,-0.6736244081874752
1.722,-0.6778067432215182
1.724,-0.6820248644107335
1.726,-0.6862791832790935
1.728,-0.6905701155831862
1.73,-0.694898081369002
1.732,-0.6992635050292431
1.734,-0.7036668153623759
1.736,-0.7081084456311958
1.738,-0.7125888336234272
1.74,-0.7171084217121854
1.742,-0.7216676569179271
1.744,-0.726266990971175
1.746,-0.7309068803754943
1.748,-0.7355877864723681
1.75,-0.7403101755059205
1.752,-0.7450745186894069
1.754,-0.7498812922721209
1.756,-0.7547309776072231
1.758,-0.7596240612208321
1.76,-0.7645610348818775
1.762,-0.7695423956729543
1.764,-0.7745686460619354
1.766,-0.7796402939750531
1.768,-0.7847578528706699
1.77,-0.7899218418140485
1.772,-0.79513278555353
1.774,-0.800391214597094
1.776,-0.8056976652908349
1.778,-0.8110526798978355
1.78,-0.8164568066786021
1.782,-0.8219105999722387
1.784,-0.8274146202791581
1.786,-0.832969434344647
1.788,-0.838575615243732
1.79,-0.8442337424672263
1.792,-0.8499444020089962
1.794,-0.8557081864543893
1.796,-0.8615256950701501
1.798,-0.8673975338950455
1.8,-0.8733243158323646
1.802,-0.8793066607436235
1.804,-0.8853451955431497
1.806,-0.8914405542944848
1.808,-0.8975933783079831
1.81,-0.903804316239756
1.812,-0.9100740241919542
1.814,-0.9164031658147285
1.816,-0.9227924124094565
1.818,-0.9292424430331871
1.82,-0.9357539446051777
1.822,-0.9423276120144382
1.824,-0.9489641482288806
1.826,-0.9556642644062753
1.828,-0.9624286800064685
1.83,-0.9692581229054924
1.832,-0.9761533295110175
1.834,-0.983115044879671
1.836,-0.9901440228359824
1.838,-0.9972410260928833
1.84,-1.0044068263742618
1.842,-1.0116422045387905
1.844,-1.018947950706069
1.846,-1.026324864384145
1.848,-1.033773754599083
1.85,-1.0412954400263286
1.8519999999999999,-1.0488907491240342
1.854,-1.0565605202681447
1.8559999999999999,-1.0643056018896675
1.858,-1.0721268526136563
1.8599999999999999,-1.0800251414004716
1.862,-1.088001347688823
1.8639999999999999,-1.0960563615410739
1.866,-1.1041910837905704
1.8679999999999999,-1.1124064261910933
1.87,-1.1207033115685712
1.8719999999999999,-1.1290826739747977
1.874,-1.1375454588436587
1.876,-1.1460926231493704
1.8780000000000001,-1.1547251355672226
1.88,-1.1634439766365516
1.8820000000000001,-1.17225013892605
1.884,-1.181144627201721
1.8860000000000001,-1.1901284585970238
1.888,-1.1992026627856238
1.8900000000000001,-1.2083682821567174
1.892,-1.2176263719928695
1.8940000000000001,-1.2269780006505013
1.896,-1.2364242497429887
1.8980000000000001,-1.245966214326507
1.9,-1.2556050030886137
1.9020000000000001,-1.2653417385395773
1.904,-1.275177557206577
1.9060000000000001,-1.2851136098307878
1.908,-1.2951510615673347
1.9100000000000001,-1.3052910921882903
1.912,-1.3155348962886328
1.9140000000000001,-1.3258836834953125
1.916,-1.3363386786794205
1.918,-1.3469011221715486
1.92,-1.3575722699803472
1.922,-1.3683533940143944
1.924,-1.3792457823073745
1.926,-1.3902507392466559
1.928,-1.4013695858053354
1.93,-1.412603659777754
1.932,-1.4239543160186108
1.934,-1.4354229266856908
1.936,-1.447010881486277
1.938,-1.4587195879273505
1.94,-1.4705504715695454
1.942,-1.4825049762850886
1.944,-1.494584564519566
1.946,-1.50679071755786
1.948,-1.519124935794073
1.95,-1.531588739005655
1.952,-1.5441836666318054
1.954,-1.556911278056161
1.956,-1.5697731528938916
1.958,-1.582770891283346
1.96,-1.5959061141820814
1.962,-1.6091804636678344
1.964,-1.6225956032438975
1.966,-1.6361532181496221
1.968,-1.6498550156756537
1.97,-1.6637027254841963
1.972,-1.6776980999345197
1.974,-1.6918429144134914
1.976,-1.7061389676715755
1.978,-1.7205880821641661
1.98,-1.7351921043984377
1.982,-1.7499529052859462
1.984,-1.764872380500737
1.986,-1.7799524508436324
1.988,-1.795195062612251
1.99,-1.8106021879773015
1.992,-1.8261758253649396
1.994,-1.8419179998457482
1.996,-1.8578307635299618
1.998,-1.8739161959695476
2.0,-1.8901764045669163
2.002,-1.9066135249906426
2.004,-1.9232297215983434
2.0060000000000002,-1.9400271878666795
2.008,-1.9570081468288427
2.01,-1.9741748515195598
2.012,-1.9915295854280877
2.0140000000000002,-2.009074662958656
2.016,-2.026812429899658
2.018,-2.0447452639005106
2.02,-2.0628755749576317
2.0220000000000002,-2.0812058059086573
2.024,-2.0997384329357964
2.026,-2.1184759660783543
2.028,-2.137420949754529
2.0300000000000002,-2.156575963292901
2.032,-2.1759436214737162
2.034,-2.1955265750802297
2.036,-2.2153275114606465
2.0380000000000003,-2.2353491551003386
2.04,-2.255594268205216
2.042,-2.2760656512963457
2.044,-2.296766143815803
2.0460000000000003,-2.3176986247446747
2.048,-2.3388660132328005
2.05,-2.3602712692416636
2.052,-2.381917394199177
2.0540000000000003,-2.4038074316684943
2.056,-2.4259444680299165
2.058,-2.448331633176961
2.06,-2.470972101226663
2.0620000000000003,-2.493869091244811
2.064,-2.5170258679861175
2.066,-2.5404457426505567
2.068,-2.564132073655416
2.0700000000000003,-2.5880882674241428
2.072,-2.612317779192501
2.074,-2.63682411383209
2.076,-2.6616108266925274
2.078,-2.6866815244622417
2.08,-2.712039866048563
2.082,-2.7376895634781686
2.084,-2.76363438281825
2.086,-2.789878145118693
2.088,-2.816424727376835
2.09,-2.843278063524787
2.092,-2.8704421454405153
2.094,-2.8979210239833946
2.096,-2.925718810054749
2.098,-2.95383967568495
2.1,-2.982287855147341
2.102,-3.011067646100107
2.104,-3.040183410757428
2.106,-3.0696395770903258
2.108,-3.0994406400590524
2.11,-3.129591162877433
2.112,-3.1600957783107027
2.114,-3.190959190008295
2.116,-3.222186173872277
2.118,-3.2537815794632357
2.12,-3.285750331445053
2.122,-3.3180974310697318
2.124,-3.3508279577040097
2.126,-3.3839470703993686
2.128,-3.4174600095071437
2.13,-3.451372098340477
2.132,-3.485688744884759
2.134,-3.5204154435589547
2.136,-3.555557777029476
2.138,-3.591121418078496
2.14,-3.6271121315298864
2.142,-3.6635357762337732
2.144,-3.7003983071132938
2.146,-3.7377057772754347
2.148,-3.7754643401888344
2.15,-3.8136802519314354
2.152,-3.8523598735108244
2.154,-3.8915096732602876
2.156,-3.931136229313905
2.158,-3.9712462321642743
2.16,-4.011846487305722
2.162,-4.0529439179678475
2.164,-4.094545567942283
2.166,-4.1366586045072875
2.168,-4.179290321454593
2.17,-4.222448142222644
2.172,-4.266139623141566
2.174,-4.310372456794283
2.176,-4.355154475499633
2.178,-4.4004936549225
2.18,-4.446398117817355
2.182,-4.492876137910943
2.184,-4.539936143930813
2.186,-4.5875867237863215
2.188,-4.635836628909681
2.19,-4.684694778764064
2.192,-4.734170265527256
2.194,-4.784272358959046
2.196,-4.835010511461134
2.198,-4.886394363339117
2.2,-4.938433748276502
2.202,-4.991138699030571
2.2039999999999997,-5.044519453362241
2.206,-5.098586460210445
2.208,-5.153350386123671
2.21,-5.208822121962441
2.2119999999999997,-5.265012789885138
2.214,-5.321933750633043
2.216,-5.379596611128893
2.218,-5.438013232406348
2.2199999999999998,-5.497195737886722
2.222,-5.557156522022099
2.224,-5.6179082593236105
2.226,-5.679463913796087
2.2279999999999998,-5.741836748800634
2.23,-5.80504033736859
2.232,-5.869088572991407
2.234,-5.933995680913014
2.2359999999999998,-5.999776229952199
2.238,-6.066445144885413
2.24,-6.1340177194207754
2.242,-6.202509629797933
2.2439999999999998,-6.271936949049158
2.246,-6.342316161960213
2.248,-6.41366418077199
2.25,-6.485998361666514
2.252,-6.559336522084189
2.254,-6.633696958922047
2.2560000000000002,-6.709098467666471
2.258,-6.785560362517652
2.26,-6.863102497567043
2.262,-6.941745289093275
2.2640000000000002,-7.021509739047179
2.266,-7.102417459801455
2.268,-7.184490700246186
2.27,-7.2677523733175455
2.2720000000000002,-7.352226085053429
2.274,-7.437936165277338
2.276,-7.524907700019464
2.278,-7.613166565792254
2.2800000000000002,-7.702739465847154
2.282,-7.793653968549981
2.284,-7.885938548022294
2.286,-7.979622627209287
2.2880000000000003,-8.074736623547368
2.29,-8.17131199741971
2.292,-8.269381303603408
2.294,-8.36897824592986
2.2960000000000003,-8.470137735398728
2.298,-8.572895952008006
2.3,-8.677290410584817
2.302,-8.78336003092835
2.3040000000000003,-8.891145212604085
2.306,-9.000687914760551
2.308,-9.112031741374139
2.31,-9.225222032366231
2.3120000000000003,-9.34030596107993
2.314,-9.457332638651213
2.316,-9.576353225862162
2.318,-9.697421053123056
2.3200000000000003,-9.820591749296053
2.322,-9.945923380146988
2.324,-10.073476597294032
2.326,-10.203314798614409
2.3280000000000003,-10.335504301174305
2.33,-10.470114527864114
2.332,-10.607218209052247
2.334,-10.746891600719355
2.336,-10.889214720702851
2.338,-11.034271604872053
2.34,-11.182150585268808
2.342,-11.332944592495712
2.344,-11.48675148491132
2.346,-11.643674407512872
2.348,-11.803822183749986
2.35,-11.967309743932946
2.352,-12.134258594377854
2.354,-12.304797331986379
2.356,-12.479062209594094
2.358,-12.657197758162877
2.36,-12.839357472746986
2.362,-13.02570457016148
2.364,-13.21641282744033
2.366,-13.411667511531748
2.368,-13.611666412266572
2.37,-13.816620992508113
2.372,-14.026757671593293
2.374,-14.242319260783106
2.376,-14.463566572527018
2.378,-14.690780229022941
2.38,-14.924262699934605
2.382,-15.164340604376514
2.384,-15.411367318569948
2.386,-15.665725938158994
2.388,-15.927832653329661
2.39,-16.198140605972846
2.392,-16.47714431160483
2.394,-16.76538474517622
2.396,-17.06345520992921
2.398,-17.37200813295849
2.4,-17.691762961093264
2.402,-18.0235153673761
2.404,-18.368148023154298
2.406,-18.726643245173648
2.408,-19.100097892564456
2.41,-19.489740966358497
2.412,-19.89695445406367
2.414,-20.323298060961722
2.416,-20.77053856921202
2.418,-21.240684644187663
2.42,-21.73602791829923
2.422,-22.25919102936934
2.424,-22.813182776452294
2.426,-23.401459281511126
2.428,-24.027987198911376
2.43,-24.697298934933066
2.432,-25.41451709250719
2.434,-26.18529877698358
2.436,-27.015594961228793
2.438,-27.911004540360654
2.44,-28.875264365988166
2.442,-29.90694434186706
2.444,-30.99258779872296
2.446,-32.093597498038754
2.448,-33.125424380693104
2.45,-33.939180363580576
2.452,-34.345204954327066
2.454,-34.21835730341529
2.456,-33.60344861762926
2.458,-32.67460021140633
2.46,-31.60927580237468
2.4619999999999997,-30.5236578775126
2.464,-29.47670072493318
2.466,-28.492469726688263
2.468,-27.57731437880288
2.4699999999999998,-26.72953426943725
2.472,-25.944201220109576
2.474,-25.215420616919072
2.476,-24.537335836336382
2.4779999999999998,-23.904535903498413
2.48,-23.312186596861526
2.482,-22.75603794373984
2.484,-22.232380544842854
2.4859999999999998,-21.73798457931231
2.488,-21.270036832829735
2.49,-20.82608222890519
2.492,-20.40397214561733
2.4939999999999998,-20.001819868726173
2.496,-19.617962701226677
2.498,-19.250929947140673
2.5,-18.89941593172641
2.502,-18.56225727252876
2.504,-18.238413708263273
2.5060000000000002,-17.92695189350208
2.508,-17.62703166235234
2.51,-17.337894348360877
2.512,-17.05885281950429
2.5140000000000002,-16.78928294696589
2.516,-16.52861627583217
2.518,-16.27633370641462
2.52,-16.031960028097384
2.5220000000000002,-15.795059174740647
2.524,-15.565230092848699
2.526,-15.342103131867228
2.528,-15.125336880864113
2.5300000000000002,-14.914615388088015
2.532,-14.709645709989596
2.534,-14.510155744630959
2.536,-14.315892311325776
2.5380000000000003,-14.126619444103953
2.54,-13.942116871394518
2.542,-13.762178658336978
2.544,-13.586611991503947
2.5460000000000003,-13.415236088656716
2.548,-13.247881218553974
2.55,-13.08438781786653
2.552,-12.924605693976233
2.5540000000000003,-12.768393303908947
2.556,-12.615617100906896
2.558,-12.466150941223606
2.56,-12.319875544648717
2.5620000000000003,-12.17667800306603
2.564,-12.036451332036147
2.566,-11.899094060989455
2.568,-11.764509858132028
2.5700000000000003,-11.632607186614997
2.572,-11.503298988909128
2.574,-11.376502396667881
2.576,-11.252138463661431
2.5780000000000003,-11.130131919625262
2.58,-11.010410943097817
2.582,-10.8929069515243
2.584,-10.77755440708258
2.5860000000000003,-10.664290636844957
2.588,-10.553055666029337
2.59,-10.443792063217847
2.592,-10.336444796530763
2.5940000000000003,-10.23096109984171
2.596,-10.127290348207554
2.598,-10.025383941764161
2.6,-9.925195197409565
2.6020000000000003,-9.826679247657717
2.604,-9.729792946102467
2.606,-9.634494778981335
2.608,-9.540744782374574
2.6100000000000003,-9.448504464614697
2.612,-9.35773673351894
2.614,-9.268405828090202
2.616,-9.180477254361852
2.6180000000000003,-9.093917725088925
2.62,-9.00869510301254
2.622,-8.924778347446997
2.624,-8.842137463959077
2.6260000000000003,-8.760743456927408
2.628,-8.68056828478635
2.63,-8.601584817774473
2.632,-8.52376679802128
2.6340000000000003,-8.447088801818712
2.636,-8.371526203935343
2.638,-8.297055143841973
2.64,-8.223652493727151
2.6420000000000003,-8.151295828189776
2.644,-8.079963395504187
2.646,-8.00963409036076
2.648,-7.940287427992045
2.6500000000000004,-7.871903519600311
2.652,-7.804463049008809
2.654,-7.737947250463968
2.6559999999999997,-7.6723378875211
2.658,-7.607617232950416
2.66,-7.543768049604676
2.662,-7.480773572193359
2.6639999999999997,-7.418617489912255
2.666,-7.357283929880464
2.668,-7.296757441340006
2.67,-7.237022980576027
2.6719999999999997,-7.1780658965180235
2.674,-7.119871916985984
2.676,-7.0624271355461
2.678,-7.005717998944165
2.6799999999999997,-6.949731295085932
2.682,-6.894454141536261
2.684,-6.839873974509781
2.686,-6.785978538328203
2.6879999999999997,-6.732755875320154
2.69,-6.680194316141668
2.692,-6.628282470495983
2.694,-6.577009218232764
2.6959999999999997,-6.526363700808384
2.698,-6.476335313089296
2.7,-6.426913695482314
2.702,-6.378088726375486
2.7039999999999997,-6.329850514875347
2.706,-6.282189393826295
2.708,-6.235095913098875
2.71,-6.188560833134234
2.7119999999999997,-6.142575118733555
2.714,-6.097129933080481
2.716,-6.052216631986461
2.718,-6.007826758348813
2.7199999999999998,-5.963952036811911
2.722,-5.92058436862247
2.724,-5.877715826670775
2.726,-5.835338650708852
2.7279999999999998,-5.793445242738844
2.73,-5.7520281625636995
2.732,-5.711080123493305
2.734,-5.670593988199659
2.7359999999999998,-5.630562764714597
2.738,-5.590979602564017
2.74,-5.5518377890334545
2.742,-5.513130745558881
2.7439999999999998,-5.474852024238058
2.746,-5.436995304457547
2.748,-5.399554389630409
2.75,-5.362523204040444
2.752,-5.325895789788549
2.754,-5.289666303837327
2.7560000000000002,-5.253829015149945
2.758,-5.218378301919614
2.76,-5.183308648886177
2.762,-5.14861464473657
2.7640000000000002,-5.114290979585752
2.766,-5.080332442535149
2.768,-5.04673391930589
2.77,-5.013490389943552
2.7720000000000002,-4.980596926592365
2.774,-4.948048691335791
2.776,-4.915840934101397
2.778,-4.883968990627531
2.7800000000000002,-4.852428280489468
2.782,-4.821214305183185
2.784,-4.7903226462644835
2.786,-4.759748963541428
2.7880000000000003,-4.729488993318566
2.79,-4.699538546690624
2.792,-4.66989350788459
2.794,-4.640549832647782
2.7960000000000003,-4.6115035466809475
2.798,-4.582750744114637
2.8,-4.5542875860271215
2.802,-4.526110299002968
2.8040000000000003,-4.4982151737305145
2.806,-4.47059856363718
2.808,-4.443256883560915
2.81,-4.416186608457628
2.8120000000000003,-4.389384272142173
2.814,-4.362846466062512
2.816,-4.336569838105985
2.818,-4.310551091436554
2.8200000000000003,-4.284786983361783
2.822,-4.2592743242290885
2.824,-4.234009976350002
2.826,-4.208990852951686
2.8280000000000003,-4.1842139171548665
2.83,-4.159676180977242
2.832,-4.135374704361846
2.834,-4.111306594229268
2.8360000000000003,-4.087469003553553
2.838,-4.063859130460154
2.84,-4.040474217346246
2.842,-4.01731155002224
2.8440000000000003,-3.994368456873893
2.846,-3.9716423080444185
2.848,-3.94913051463621
2.85,-3.9268305279313322
2.8520000000000003,-3.904739838630454
2.854,-3.882855976109515
2.856,-3.861176507693738
2.858,-3.8396990379485585
2.8600000000000003,-3.8184212079867685
2.862,-3.7973406947916155
2.864,-3.7764552105553104
2.866,-3.7557625020326975
2.8680000000000003,-3.735260349909236
2.87,-3.714946568183527
2.872,-3.6948190035633752
2.874,-3.6748755348755062
2.8760000000000003,-3.6551140724881277
2.878,-3.6355325577464725
2.88,-3.6161289624204946
2.882,-3.5969012881647933
2.8840000000000003,-3.577847565990277
2.886,-3.558965855746969
2.888,-3.540254245618391
2.89,-3.521710851626433
2.8920000000000003,-3.5033338171469435
2.894,-3.4851213124355755
2.896,-3.467071534163649
2.898,-3.449182704963814
2.9000000000000004,-3.431453072985093
2.902,-3.4138809114575066
2.904,-3.3964645182653945
2.906,-3.379202215529814
2.908,-3.3620923491994033
2.91,-3.345133288649719
2.912,-3.328323426290711
2.9139999999999997,-3.311661177182152
2.916,-3.2951449786569325
2.918,-3.2787732899518973
2.92,-3.2625445918461433
2.9219999999999997,-3.24645738630649
2.924,-3.230510196140016
2.926,-3.2147015646536996
2.928,-3.1990300553203372
2.9299999999999997,-3.1834942514516085
2.932,-3.1680927558770526
2.934,-3.1528241906296968
2.936,-3.1376871966375273
2.9379999999999997,-3.1226804334211016
2.94,-3.1078025787969876
2.942,-3.093052328586859
2.944,-3.0784283963322174
2.9459999999999997,-3.063929513014532
2.948,-3.0495544267807646
2.95,-3.0353019026740036
2.952,-3.021170722369341
2.9539999999999997,-3.0071596839145305
2.956,-2.993267601475733
2.958,-2.979493305087818
2.96,-2.9658356404094786
2.9619999999999997,-2.952293468482789
2.964,-2.9388656654972634
2.966,-2.9255511225582893
2.968,-2.9123487454597723
2.9699999999999998,-2.8992574544609724
2.972,-2.8862761840674263
2.974,-2.873403882815862
2.976,-2.8606395130629947
2.9779999999999998,-2.8479820507781684
2.98,-2.835430485339735
2.982,-2.822983819335103
2.984,-2.8106410683643377
2.9859999999999998,-2.7984012608473257
2.988,-2.7862634378343194
2.99,-2.774226652819905
2.992,-2.762289971560215
2.9939999999999998,-2.7504524718933876
2.996,-2.7387132435632164
2.998,-2.727071388045856
3.0,-2.7155260183795535
3.002,-2.704076258997409
3.004,-2.692721245562999
3.0060000000000002,-2.681460124808856
3.008,-2.6702920543778004
3.01,-2.659216202666883
3.012,-2.648231748674139
3.0140000000000002,-2.637337881847954
3.016,-2.6265338019389755
3.018,-2.6158187188544813
3.02,-2.6051918525154067
3.0220000000000002,-2.59465243271566
3.024,-2.5841996989837854
3.026,-2.5738329004472305
3.028,-2.563551295698473
3.0300000000000002,-2.5533541526637595
3.032,-2.5432407484739086
3.034,-2.5332103693372505
3.036,-2.523262310414729
3.0380000000000003,-2.513395875697015
3.04,-2.503610377883858
3.042,-2.4939051382650943
3.044,-2.484279486603985
3.0460000000000003,-2.4747327610220555
3.048,-2.465264307886468
3.05,-2.4558734816985
3.052,-2.446559644984319
3.0540000000000003,-2.437322168187438
3.056,-2.4281604295628463
3.058,-2.419073815073009
3.06,-2.4100617182853163
3.0620000000000003,-2.4011235402714295
3.064,-2.3922586895081484
3.066,-2.383466581779808
3.068,-2.374746640082372
3.0700000000000003,-2.3660982945290017
3.072,-2.357520982257192
3.074,-2.349014147337176
3.076,-2.3405772406820233
3.0780000000000003,-2.3322097199591725
3.08,-2.323911049503187
3.082,-2.3156807002300765
3.084,-2.3075181495527937
3.0860000000000003,-2.299422881298139
3.088,-2.2913943856251797
3.09,-2.2834321589443967
3.092,-2.2755357038389246
3.0940000000000003,-2.267704528986152
3.096,-2.2599381490811217
3.098,-2.2522360847609573
3.1,-2.2445978625305028
3.1020000000000003,-2.2370230146888943
3.104,-2.229511079257658
3.106,-2.222061599909574
3.108,-2.2146741258988145
3.1100000000000003,-2.2073482119922003
3.112,-2.200083418401225
3.114,-2.192879310715546
3.116,-2.1857354598370113
3.1180000000000003,-2.1786514419156644
3.12,-2.171626838284721
3.122,-2.1646612353992496
3.124,-2.1577542247734303
3.1260000000000003,-2.1509054029199994
3.128,-2.144114371290616
3.13,-2.1373807362163495
3.132,-2.1307041088498417
3.1340000000000003,-2.1240841051079307
3.136,-2.1175203456154024
3.138,-2.1110124556494463
3.14,-2.1045600650848533
3.1420000000000003,-2.098162808340193
3.144,-2.0918203243245435
3.146,-2.085532256385465
3.148,-2.079298252257828
3.1500000000000004,-2.073117964012039
3.152,-2.0669910480052414
3.154,-2.0609171648310736
3.156,-2.0548959792720733
3.1580000000000004,-2.048927160251252
3.16,-2.0430103807852236
3.162,-2.03714531793804
3.164,-2.0313316527749428
3.166,-2.025569070318054
3.168,-2.0198572595015887
3.17,-2.0141959131279257
3.1719999999999997,-2.0085847278254336
3.174,-2.003023404004875
3.176,-1.997511645818744
3.178,-1.992049161118969
3.1799999999999997,-1.986635661417514
3.182,-1.9812708618451078
3.184,-1.9759544811130287
3.186,-1.9706862414732207
3.1879999999999997,-1.9654658686810076
3.19,-1.9602930919565549
3.192,-1.9551676439480912
3.194,-1.9500892606954754
3.1959999999999997,-1.9450576815934928
3.198,-1.9400726493570022
3.2,-1.9351339099852072
3.202,-1.9302412127276711
3.2039999999999997,-1.9253943100499646
3.206,-1.9205929575999938
3.208,-1.9158369141754952
3.21,-1.911125941690838
3.2119999999999997,-1.9064598051449455
3.214,-1.9018382725901328
3.216,-1.8972611151003924
3.218,-1.8927281067408221
3.2199999999999998,-1.8882390245373906
3.222,-1.8837936484469375
3.224,-1.8793917613275828
3.226,-1.875033148910433
3.2279999999999998,-1.8707175997695504
3.23,-1.8664449052955123
3.232,-1.862214859666023
3.234,-1.8580272598197445
3.2359999999999998,-1.8538819054281426
3.238,-1.8497785988700668
3.24,-1.8457171452047807
3.242,-1.8416973521460194
3.2439999999999998,-1.837719030036638
3.246,-1.8337819918242326
3.248,-1.8298860530347438
3.25,-1.8260310317497372
3.252,-1.8222167485811005
3.254,-1.8184430266483131
3.2560000000000002,-1.8147096915537977
3.258,-1.8110165713613298
3.26,-1.8073634965723566
3.262,-1.8037503001035629
3.2640000000000002,-1.800176817265248
3.266,-1.7966428857396732
3.268,-1.7931483455588357
3.27,-1.7896930390839927
3.2720000000000002,-1.7862768109847416
3.274,-1.7828995082179275
3.276,-1.7795609800083565
3.278,-1.776261077827991
3.2800000000000002,-1.7729996553760707
3.282,-1.7697765685611495
3.284,-1.7665916754802224
3.286,-1.7634448364008117
3.2880000000000003,-1.760335913742591
3.29,-1.7572647720583459
3.292,-1.754231278016356
3.294,-1.7512353003823606
3.2960000000000003,-1.7482767100025898
3.298,-1.74535537978567
3.3,-1.7424711846863663
3.302,-1.739624001687663
3.3040000000000003,-1.736813709785899
3.306,-1.734040189972619
3.308,-1.7313033252200398
3.31,-1.7286030004641242
3.3120000000000003,-1.7259391025894049
3.314,-1.7233115204135432
3.316,-1.720720144672134
3.318,-1.7181648680039399
3.3200000000000003,-1.715645584935315
3.322,-1.7131621918671862
3.324,-1.7107145870595089
3.326,-1.7083026706172098
3.3280000000000003,-1.7059263444769486
3.33,-1.7035855123930403
3.332,-1.7012800799235883
3.334,-1.699009954418055
3.3360000000000003,-1.6967750450033139
3.338,-1.6945752625710022
3.34,-1.6924105197653208
3.342,-1.6902807309694101
3.3440000000000003,-1.6881858122941005
3.346,-1.6861256815645191
3.348,-1.684100258309673
3.35,-1.6821094637490808
3.3520000000000003,-1.6801532207819756
3.354,-1.6782314539755916
3.356,-1.676344089554202
3.358,-1.6744910553873082
3.3600000000000003,-1.6726722809790273
3.362,-1.6708876974574398
3.364,-1.669137237563862
3.366,-1.6674208356420095
3.3680000000000003,-1.6657384276282552
3.37,-1.6640899510408655
3.372,-1.6624753449703369
3.374,-1.6608945500697172
3.3760000000000003,-1.6593475085440479
3.378,-1.657834164141602
3.38,-1.656354462144674
3.382,-1.6549083493589536
3.3840000000000003,-1.6534957741058305
3.386,-1.6521166862128012
3.388,-1.6507710370040796
3.39,-1.6494587792931141
3.3920000000000003,-1.648179867372802
3.394,-1.6469342570077288
3.396,-1.6457219054254404
3.398,-1.644542771308719
3.4000000000000004,-1.6433968147872107
3.402,-1.6422839974289407
3.404,-1.6412042822337205
3.406,-1.6401576336243031
3.4080000000000004,-1.6391440174397154
3.41,-1.6381634009271373
3.412,-1.6372157527346376
3.414,-1.6363010429045566
3.4160000000000004,-1.6354192428657257
3.418,-1.6345703254267894
3.42,-1.633754264769402
3.4219999999999997,-1.6329710364411847
3.424,-1.6322206173492328
3.426,-1.6315029857539924
3.428,-1.6308181212619055
3.4299999999999997,-1.6301660048196616
3.432,-1.629546618708534
3.434,-1.6289599465369253
3.436,-1.6284059732353706
3.4379999999999997,-1.627884685050536
3.44,-1.6273960695389196
3.442,-1.6269401155614975
3.444,-1.626516813278112
3.4459999999999997,-1.6261261541417924
3.448,-1.6257681308934857
3.45,-1.625442737556546
3.452,-1.625149969431846
3.4539999999999997,-1.6248898230919728
3.456,-1.624662296376884
3.458,-1.6244673883888006
3.46,-1.6243050994867503
3.4619999999999997,-1.6241754312824372
3.464,-1.6240783866353203
3.466,-1.6240139696479217
3.468,-1.623982185661243
3.4699999999999998,-1.6239830412505942
3.472,-1.6240165442210406
3.474,-1.624082703602857
3.476,-1.6241815296478452
3.4779999999999998,-1.6243130338247185
3.48,-1.6244772288155482
3.482,-1.6246741285111574
3.484,-1.6249037480078297
3.4859999999999998,-1.6251661036030696
3.488,-1.6254612127920667
3.49,-1.6257890942639739
3.492,-1.6261497678982
3.4939999999999998,-1.6265432547610166
3.496,-1.626969577102051
3.498,-1.627428758350815
3.5,-1.6279208231135023
